,Sn,Bi,In,Ti,Y
0,95.4,1.5,1.5,0.1,18.539346113443518
1,95.3,1.5,1.5,0.2,18.578783659897375
2,95.2,1.5,1.5,0.3,18.617035810019885
3,95.1,1.5,1.5,0.4,18.653719866990375
4,95.0,1.5,1.5,0.5,18.688453203536334
5,94.9,1.5,1.5,0.6,18.720859592287077
6,94.8,1.5,1.5,0.7000000000000001,18.750575709851528
7,95.3,1.6,1.5,0.1,18.59009023361199
8,95.2,1.6,1.5,0.2,18.630381062574
9,95.1,1.6,1.5,0.3,18.66921118693956
10,95.0,1.6,1.5,0.4,18.706180892112364
11,94.9,1.6,1.5,0.5,18.740894172933412
12,94.8,1.6,1.5,0.6,18.772965468569687
13,94.7,1.6,1.5,0.7000000000000001,18.802026494345373
14,95.2,1.7000000000000002,1.5,0.1,18.640592898322236
15,95.1,1.7000000000000002,1.5,0.2,18.68146255016807
16,95.0,1.7000000000000002,1.5,0.3,18.720577730062846
17,94.9,1.7000000000000002,1.5,0.4,18.757524302970197
18,94.8,1.7000000000000002,1.5,0.5,18.791895888590386
19,94.7,1.7000000000000002,1.5,0.6,18.82330095716815
20,94.6,1.7000000000000002,1.5,0.7000000000000001,18.85136993443842
21,95.1,1.8000000000000005,1.5,0.1,18.690321804206484
22,95.0,1.8000000000000005,1.5,0.2,18.731465950565237
23,94.9,1.8000000000000005,1.5,0.3,18.77054573546239
24,94.8,1.8000000000000005,1.5,0.4,18.807135657464432
25,94.7,1.8000000000000005,1.5,0.5,18.840822393652285
26,94.6,1.8000000000000005,1.5,0.6,18.871212202183887
27,94.5,1.8000000000000005,1.5,0.7000000000000001,18.897938235710207
28,95.0,1.9000000000000004,1.5,0.1,18.738707127273685
29,94.9,1.9000000000000004,1.5,0.2,18.779794046004806
30,94.8,1.9000000000000004,1.5,0.3,18.81849344150346
31,94.7,1.9000000000000004,1.5,0.4,18.854371938682355
32,94.6,1.9000000000000004,1.5,0.5,18.887013105928357
33,94.5,1.9000000000000004,1.5,0.6,18.91602509992615
34,94.4,1.9000000000000004,1.5,0.7000000000000001,18.941048113406637
35,94.9,2.0000000000000004,1.5,0.1,18.78514800264744
36,94.8,2.0000000000000004,1.5,0.2,18.82582178121853
37,94.7,2.0000000000000004,1.5,0.3,18.863774947581952
38,94.6,2.0000000000000004,1.5,0.4,18.898570154930646
39,94.5,2.0000000000000004,1.5,0.5,18.929792058449905
40,94.4,2.0000000000000004,1.5,0.6,18.95705512808196
41,94.3,2.0000000000000004,1.5,0.7000000000000001,18.980011147771133
42,94.8,2.1000000000000005,1.5,0.1,18.829020180094364
43,94.7,2.1000000000000005,1.5,0.2,18.868904626771698
44,94.6,2.1000000000000005,1.5,0.3,18.905729253444253
45,94.5,2.1000000000000005,1.5,0.4,18.93905701159914
46,94.4,2.1000000000000005,1.5,0.5,18.968478149177155
47,94.3,2.1000000000000005,1.5,0.6,18.993618107923616
48,94.2,2.1000000000000005,1.5,0.7000000000000001,19.014144983676083
49,94.7,2.2000000000000006,1.5,0.1,18.86968476445137
50,94.6,2.2000000000000006,1.5,0.2,18.9083879862681
51,94.5,2.2000000000000006,1.5,0.3,18.943690287176896
52,94.4,2.2000000000000006,1.5,0.4,18.9751595025907
53,94.3,2.2000000000000006,1.5,0.5,19.00239622781489
54,94.2,2.2000000000000006,1.5,0.6,19.02504170867536
55,94.1,2.2000000000000006,1.5,0.7000000000000001,19.042785166126546
56,94.6,2.3000000000000007,1.5,0.1,18.906497913383614
57,94.5,2.3000000000000007,1.5,0.2,18.943617499282276
58,94.4,2.3000000000000007,1.5,0.3,18.97699775348915
59,94.3,2.3000000000000007,1.5,0.4,19.00621623338905
60,94.2,2.3000000000000007,1.5,0.5,19.03088881330903
61,94.1,2.3000000000000007,1.5,0.6,19.050677470516188
62,94.0,2.3000000000000007,1.5,0.7000000000000001,19.065297372755087
63,94.5,2.400000000000001,1.5,0.1,18.93882132957819
64,94.4,2.400000000000001,1.5,0.2,18.973950057127347
65,94.3,2.400000000000001,1.5,0.3,19.00500860019934
66,94.2,2.400000000000001,1.5,0.4,19.031589255641187
67,94.1,2.400000000000001,1.5,0.5,19.053328205383025
68,94.0,2.400000000000001,1.5,0.6,19.06991309490804
69,93.9,2.400000000000001,1.5,0.7000000000000001,19.08108977947901
70,94.4,2.500000000000001,1.5,0.1,18.96603335181313
71,94.3,2.500000000000001,1.5,0.2,18.998765317184557
72,94.2,2.500000000000001,1.5,0.3,19.027108871208767
73,94.1,2.500000000000001,1.5,0.4,19.05067616571942
74,94.0,2.500000000000001,1.5,0.5,19.06912872871266
75,93.9,2.500000000000001,1.5,0.6,19.082184729233546
76,93.8,2.500000000000001,1.5,0.7000000000000001,19.089625277199183
77,94.3,2.600000000000001,1.5,0.1,18.98754042062828
78,94.2,2.600000000000001,1.5,0.2,19.01747747479492
79,94.1,2.600000000000001,1.5,0.3,19.042725689961483
80,94.0,2.600000000000001,1.5,0.4,19.062922198307945
81,93.9,2.600000000000001,1.5,0.5,19.077758830174666
82,93.8,2.600000000000001,1.5,0.6,19.08698895816383
83,93.7,2.600000000000001,1.5,0.7000000000000001,19.090433246742446
84,94.2,2.700000000000001,1.5,0.1,19.002788670781914
85,94.1,2.700000000000001,1.5,0.2,19.029547030823444
86,94.0,2.700000000000001,1.5,0.3,19.051339099564093
87,93.9,2.700000000000001,1.5,0.4,19.067832031677664
88,93.8,2.700000000000001,1.5,0.5,19.078752738990772
89,93.7,2.700000000000001,1.5,0.6,19.08389420759747
90,93.6,2.700000000000001,1.5,0.7000000000000001,19.08312059690584
91,94.1,2.800000000000001,1.5,0.1,19.011275385392672
92,94.0,2.800000000000001,1.5,0.2,19.034492278972042
93,93.9,2.800000000000001,1.5,0.3,19.052493475314847
94,93.8,2.800000000000001,1.5,0.4,19.064981014802168
95,93.7,2.800000000000001,1.5,0.5,19.071721397238036
96,93.6,2.800000000000001,1.5,0.6,19.072551268998822
97,93.5,2.800000000000001,1.5,0.7000000000000001,19.067381776888194
98,94.0,2.900000000000001,1.5,0.1,19.0125600365479
99,93.9,2.900000000000001,1.5,0.2,19.031900230552925
100,93.8,2.900000000000001,1.5,0.3,19.045808223065176
101,93.7,2.900000000000001,1.5,0.4,19.054025528403074
102,93.6,2.900000000000001,1.5,0.5,19.056362374545795
103,93.5,2.900000000000001,1.5,0.6,19.05270266280364
104,93.4,2.900000000000001,1.5,0.7000000000000001,19.04300748972319
105,93.9,3.0000000000000013,1.5,0.1,19.006274634888197
106,93.8,3.0000000000000013,1.5,0.2,19.02143669630071
107,93.7,3.0000000000000013,1.5,0.3,19.030987483039645
108,93.6,3.0000000000000013,1.5,0.4,19.034712202678847
109,93.5,3.0000000000000013,1.5,0.5,19.032468495978076
110,93.4,3.0000000000000013,1.5,0.6,19.0241905792222
111,93.3,3.0000000000000013,1.5,0.7000000000000001,19.009891857362476
112,93.8,3.1000000000000014,1.5,0.1,18.992133116671052
113,93.7,3.1000000000000014,1.5,0.2,19.002855255177813
114,93.6,3.1000000000000014,1.5,0.3,19.007828573600353
115,93.5,3.1000000000000014,1.5,0.4,19.006885733838104
116,93.4,3.1000000000000014,1.5,0.5,18.999934935917217
117,93.3,3.1000000000000014,1.5,0.6,18.986963162897638
118,93.2,3.1000000000000014,1.5,0.7000000000000001,18.9680378202777
119,93.7,3.200000000000001,1.5,0.1,18.9699395111992
120,93.6,3.200000000000001,1.5,0.2,18.976004858986464
121,93.5,3.200000000000001,1.5,0.3,18.97622893277256
122,93.4,3.200000000000001,1.5,0.4,18.970495069276083
123,93.3,3.200000000000001,1.5,0.5,18.95876456270308
124,93.2,3.200000000000001,1.5,0.6,18.941078943792352
125,93.1,3.200000000000001,1.5,0.7000000000000001,18.91756059402152
126,93.6,3.3000000000000016,1.5,0.1,18.93959465409242
127,93.5,3.3000000000000016,1.5,0.2,18.940835848601115
128,93.4,3.3000000000000016,1.5,0.3,18.936191346644428
129,93.3,3.3000000000000016,1.5,0.4,18.92559776663333
130,93.2,3.3000000000000016,1.5,0.5,18.909071358016533
131,93.1,3.3000000000000016,1.5,0.6,18.886709259399048
132,93.0,3.3000000000000016,1.5,0.7000000000000001,18.858689050989224
133,93.5,3.4000000000000017,1.5,0.1,18.90110124219563
134,93.4,3.4000000000000017,1.5,0.2,18.897404192126366
135,93.3,3.4000000000000017,1.5,0.3,18.88782729220567
136,93.2,3.4000000000000017,1.5,0.4,18.872362374093676
137,93.1,3.4000000000000017,1.5,0.5,18.85108178041353
138,93.0,3.4000000000000017,1.5,0.6,18.824138561658135
139,92.9,3.4000000000000017,1.5,0.7000000000000001,18.7917649462857
140,93.4,3.5000000000000018,1.5,0.1,18.854567063167103
141,93.3,3.5000000000000018,1.5,0.2,18.84587379632779
142,93.2,3.5000000000000018,1.5,0.3,18.831358266707294
143,93.1,3.5000000000000018,1.5,0.4,18.811068726884297
144,93.0,3.5000000000000018,1.5,0.5,18.785133992659713
145,92.9,3.5000000000000018,1.5,0.6,18.75376255433932
146,92.8,3.5000000000000018,1.5,0.7000000000000001,18.71723996056236
147,93.3,3.600000000000002,1.5,0.1,18.800206275921745
148,93.2,3.600000000000002,1.5,0.2,18.78651678907669
149,93.1,3.600000000000002,1.5,0.3,18.767115024875952
150,93.0,3.600000000000002,1.5,0.4,18.742106106583762
151,92.9,3.600000000000002,1.5,0.5,18.711674926031996
152,92.8,3.600000000000002,1.5,0.6,18.67608416147574
153,92.7,3.600000000000002,1.5,0.7000000000000001,18.63567058824364
154,93.2,3.700000000000002,1.5,0.1,18.73833866582528
155,93.1,3.700000000000002,1.5,0.2,18.719711720881083
156,93.0,3.700000000000002,1.5,0.3,18.69553469777901
157,92.9,3.700000000000002,1.5,0.4,18.66596926390914
158,92.8,3.700000000000002,1.5,0.5,18.631255209854203
159,92.7,3.700000000000002,1.5,0.6,18.59170738298123
160,92.6,3.700000000000002,1.5,0.7000000000000001,18.54771095493971
161,93.1,3.800000000000002,1.5,0.1,18.669386849368887
162,93.0,3.800000000000002,1.5,0.2,18.645939686268182
163,92.9,3.800000000000002,1.5,0.3,18.617155821152835
164,92.8,3.800000000000002,1.5,0.4,18.58325236042145
165,92.7,3.800000000000002,1.5,0.5,18.54452204945886
166,92.6,3.800000000000002,1.5,0.6,18.50132914805775
167,92.5,3.800000000000002,1.5,0.7000000000000001,18.454103701267627
168,93.0,3.900000000000002,1.5,0.1,18.593871455393614
169,92.9,3.900000000000002,1.5,0.2,18.565778419162136
170,92.8,3.900000000000002,1.5,0.3,18.53261135485084
171,92.7,3.900000000000002,1.5,0.4,18.494640938305196
172,92.6,3.900000000000002,1.5,0.5,18.45221018875506
173,92.5,3.900000000000002,1.5,0.6,18.40572932866454
174,92.4,3.900000000000002,1.5,0.7000000000000001,18.35566912006807
175,92.9,4.000000000000002,1.5,0.1,18.512404362105848
176,92.8,4.000000000000002,1.5,0.2,18.47989446875261
177,92.7,4.000000000000002,1.5,0.3,18.442619827011267
178,92.6,4.000000000000002,1.5,0.4,18.400902078319163
179,92.5,4.000000000000002,1.5,0.5,18.355131142938077
180,92.4,4.000000000000002,1.5,0.6,18.305759122527274
181,92.3,4.000000000000002,1.5,0.7000000000000001,18.253292778535688
182,92.8,4.100000000000002,1.5,0.1,18.425680119452228
183,92.7,4.100000000000002,1.5,0.2,18.389033611994147
184,92.6,4.100000000000002,1.5,0.3,18.347974784923164
185,92.5,4.100000000000002,1.5,0.4,18.302872952558126
186,92.4,4.100000000000002,1.5,0.5,18.254160931034892
187,92.3,4.100000000000002,1.5,0.6,18.202328056431867
188,92.2,4.100000000000002,1.5,0.7000000000000001,18.147911894692736
189,92.7,4.200000000000003,1.5,0.1,18.334465733291864
190,92.6,4.200000000000003,1.5,0.2,18.29400970422811
191,92.5,4.200000000000003,1.5,0.3,18.249532777849115
192,92.4,4.200000000000003,1.5,0.4,18.201448019343697
193,92.3,4.200000000000003,1.5,0.5,18.150226575569434
194,92.2,4.200000000000003,1.5,0.6,18.096389894607356
195,92.1,4.200000000000003,1.5,0.7000000000000001,18.0405007677873
196,92.6,4.3000000000000025,1.5,0.1,18.239589029726446
197,92.5,4.3000000000000025,1.5,0.2,18.195692209051057
198,92.4,4.3000000000000025,1.5,0.3,18.148200133895433
199,92.3,4.3000000000000025,1.5,0.4,18.09756514112968
200,92.2,4.3000000000000025,1.5,0.5,18.04429166651654
201,92.1,4.3000000000000025,1.5,0.6,17.98892776285274
202,92.0,4.3000000000000025,1.5,0.7000000000000001,17.932055583728896
203,92.5,4.400000000000002,1.5,0.1,18.141925853618623
204,92.4,4.400000000000002,1.5,0.2,18.094992681245955
205,92.3,4.400000000000002,1.5,0.3,18.04491882229468
206,92.2,4.400000000000002,1.5,0.4,17.99219093177193
207,92.1,4.400000000000002,1.5,0.5,17.937341308042015
208,92.0,4.400000000000002,1.5,0.6,17.880938815997606
209,91.9,4.400000000000002,1.5,0.7000000000000001,17.823578929032884
210,92.4,4.500000000000003,1.5,0.1,18.042386383666024
211,92.3,4.500000000000003,1.5,0.2,17.992850501381888
212,92.2,4.500000000000003,1.5,0.3,17.940651713342593
213,92.1,4.500000000000003,1.5,0.4,17.886305656177804
214,92.0,4.500000000000003,1.5,0.5,17.83036677875008
215,91.9,4.500000000000003,1.5,0.6,17.773418783913648
216,91.8,4.500000000000003,1.5,0.7000000000000001,17.71606434970183
217,92.3,4.600000000000003,1.5,0.1,17.941900866592807
218,92.2,4.600000000000003,1.5,0.2,17.89021817689317
219,92.1,4.600000000000003,1.5,0.3,17.836367560175187
220,92.0,4.600000000000003,1.5,0.4,17.780888012831927
221,91.9,4.600000000000003,1.5,0.5,17.724350239050523
222,91.8,4.600000000000003,1.5,0.6,17.66734672954775
223,91.7,4.600000000000003,1.5,0.7000000000000001,17.6104812851188
224,92.2,4.700000000000003,1.5,0.1,17.84140508455089
225,92.1,4.700000000000003,1.5,0.2,17.788046531694977
226,92.0,4.700000000000003,1.5,0.3,17.733026029360843
227,91.9,4.700000000000003,1.5,0.4,17.676900127925173
228,91.8,4.700000000000003,1.5,0.5,17.62024981290937
229,91.7,4.700000000000003,1.5,0.6,17.56367034157575
230,91.6,4.700000000000003,1.5,0.7000000000000001,17.507760691765984
231,92.1,4.8000000000000025,1.5,0.1,17.74182587247502
232,92.0,4.8000000000000025,1.5,0.2,17.68727010461767
233,91.9,4.8000000000000025,1.5,0.3,17.631563101006158
234,91.8,4.8000000000000025,1.5,0.4,17.57527307904214
235,91.7,4.8000000000000025,1.5,0.5,17.518985356058714
236,91.6,4.8000000000000025,1.5,0.6,17.463292064826845
237,91.5,4.8000000000000025,1.5,0.7000000000000001,17.40878164810043
238,92.0,4.900000000000003,1.5,0.1,17.644066996000227
239,91.9,4.900000000000003,1.5,0.2,17.588793066387137
240,91.8,4.900000000000003,1.5,0.3,17.53287714412912
241,91.7,4.900000000000003,1.5,0.4,17.47689324712897
242,91.6,4.900000000000003,1.5,0.5,17.42142519939624
243,91.5,4.900000000000003,1.5,0.6,17.367056344418767
244,91.4,4.900000000000003,1.5,0.7000000000000001,17.31435920115169
245,91.9,5.000000000000004,1.5,0.1,17.548995686009093
246,91.8,5.000000000000004,1.5,0.2,17.493475946074096
247,91.7,5.000000000000004,1.5,0.3,17.43781595010931
248,91.6,5.000000000000004,1.5,0.4,17.38258976857506
249,91.5,5.000000000000004,1.5,0.5,17.328374125735856
250,91.4,5.000000000000004,1.5,0.6,17.27573822561585
251,91.3,5.000000000000004,1.5,0.7000000000000001,17.225233678501155
252,91.8,5.100000000000003,1.5,0.1,17.457430103584052
253,91.7,5.100000000000003,1.5,0.2,17.402123431669896
254,91.6,5.100000000000003,1.5,0.3,17.347164976998236
255,91.5,5.100000000000003,1.5,0.4,17.293123325732754
256,91.4,5.100000000000003,1.5,0.5,17.240562801412594
257,91.3,5.100000000000003,1.5,0.6,17.190033512006668
258,91.2,5.100000000000003,1.5,0.7000000000000001,17.142061647559274
259,91.7,5.200000000000003,1.5,0.1,17.370127979985412
260,91.6,5.200000000000003,1.5,0.2,17.315473476728222
261,91.5,5.200000000000003,1.5,0.3,17.261637021481764
262,91.4,5.200000000000003,1.5,0.4,17.20917647527914
263,91.3,5.200000000000003,1.5,0.5,17.158638842794865
264,91.2,5.200000000000003,1.5,0.6,17.11055064105137
265,91.1,5.200000000000003,1.5,0.7000000000000001,17.065408658883346
266,91.6,5.300000000000003,1.5,0.1,17.28777664134433
267,91.5,5.300000000000003,1.5,0.2,17.234187907027167
268,91.4,5.300000000000003,1.5,0.3,17.181863494600048
269,91.3,5.300000000000003,1.5,0.4,17.13134567083913
270,91.2,5.300000000000003,1.5,0.5,17.083159652910094
271,91.1,5.300000000000003,1.5,0.6,17.037804389809384
272,91.0,5.300000000000003,1.5,0.7000000000000001,16.995743863134418
273,91.5,5.400000000000004,1.5,0.1,17.210984588286674
274,91.4,5.400000000000004,1.5,0.2,17.158844679263428
275,91.3,5.400000000000004,1.5,0.3,17.108387433324022
276,91.2,5.400000000000004,1.5,0.4,17.06013509065567
277,91.1,5.400000000000004,1.5,0.5,17.014587116596516
278,91.0,5.400000000000004,1.5,0.6,16.972211476187685
279,90.9,5.400000000000004,1.5,0.7000000000000001,16.933436543611606
280,91.4,5.500000000000004,1.5,0.1,17.140274758019427
281,91.3,5.500000000000004,1.5,0.2,17.08993189927803
282,91.2,5.500000000000004,1.5,0.3,17.041658334181516
283,91.1,5.500000000000004,1.5,0.4,16.995952334255378
284,91.0,5.500000000000004,1.5,0.5,16.953284195300817
285,90.9,5.500000000000004,1.5,0.6,16.914088073780288
286,90.8,5.500000000000004,1.5,0.7000000000000001,16.8787545595333
287,95.3,1.5,1.6,0.1,18.60409923002317
288,95.2,1.5,1.6,0.2,18.645289644061382
289,95.1,1.5,1.6,0.3,18.685017879177895
290,95.0,1.5,1.6,0.4,18.72287731260177
291,94.9,1.5,1.6,0.5,18.758464742665453
292,94.8,1.5,1.6,0.6,18.791387217781786
293,94.7,1.5,1.6,0.7000000000000001,18.821268970736693
294,95.20000000000002,1.6,1.6,0.1,18.657373707352455
295,95.1,1.6,1.6,0.2,18.699271125904126
296,95.0,1.6,1.6,0.3,18.73940630608286
297,94.9,1.6,1.6,0.4,18.777356920177336
298,94.8,1.6,1.6,0.5,18.812708145796364
299,94.70000000000002,1.6,1.6,0.6,18.845059877702052
300,94.6,1.6,1.6,0.7000000000000001,18.874033956771786
301,95.1,1.7000000000000002,1.6,0.1,18.710119764404094
302,95.0,1.7000000000000002,1.6,0.2,18.75242076038623
303,94.9,1.7000000000000002,1.6,0.3,18.792641832867623
304,94.8,1.7000000000000002,1.6,0.4,18.830347959037063
305,94.7,1.7000000000000002,1.6,0.5,18.865116105739094
306,94.6,1.7000000000000002,1.6,0.6,18.896542771178247
307,94.5,1.7000000000000002,1.6,0.7000000000000001,18.92425144459841
308,95.0,1.8000000000000005,1.6,0.1,18.76175829042569
309,94.9,1.8000000000000005,1.6,0.2,18.804129869614872
310,94.8,1.8000000000000005,1.6,0.3,18.844088987756834
311,94.7,1.8000000000000005,1.6,0.4,18.881191398792193
312,94.6,1.8000000000000005,1.6,0.5,18.915009695458828
313,94.5,1.8000000000000005,1.6,0.6,18.94514111711156
314,94.4,1.8000000000000005,1.6,0.7000000000000001,18.971215166176812
315,94.9,1.9000000000000004,1.6,0.1,18.811674102327295
316,94.8,1.9000000000000004,1.6,0.2,18.853756714475743
317,94.7,1.9000000000000004,1.6,0.3,18.89308277225778
318,94.6,1.9000000000000004,1.6,0.4,18.929202713891577
319,94.5,1.9000000000000004,1.6,0.5,18.961688984284148
320,94.4,1.9000000000000004,1.6,0.6,18.990144034867928
321,94.3,1.9000000000000004,1.6,0.7000000000000001,19.01420801362936
322,94.8,2.0000000000000004,1.6,0.1,18.85922336523522
323,94.7,2.0000000000000004,1.6,0.2,18.90063466213505
324,94.6,2.0000000000000004,1.6,0.3,18.938937548195753
325,94.5,2.0000000000000004,1.6,0.4,18.97368145074203
326,94.4,2.0000000000000004,1.6,0.5,19.004443233871083
327,94.3,2.0000000000000004,1.6,0.6,19.0308353065903
328,94.2,2.0000000000000004,1.6,0.7000000000000001,19.05251329498536
329,94.70000000000002,2.1000000000000005,1.6,0.1,18.903742200269612
330,94.6,2.1000000000000005,1.6,0.2,18.944081507303252
331,94.5,2.1000000000000005,1.6,0.3,18.980957030327552
332,94.4,2.1000000000000005,1.6,0.4,19.013921837623702
333,94.3,2.1000000000000005,1.6,0.5,19.04256206001643
334,94.20000000000002,2.1000000000000005,1.6,0.6,19.066505015006154
335,94.1,2.1000000000000005,1.6,0.7000000000000001,19.085426762720616
336,94.6,2.2000000000000006,1.6,0.1,18.944556364811472
337,94.5,2.2000000000000006,1.6,0.2,18.983409811116196
338,94.4,2.2000000000000006,1.6,0.3,19.018445227127216
339,94.3,2.2000000000000006,1.6,0.4,19.049224259251037
340,94.2,2.2000000000000006,1.6,0.5,19.07534736232165
341,94.1,2.2000000000000006,1.6,0.6,19.09646184014602
342,94.0,2.2000000000000006,1.6,0.7000000000000001,19.112269181539702
343,94.5,2.3000000000000007,1.6,0.1,18.980991852739802
344,94.4,2.3000000000000007,1.6,0.2,19.017938083980997
345,94.3,2.3000000000000007,1.6,0.3,19.05071813559002
346,94.2,2.3000000000000007,1.6,0.4,19.078907382335807
347,94.1,2.3000000000000007,1.6,0.5,19.102125789956826
348,94.0,2.3000000000000007,1.6,0.6,19.12004576685194
349,93.9,2.3000000000000007,1.6,0.7000000000000001,19.13239917297399
350,94.4,2.400000000000001,1.6,0.1,19.012386226449042
351,94.3,2.400000000000001,1.6,0.2,19.04700260407359
352,94.2,2.400000000000001,1.6,0.3,19.077115962744735
353,94.1,2.400000000000001,1.6,0.4,19.102320687342193
354,94.0,2.400000000000001,1.6,0.5,19.122261483064626
355,93.9,2.400000000000001,1.6,0.6,19.136640929141365
356,93.8,2.400000000000001,1.6,0.7000000000000001,19.145226051847224
357,94.3,2.500000000000001,1.6,0.1,19.03810046026416
358,94.2,2.500000000000001,1.6,0.2,19.069969632733056
359,94.1,2.500000000000001,1.6,0.3,19.09701561835317
360,94.0,2.500000000000001,1.6,0.4,19.11885713610364
361,93.9,2.500000000000001,1.6,0.5,19.13516880694273
362,93.8,2.500000000000001,1.6,0.6,19.14568829859168
363,93.7,2.500000000000001,1.6,0.7000000000000001,19.150222354592273
364,94.20000000000002,2.600000000000001,1.6,0.1,19.05753104747354
365,94.1,2.600000000000001,1.6,0.2,19.086247763063483
366,94.0,2.600000000000001,1.6,0.3,19.10984320125396
367,93.9,2.600000000000001,1.6,0.4,19.127965686276116
368,93.8,2.600000000000001,1.6,0.5,19.140324781141906
369,93.70000000000002,2.600000000000001,1.6,0.6,19.146697912915318
370,93.6,2.600000000000001,1.6,0.7000000000000001,19.14693575265908
371,94.1,2.700000000000001,1.6,0.1,19.070122101805264
372,94.0,2.700000000000001,1.6,0.2,19.095300119778532
373,93.9,2.700000000000001,1.6,0.3,19.115086187050224
374,93.8,2.700000000000001,1.6,0.4,19.129163352712062
375,93.7,2.700000000000001,1.6,0.5,19.137280898885013
376,93.6,2.700000000000001,1.6,0.6,19.139260338545018
377,93.5,2.700000000000001,1.6,0.7000000000000001,19.13500004643513
378,94.0,2.800000000000001,1.6,0.1,19.075377169825504
379,93.9,2.800000000000001,1.6,0.2,19.09665611766676
380,93.8,2.800000000000001,1.6,0.3,19.112305018201805
381,93.7,2.800000000000001,1.6,0.4,19.122046513487803
382,93.6,2.800000000000001,1.6,0.5,19.125674034347046
383,93.5,2.800000000000001,1.6,0.6,19.123057067793994
384,93.4,2.800000000000001,1.6,0.7000000000000001,19.114144946497944
385,93.9,2.900000000000001,1.6,0.1,19.072870464271055
386,93.8,2.900000000000001,1.6,0.2,19.089922483734195
387,93.7,2.900000000000001,1.6,0.3,19.101143799652014
388,93.6,2.900000000000001,1.6,0.4,19.10630116495068
389,93.5,2.900000000000001,1.6,0.5,19.10523614663105
390,93.4,2.900000000000001,1.6,0.6,19.09786956712628
391,93.3,2.900000000000001,1.6,0.7000000000000001,19.0842043695969
392,93.8,3.0000000000000013,1.6,0.1,19.062257230313044
393,93.7,3.0000000000000013,1.6,0.2,19.07479325453258
394,93.6,3.0000000000000013,1.6,0.3,19.08133981418457
395,93.5,3.0000000000000013,1.6,0.4,19.081711845900955
396,93.4,3.0000000000000013,1.6,0.5,19.075802509692664
397,93.3,3.0000000000000013,1.6,0.6,19.06358671806221
398,93.2,3.0000000000000013,1.6,0.7000000000000001,19.04512300614187
399,93.70000000000002,3.1000000000000014,1.6,0.1,19.04328296746897
400,93.6,3.1000000000000014,1.6,0.2,19.051058475535683
401,93.5,3.1000000000000014,1.6,0.3,19.052731591735363
402,93.4,3.1000000000000014,1.6,0.4,19.048168975685236
403,93.3,3.1000000000000014,1.6,0.5,19.03731822663461
404,93.20000000000002,3.1000000000000014,1.6,0.6,19.020210425709607
405,93.1,3.1000000000000014,1.6,0.7000000000000001,18.99696095344868
406,93.6,3.200000000000001,1.6,0.1,19.015791249303245
407,93.5,3.200000000000001,1.6,0.2,19.018611353485824
408,93.4,3.200000000000001,1.6,0.3,19.01526529551007
409,93.3,3.200000000000001,1.6,0.4,19.00567438401728
410,93.2,3.200000000000001,1.6,0.5,18.989842824006985
411,93.1,3.200000000000001,1.6,0.6,18.967859210984642
412,93.0,3.200000000000001,1.6,0.7000000000000001,18.939896253533746
413,93.5,3.3000000000000016,1.6,0.1,18.979729910828677
414,93.4,3.3000000000000016,1.6,0.2,18.977453644875986
415,93.3,3.3000000000000016,1.6,0.3,18.968999224291665
416,93.2,3.3000000000000016,1.6,0.4,18.954344850901425
417,93.1,3.3000000000000016,1.6,0.5,18.933552765993635
418,93.0,3.3000000000000016,1.6,0.6,18.906769650102863
419,92.9,3.3000000000000016,1.6,0.7000000000000001,18.874225224561883
420,93.4,3.4000000000000017,1.6,0.1,18.935155408972776
421,93.3,3.4000000000000017,1.6,0.2,18.927699103323615
422,93.2,3.4000000000000017,1.6,0.3,18.914106273764062
423,93.1,3.4000000000000017,1.6,0.4,18.89441352196348
424,93.0,3.4000000000000017,1.6,0.5,18.868741778347733
425,92.9,3.4000000000000017,1.6,0.6,18.837295577460615
426,92.8,3.4000000000000017,1.6,0.7000000000000001,18.800360529601125
427,93.3,3.5000000000000018,1.6,0.1,18.882235203635442
428,93.2,3.5000000000000018,1.6,0.2,18.86957485440722
429,93.1,3.5000000000000018,1.6,0.3,18.850874248760558
430,93.0,3.5000000000000018,1.6,0.4,18.826229116390696
431,92.9,3.5000000000000018,1.6,0.5,18.795818926138402
432,92.8,3.5000000000000018,1.6,0.6,18.759905023967608
433,92.7,3.5000000000000018,1.6,0.7000000000000001,18.71882698342275
434,93.2,3.600000000000002,1.6,0.1,18.821248054506235
435,93.1,3.600000000000002,1.6,0.2,18.803420617205873
436,93.0,3.600000000000002,1.6,0.3,18.77970397157302
437,92.9,3.600000000000002,1.6,0.4,18.75025289994239
438,92.8,3.600000000000002,1.6,0.5,18.715304446091718
439,92.7,3.600000000000002,1.6,0.6,18.675174920468592
440,92.6,3.600000000000002,1.6,0.7000000000000001,18.630255155892552
441,93.1,3.700000000000002,1.6,0.1,18.75258218047778
442,93.0,3.700000000000002,1.6,0.2,18.729685745737857
443,92.9,3.700000000000002,1.6,0.3,18.701105187165517
444,92.8,3.700000000000002,1.6,0.4,18.667053452373068
445,92.7,3.700000000000002,1.6,0.5,18.62782339175227
446,92.6,3.700000000000002,1.6,0.6,18.583783653270768
447,92.5,3.700000000000002,1.6,0.7000000000000001,18.53537288718315
448,93.0,3.800000000000002,1.6,0.1,18.676731282570525
449,92.9,3.800000000000002,1.6,0.2,18.648924119034785
450,92.8,3.800000000000002,1.6,0.3,18.615690322554073
451,92.7,3.800000000000002,1.6,0.4,18.577299315295015
452,92.6,3.800000000000002,1.6,0.5,18.53409720601818
453,92.5,3.800000000000002,1.6,0.6,18.48650161413636
454,92.4,3.800000000000002,1.6,0.7000000000000001,18.434994883783062
455,92.9,3.900000000000002,1.6,0.1,18.594288486052672
456,92.8,3.900000000000002,1.6,0.2,18.561786963937443
457,92.7,3.900000000000002,1.6,0.3,18.52416621293654
458,92.6,3.900000000000002,1.6,0.4,18.4817496611809
459,92.5,3.900000000000002,1.6,0.5,18.43493338901043
460,92.4,3.900000000000002,1.6,0.6,18.384179938639395
461,92.3,3.900000000000002,1.6,0.7000000000000001,18.330010613379308
462,92.8,4.000000000000002,1.6,0.1,18.50593831114323
463,92.7,4.000000000000002,1.6,0.2,18.46901374808457
464,92.6,4.000000000000002,1.6,0.3,18.427323959609435
465,92.5,4.000000000000002,1.6,0.4,18.381243175122258
466,92.4,4.000000000000002,1.6,0.5,18.331213478025695
467,92.3,4.000000000000002,1.6,0.6,18.27773767289412
468,92.2,4.000000000000002,1.6,0.7000000000000001,18.22137075960702
469,92.7,4.100000000000002,1.6,0.1,18.41244683260278
470,92.6,4.100000000000002,1.6,0.2,18.371421330277233
471,92.5,4.100000000000002,1.6,0.3,18.32602713262313
472,92.4,4.100000000000002,1.6,0.4,18.27668538650431
473,92.3,4.100000000000002,1.6,0.5,18.223879598962718
474,92.2,4.100000000000002,1.6,0.6,18.168147647908047
475,92.1,4.100000000000002,1.6,0.7000000000000001,18.110072533079638
476,92.6,4.200000000000003,1.6,0.1,18.314650235022523
477,92.5,4.200000000000003,1.6,0.2,18.269891599865918
478,92.4,4.200000000000003,1.6,0.3,18.221198572996084
479,92.3,4.200000000000003,1.6,0.4,18.169034726519012
480,92.2,4.200000000000003,1.6,0.5,18.113919883797678
481,92.1,4.200000000000003,1.6,0.6,18.05642137201709
482,92.0,4.200000000000003,1.6,0.7000000000000001,17.997144161999113
483,92.5,4.3000000000000025,1.6,0.1,18.213442011255523
484,92.4,4.3000000000000025,1.6,0.2,18.16535787464058
485,92.3,4.3000000000000025,1.6,0.3,18.113806083851927
486,92.2,4.3000000000000025,1.6,0.4,18.05928761824846
487,92.1,4.3000000000000025,1.6,0.5,18.00235307538206
488,92.0,4.3000000000000025,1.6,0.6,17.943593274135598
489,91.9,4.3000000000000025,1.6,0.7000000000000001,17.8836289032632
490,92.4,4.400000000000002,1.6,0.1,18.109759084947292
491,92.3,4.400000000000002,1.6,0.2,18.05879035676826
492,92.2,4.400000000000002,1.6,0.3,18.004847326042405
493,92.1,4.400000000000002,1.6,0.4,17.94846292803278
494,92.0,4.400000000000002,1.6,0.5,17.8902126583195
495,91.9,4.400000000000002,1.6,0.6,17.830704643331014
496,91.8,4.400000000000002,1.6,0.7000000000000001,17.770568922934768
497,92.3,4.500000000000003,1.6,0.1,18.00456716352992
498,92.2,4.500000000000003,1.6,0.2,17.951180967758493
499,92.1,4.500000000000003,1.6,0.3,17.895334250959746
500,92.0,4.500000000000003,1.6,0.4,17.837586119428828
501,91.9,4.500000000000003,1.6,0.5,17.778530862543374
502,91.8,4.500000000000003,1.6,0.6,17.71878761327704
503,91.7,4.500000000000003,1.6,0.7000000000000001,17.65898939314666
504,92.2,4.600000000000003,1.6,0.1,17.898845644649185
505,92.1,4.600000000000003,1.6,0.2,17.843527895696
506,92.0,4.600000000000003,1.6,0.3,17.786277410930875
507,91.9,4.600000000000003,1.6,0.4,17.72767345403488
508,91.8,4.600000000000003,1.6,0.5,17.66832288439914
509,91.7,4.600000000000003,1.6,0.6,17.60884953354718
510,91.6,4.600000000000003,1.6,0.7000000000000001,17.549883141245395
511,92.1,4.700000000000003,1.6,0.1,17.793572406415873
512,92.0,4.700000000000003,1.6,0.2,17.73682019083665
513,91.9,4.700000000000003,1.6,0.3,17.678670485755845
514,91.8,4.700000000000003,1.6,0.4,17.619716576900345
515,91.7,4.700000000000003,1.6,0.5,17.5605716587923
516,91.6,4.700000000000003,1.6,0.6,17.50185805390078
517,91.5,4.700000000000003,1.6,0.7000000000000001,17.444196166797905
518,92.0,4.8000000000000025,1.6,0.1,17.689708810048412
519,91.9,4.8000000000000025,1.6,0.2,17.632022739211614
520,91.8,4.8000000000000025,1.6,0.3,17.573475352861532
521,91.7,4.8000000000000025,1.6,0.4,17.514667808572195
522,91.6,4.8000000000000025,1.6,0.5,17.456213495862347
523,91.5,4.8000000000000025,1.6,0.6,17.398727223398907
524,91.4,4.8000000000000025,1.6,0.7000000000000001,17.342814313842588
525,91.9,4.900000000000003,1.6,0.1,17.588185232653014
526,91.8,4.900000000000003,1.6,0.2,17.530061928532604
527,91.7,4.900000000000003,1.6,0.3,17.47160800874667
528,91.6,4.900000000000003,1.6,0.4,17.41342644175605
529,91.5,4.900000000000003,1.6,0.5,17.356124867529225
530,91.4,4.900000000000003,1.6,0.6,17.30030487433619
531,91.3,4.900000000000003,1.6,0.7000000000000001,17.246551350546703
532,91.8,5.000000000000004,1.6,0.1,17.489887428614207
533,91.7,5.000000000000004,1.6,0.2,17.431812297128662
534,91.6,5.000000000000004,1.6,0.3,17.37392562172618
535,91.5,5.000000000000004,1.6,0.4,17.31682630905216
536,91.4,5.000000000000004,1.6,0.5,17.261110594208972
537,91.3,5.000000000000004,1.6,0.6,17.20736152277471
538,91.2,5.000000000000004,1.6,0.7000000000000001,17.156138667506976
539,91.7,5.100000000000003,1.6,0.1,17.395643991151715
540,91.6,5.100000000000003,1.6,0.2,17.338084425811978
541,91.5,5.100000000000003,1.6,0.3,17.28121496150523
542,91.4,5.100000000000003,1.6,0.4,17.22562485043463
543,91.3,5.100000000000003,1.6,0.5,17.17189364128077
544,91.2,5.100000000000003,1.6,0.6,17.120580974261397
545,91.1,5.100000000000003,1.6,0.7000000000000001,17.072216760710774
546,91.6,5.200000000000003,1.6,0.1,17.306215152072173
547,91.5,5.200000000000003,1.6,0.2,17.249614295615473
548,91.4,5.200000000000003,1.6,0.3,17.19418241107201
549,91.3,5.200000000000003,1.6,0.4,17.140493866413138
550,91.2,5.200000000000003,1.6,0.5,17.089106689908387
551,91.1,5.200000000000003,1.6,0.6,17.04055277655865
552,91.0,5.200000000000003,1.6,0.7000000000000001,16.995328617152353
553,91.5,5.300000000000003,1.6,0.1,17.222283118821217
554,91.4,5.300000000000003,1.6,0.2,17.1670542925705
555,91.3,5.300000000000003,1.6,0.3,17.113445722176124
556,91.2,5.300000000000003,1.6,0.4,17.062012096587036
557,91.1,5.300000000000003,1.6,0.5,17.01328559905984
558,91.0,5.300000000000003,1.6,0.6,16.967766612427834
559,90.9,5.300000000000003,1.6,0.7000000000000001,16.925915071786367
560,91.4,5.400000000000004,1.6,0.1,17.144444104963856
561,91.3,5.400000000000004,1.6,0.2,17.090965995510704
562,91.2,5.400000000000004,1.6,0.3,17.03952762871356
563,91.1,5.400000000000004,1.6,0.4,16.990659715066624
564,91.0,5.400000000000004,1.6,0.5,16.944864826538705
565,90.9,5.400000000000004,1.6,0.6,16.9026086761814
566,90.8,5.400000000000004,1.6,0.7000000000000001,16.86431215538814
567,91.3,5.500000000000004,1.6,0.1,17.07320216460958
568,91.2,5.500000000000004,1.6,0.2,17.021814835754704
569,91.1,5.500000000000004,1.6,0.3,16.97285138415307
570,91.0,5.500000000000004,1.6,0.4,16.926814785484723
571,90.9,5.500000000000004,1.6,0.5,16.884174828016295
572,90.8,5.500000000000004,1.6,0.6,16.84536002931622
573,90.7,5.500000000000004,1.6,0.7000000000000001,16.810750405386603
574,95.2,1.5,1.7000000000000002,0.1,18.671312181384256
575,95.1,1.5,1.7000000000000002,0.2,18.714097613566338
576,95.0,1.5,1.7000000000000002,0.3,18.75511883389391
577,94.9,1.5,1.7000000000000002,0.4,18.7939467183161
578,94.8,1.5,1.7000000000000002,0.5,18.83015937422301
579,94.7,1.5,1.7000000000000002,0.6,18.863349444594963
580,94.6,1.5,1.7000000000000002,0.7000000000000001,18.893131437219992
581,95.1,1.6,1.7000000000000002,0.1,18.726955416774654
582,95.0,1.6,1.7000000000000002,0.2,18.770275423486556
583,94.9,1.6,1.7000000000000002,0.3,18.811506748095244
584,94.8,1.6,1.7000000000000002,0.4,18.850206257924164
585,94.7,1.6,1.7000000000000002,0.5,18.885942581272946
586,94.6,1.6,1.7000000000000002,0.6,18.918303763862603
587,94.5,1.6,1.7000000000000002,0.7000000000000001,18.946904850673036
588,95.0,1.7000000000000002,1.7000000000000002,0.1,18.781746280862578
589,94.9,1.7000000000000002,1.7000000000000002,0.2,18.825268311897155
590,94.8,1.7000000000000002,1.7000000000000002,0.3,18.866360764010604
591,94.7,1.7000000000000002,1.7000000000000002,0.4,18.90456992910615
592,94.6,1.7000000000000002,1.7000000000000002,0.5,18.939458777215684
593,94.5,1.7000000000000002,1.7000000000000002,0.6,18.970614902542934
594,94.4,1.7000000000000002,1.7000000000000002,0.7000000000000001,18.997658284520924
595,94.9,1.8000000000000005,1.7000000000000002,0.1,18.83505884388552
596,94.8,1.8000000000000005,1.7000000000000002,0.2,18.878421498027457
597,94.7,1.8000000000000005,1.7000000000000002,0.3,18.9190004768431
598,94.6,1.8000000000000005,1.7000000000000002,0.4,18.95633539075273
599,94.5,1.8000000000000005,1.7000000000000002,0.5,18.989987788896592
600,94.4,1.8000000000000005,1.7000000000000002,0.6,19.019549321253734
601,94.3,1.8000000000000005,1.7000000000000002,0.7000000000000001,19.044649595726742
602,94.8,1.9000000000000004,1.7000000000000002,0.1,18.886233208301498
603,94.7,1.9000000000000004,1.7000000000000002,0.2,18.92904980589648
604,94.6,1.9000000000000004,1.7000000000000002,0.3,18.968719185982962
605,94.5,1.9000000000000004,1.7000000000000002,0.4,19.004778596894234
606,94.4,1.9000000000000004,1.7000000000000002,0.5,19.036792774565036
607,94.3,1.9000000000000004,1.7000000000000002,0.6,19.064362237032405
608,94.2,1.9000000000000004,1.7000000000000002,0.7000000000000001,19.087131145526833
609,94.7,2.0000000000000004,1.7000000000000002,0.1,18.93458390167914
610,94.6,2.0000000000000004,1.7000000000000002,0.2,18.976446813899734
611,94.5,2.0000000000000004,1.7000000000000002,0.3,19.014793763502027
612,94.4,2.0000000000000004,1.7000000000000002,0.4,19.04916433390205
613,94.3,2.0000000000000004,1.7000000000000002,0.5,19.07913136763291
614,94.2,2.0000000000000004,1.7000000000000002,0.6,19.104309300325834
615,94.1,2.0000000000000004,1.7000000000000002,0.7000000000000001,19.12436192622225
616,94.6,2.1000000000000005,1.7000000000000002,0.1,18.97940945304156
617,94.5,2.1000000000000005,1.7000000000000002,0.2,19.019895140485545
618,94.4,2.1000000000000005,1.7000000000000002,0.3,19.056495596141485
619,94.3,2.1000000000000005,1.7000000000000002,0.4,19.08875775371986
620,94.2,2.1000000000000005,1.7000000000000002,0.5,19.11626772482808
621,94.1,2.1000000000000005,1.7000000000000002,0.6,19.138659071589718
622,94.0,2.1000000000000005,1.7000000000000002,0.7000000000000001,19.155620370973182
623,94.5,2.2000000000000006,1.7000000000000002,0.1,19.0200030126669
624,94.4,2.2000000000000006,1.7000000000000002,0.2,19.058677703798068
625,94.3,2.2000000000000006,1.7000000000000002,0.3,19.09310241699655
626,94.2,2.2000000000000006,1.7000000000000002,0.4,19.1228366984974
627,94.1,2.2000000000000006,1.7000000000000002,0.5,19.14748525451482
628,94.0,2.2000000000000006,1.7000000000000002,0.6,19.16670605527263
629,93.9,2.2000000000000006,1.7000000000000002,0.7000000000000001,19.180217588329935
630,94.4,2.3000000000000007,1.7000000000000002,0.1,19.055663836911588
631,94.3,2.3000000000000007,1.7000000000000002,0.2,19.092089755441776
632,94.2,2.3000000000000007,1.7000000000000002,0.3,19.123910806603874
633,94.1,2.3000000000000007,1.7000000000000002,0.4,19.15070457723532
634,94.0,2.3000000000000007,1.7000000000000002,0.5,19.17209976841777
635,93.9,2.3000000000000007,1.7000000000000002,0.6,19.18778401912465
636,93.8,2.3000000000000007,1.7000000000000002,0.7000000000000001,19.197510736531804
637,94.3,2.400000000000001,1.7000000000000002,0.1,19.08570942412189
638,94.2,2.400000000000001,1.7000000000000002,0.2,19.119451454504972
639,94.1,2.400000000000001,1.7000000000000002,0.3,19.14824911110992
640,94.0,2.400000000000001,1.7000000000000002,0.4,19.171703525500796
641,93.9,2.400000000000001,1.7000000000000002,0.5,19.189472773378935
642,93.8,2.400000000000001,1.7000000000000002,0.6,19.20127930352677
643,93.7,2.400000000000001,1.7000000000000002,0.7000000000000001,19.20691623309704
644,94.2,2.500000000000001,1.7000000000000002,0.1,19.109488056538787
645,94.1,2.500000000000001,1.7000000000000002,0.2,19.140120719057553
646,94.0,2.500000000000001,1.7000000000000002,0.3,19.165490498995478
647,93.9,2.500000000000001,1.7000000000000002,0.4,19.18522755624218
648,93.8,2.500000000000001,1.7000000000000002,0.5,19.199024600324773
649,93.7,2.500000000000001,1.7000000000000002,0.6,19.206643810019166
650,93.6,2.500000000000001,1.7000000000000002,0.7000000000000001,19.20792248393532
651,94.1,2.600000000000001,1.7000000000000002,0.1,19.12639147759901
652,94.0,2.600000000000001,1.7000000000000002,0.2,19.15350606978415
653,93.9,2.600000000000001,1.7000000000000002,0.3,19.175065858663718
654,93.8,2.600000000000001,1.7000000000000002,0.4,19.190735394340173
655,93.7,2.600000000000001,1.7000000000000002,0.5,19.200247056343017
656,93.6,2.600000000000001,1.7000000000000002,0.6,19.2034073513125
657,93.5,2.600000000000001,1.7000000000000002,0.7000000000000001,19.200101813900776
658,94.0,2.700000000000001,1.7000000000000002,0.1,19.135867415369027
659,93.9,2.700000000000001,1.7000000000000002,0.2,19.159079165330084
660,93.8,2.700000000000001,1.7000000000000002,0.3,19.17647622807041
661,93.7,2.700000000000001,1.7000000000000002,0.4,19.187762680674318
662,93.6,2.700000000000001,1.7000000000000002,0.5,19.192715283427056
663,93.5,2.700000000000001,1.7000000000000002,0.6,19.191189047413154
664,93.4,2.700000000000001,1.7000000000000002,0.7000000000000001,19.18312128782933
665,93.9,2.800000000000001,1.7000000000000002,0.1,19.13743165199831
666,93.8,2.800000000000001,1.7000000000000002,0.2,19.156386722197272
667,93.7,2.800000000000001,1.7000000000000002,0.3,19.169304445236627
668,93.6,2.800000000000001,1.7000000000000002,0.4,19.175933233769232
669,93.5,2.800000000000001,1.7000000000000002,0.5,19.176098514499955
670,93.4,2.800000000000001,1.7000000000000002,0.6,19.169707464378362
671,93.3,2.800000000000001,1.7000000000000002,0.7000000000000001,19.156752127796572
672,93.8,2.900000000000001,1.7000000000000002,0.1,19.130679336774808
673,93.7,2.900000000000001,1.7000000000000002,0.2,19.145061514231067
674,93.6,2.900000000000001,1.7000000000000002,0.3,19.153225715391166
675,93.5,2.900000000000001,1.7000000000000002,0.4,19.15496906881181
676,93.4,2.900000000000001,1.7000000000000002,0.5,19.150169433910243
677,93.3,2.900000000000001,1.7000000000000002,0.6,19.138789213597246
678,93.2,2.900000000000001,1.7000000000000002,0.7000000000000001,19.120877458372338
679,93.7,3.0000000000000013,1.7000000000000002,0.1,19.115295247053826
680,93.6,3.0000000000000013,1.7000000000000002,0.2,19.12483215817977
681,93.5,3.0000000000000013,1.7000000000000002,0.3,19.128016806771534
682,93.4,3.0000000000000013,1.7000000000000002,0.4,19.124698894957245
683,93.3,3.0000000000000013,1.7000000000000002,0.5,19.114811875480218
684,93.2,3.0000000000000013,1.7000000000000002,0.6,19.098375759974378
685,93.1,3.0000000000000013,1.7000000000000002,0.7000000000000001,19.075498146465442
686,93.6,3.1000000000000014,1.7000000000000002,0.1,19.091062717138712
687,93.5,3.1000000000000014,1.7000000000000002,0.2,19.095531412446885
688,93.4,3.1000000000000014,1.7000000000000002,0.3,19.09356361255659
689,93.3,3.1000000000000014,1.7000000000000002,0.4,19.08506484197943
690,93.2,3.1000000000000014,1.7000000000000002,0.5,19.070026625819402
691,93.1,3.1000000000000014,1.7000000000000002,0.6,19.048528226234826
692,93.0,3.1000000000000014,1.7000000000000002,0.7000000000000001,19.020736545042414
693,93.5,3.200000000000001,1.7000000000000002,0.1,19.05787097991337
694,93.4,3.200000000000001,1.7000000000000002,0.2,19.05710274561334
695,93.3,3.200000000000001,1.7000000000000002,0.3,19.04986685045564
696,93.2,3.200000000000001,1.7000000000000002,0.4,19.03612720574011
697,93.1,3.200000000000001,1.7000000000000002,0.5,19.015935143090957
698,93.0,3.200000000000001,1.7000000000000002,0.6,18.98943002671269
699,92.9,3.200000000000001,1.7000000000000002,0.7000000000000001,18.956837999355873
700,93.4,3.3000000000000016,1.7000000000000002,0.1,19.01572069912355
701,93.3,3.3000000000000016,1.7000000000000002,0.2,19.009604968870047
702,93.2,3.3000000000000016,1.7000000000000002,0.3,18.997045713253684
703,93.1,3.3000000000000016,1.7000000000000002,0.4,18.97806704760155
704,93.0,3.3000000000000016,1.7000000000000002,0.5,18.952781050532316
705,92.9,3.3000000000000016,1.7000000000000002,0.6,18.921387216080735
706,92.8,3.3000000000000016,1.7000000000000002,0.7000000000000001,18.884170028856985
707,93.3,3.4000000000000017,1.7000000000000002,0.1,18.964727510816658
708,93.2,3.4000000000000017,1.7000000000000002,0.2,18.95321477114345
709,93.1,3.4000000000000017,1.7000000000000002,0.3,18.935339331924553
710,93.0,3.4000000000000017,1.7000000000000002,0.4,18.911186534455357
711,92.9,3.4000000000000017,1.7000000000000002,0.5,18.880929318314678
712,92.8,3.4000000000000017,1.7000000000000002,0.6,18.84482649494174
713,92.7,3.4000000000000017,1.7000000000000002,0.7000000000000001,18.803219156008943
714,93.2,3.5000000000000018,1.7000000000000002,0.1,18.90512343942564
715,93.1,3.5000000000000018,1.7000000000000002,0.2,18.888227046113602
716,93.0,3.5000000000000018,1.7000000000000002,0.3,18.86510596632873
717,92.9,3.5000000000000018,1.7000000000000002,0.4,18.835906961916145
718,92.8,3.5000000000000018,1.7000000000000002,0.5,18.800863105103186
719,92.7,3.5000000000000018,1.7000000000000002,0.6,18.760290873269227
720,92.6,3.5000000000000018,1.7000000000000002,0.7000000000000001,18.714585412936287
721,93.1,3.600000000000002,1.7000000000000002,0.1,18.83725610591566
722,93.0,3.600000000000002,1.7000000000000002,0.2,18.815052954980075
723,92.9,3.600000000000002,1.7000000000000002,0.3,18.786819895359866
724,92.79999999999998,3.600000000000002,1.7000000000000002,0.4,18.752764461686905
725,92.7,3.600000000000002,1.7000000000000002,0.5,18.71317829012981
726,92.6,3.600000000000002,1.7000000000000002,0.6,18.668433052483635
727,92.5,3.600000000000002,1.7000000000000002,0.7000000000000001,18.618974616337677
728,93.0,3.700000000000002,1.7000000000000002,0.1,18.76158570069771
729,92.9,3.700000000000002,1.7000000000000002,0.2,18.734215726016505
730,92.8,3.700000000000002,1.7000000000000002,0.3,18.70106603690151
731,92.7,3.700000000000002,1.7000000000000002,0.4,18.66240345328881
732,92.6,3.700000000000002,1.7000000000000002,0.5,18.61857578581971
733,92.5,3.700000000000002,1.7000000000000002,0.6,18.570006645569848
734,92.4,3.700000000000002,1.7000000000000002,0.7000000000000001,18.5171885584545
735,92.9,3.800000000000002,1.7000000000000002,0.1,18.678679750905765
736,92.8,3.800000000000002,1.7000000000000002,0.2,18.64634424985421
737,92.7,3.800000000000002,1.7000000000000002,0.3,18.608532386237506
738,92.6,3.800000000000002,1.7000000000000002,0.4,18.56556795836896
739,92.5,3.800000000000002,1.7000000000000002,0.5,18.517851778125113
740,92.4,3.800000000000002,1.7000000000000002,0.6,18.465855410209503
741,92.3,3.800000000000002,1.7000000000000002,0.7000000000000001,18.410113315298492
742,92.8,3.900000000000002,1.7000000000000002,0.1,18.58920576831846
743,92.7,3.900000000000002,1.7000000000000002,0.2,18.552164586196678
744,92.6,3.900000000000002,1.7000000000000002,0.3,18.510000417759706
745,92.5,3.900000000000002,1.7000000000000002,0.4,18.46309095080073
746,92.4,3.900000000000002,1.7000000000000002,0.5,18.411886094895905
747,92.3,3.900000000000002,1.7000000000000002,0.6,18.35690072065418
748,92.2,3.900000000000002,1.7000000000000002,0.7000000000000001,18.298705921112784
749,92.7,4.000000000000002,1.7000000000000002,0.1,18.493921918865798
750,92.6,4.000000000000002,1.7000000000000002,0.2,18.452489551472397
751,92.5,4.000000000000002,1.7000000000000002,0.3,18.40633364714202
752,92.4,4.000000000000002,1.7000000000000002,0.4,18.355881966023922
753,92.3,4.000000000000002,1.7000000000000002,0.5,18.301628950176323
754,92.2,4.000000000000002,1.7000000000000002,0.6,18.244127548413942
755,92.1,4.000000000000002,1.7000000000000002,0.7000000000000001,18.183979698695193
756,92.6,4.100000000000002,1.7000000000000002,0.1,18.393665905549227
757,92.5,4.100000000000002,1.7000000000000002,0.2,18.348206606072853
758,92.4,4.100000000000002,1.7000000000000002,0.3,18.298464597945376
759,92.29999999999998,4.100000000000002,1.7000000000000002,0.4,18.244913236963797
760,92.2,4.100000000000002,1.7000000000000002,0.5,18.18808635278815
761,92.1,4.100000000000002,1.7000000000000002,0.6,18.128569258427273
762,92.0,4.100000000000002,1.7000000000000002,0.7000000000000001,18.066988567533606
763,92.5,4.200000000000003,1.7000000000000002,0.1,18.289342302110953
764,92.4,4.200000000000003,1.7000000000000002,0.2,18.24026430275341
765,92.3,4.200000000000003,1.7000000000000002,0.3,18.187380456434948
766,92.2,4.200000000000003,1.7000000000000002,0.4,18.131204660077604
767,92.1,4.200000000000003,1.7000000000000002,0.5,18.072304499729672
768,92.0,4.200000000000003,1.7000000000000002,0.6,18.01129155514281
769,91.9,4.200000000000003,1.7000000000000002,0.7000000000000001,17.948810674773476
770,92.4,4.3000000000000025,1.7000000000000002,0.1,18.18190861350096
771,92.3,4.3000000000000025,1.7000000000000002,0.2,18.12965759318554
772,92.2,4.3000000000000025,1.7000000000000002,0.3,18.07410773003209
773,92.1,4.3000000000000025,1.7000000000000002,0.4,18.015807922542532
774,92.0,4.3000000000000025,1.7000000000000002,0.5,17.955353497874196
775,91.9,4.3000000000000025,1.7000000000000002,0.6,17.893375931125856
776,91.8,4.3000000000000025,1.7000000000000002,0.7000000000000001,17.830531707273046
777,92.3,4.400000000000002,1.7000000000000002,0.1,18.072360369946868
778,92.2,4.400000000000002,1.7000000000000002,0.2,18.01741231649919
779,92.1,4.400000000000002,1.7000000000000002,0.3,17.95969624739029
780,92.0,4.400000000000002,1.7000000000000002,0.4,17.899790139576396
781,91.9,4.400000000000002,1.7000000000000002,0.5,17.838310770607368
782,91.8,4.400000000000002,1.7000000000000002,0.6,17.77590297899082
783,91.7,4.400000000000002,1.7000000000000002,0.7000000000000001,17.713228246160664
784,92.2,4.500000000000003,1.7000000000000002,0.1,17.961715583354806
785,92.1,4.500000000000003,1.7000000000000002,0.2,17.904569211213342
786,92.0,4.500000000000003,1.7000000000000002,0.3,17.845202851003194
787,91.9,4.500000000000003,1.7000000000000002,0.4,17.784217358958134
788,91.8,4.500000000000003,1.7000000000000002,0.5,17.722244509159975
789,91.7,4.500000000000003,1.7000000000000002,0.6,17.65993592558596
790,91.6,4.500000000000003,1.7000000000000002,0.7000000000000001,17.59795151849408
791,92.1,4.600000000000003,1.7000000000000002,0.1,17.85099890730107
792,92.0,4.600000000000003,1.7000000000000002,0.2,17.792167799821293
793,91.9,4.600000000000003,1.7000000000000002,0.3,17.731675136285673
794,91.79999999999998,4.600000000000003,1.7000000000000002,0.4,17.670138287925802
795,91.7,4.600000000000003,1.7000000000000002,0.5,17.60819752157489
796,91.6,4.600000000000003,1.7000000000000002,0.6,17.54650473568967
797,91.5,4.600000000000003,1.7000000000000002,0.7000000000000001,17.485711884268408
798,92.0,4.700000000000003,1.7000000000000002,0.1,17.741225844785568
799,91.9,4.700000000000003,1.7000000000000002,0.2,17.681230493407615
800,91.8,4.700000000000003,1.7000000000000002,0.3,17.620135584319897
801,91.7,4.700000000000003,1.7000000000000002,0.4,17.55856858604227
802,91.6,4.700000000000003,1.7000000000000002,0.5,17.497171815926094
803,91.5,4.700000000000003,1.7000000000000002,0.6,17.43659111160988
804,91.4,4.700000000000003,1.7000000000000002,0.7000000000000001,17.377464371863162
805,91.9,4.8000000000000025,1.7000000000000002,0.1,17.633387341307603
806,91.8,4.8000000000000025,1.7000000000000002,0.2,17.57274725229243
807,91.7,4.8000000000000025,1.7000000000000002,0.3,17.511566419353112
808,91.6,4.8000000000000025,1.7000000000000002,0.4,17.45047604691887
809,91.5,4.8000000000000025,1.7000000000000002,0.5,17.390114229320908
810,91.4,4.8000000000000025,1.7000000000000002,0.6,17.331114685883065
811,91.3,4.8000000000000025,1.7000000000000002,0.7000000000000001,17.274095542066924
812,91.8,4.900000000000003,1.7000000000000002,0.1,17.528435085110672
813,91.7,4.900000000000003,1.7000000000000002,0.2,17.467661118398485
814,91.6,4.900000000000003,1.7000000000000002,0.3,17.406895497398683
815,91.5,4.900000000000003,1.7000000000000002,0.4,17.346766962744862
816,91.4,4.900000000000003,1.7000000000000002,0.5,17.28790338136359
817,91.3,4.900000000000003,1.7000000000000002,0.6,17.230920667871807
818,91.2,4.900000000000003,1.7000000000000002,0.7000000000000001,17.176411921292836
819,91.7,5.000000000000004,1.7000000000000002,0.1,17.427267812332445
820,91.6,5.000000000000004,1.7000000000000002,0.2,17.366854906669573
821,91.5,5.000000000000004,1.7000000000000002,0.3,17.3069834999148
822,91.4,5.000000000000004,1.7000000000000002,0.4,17.248273929495234
823,91.3,5.000000000000004,1.7000000000000002,0.5,17.191338191363457
824,91.2,5.000000000000004,1.7000000000000002,0.6,17.136769162772424
825,91.1,5.000000000000004,1.7000000000000002,0.7000000000000001,17.085130199893722
826,91.6,5.100000000000003,1.7000000000000002,0.1,17.330718883251386
827,91.5,5.100000000000003,1.7000000000000002,0.2,17.27113930752597
828,91.4,5.100000000000003,1.7000000000000002,0.3,17.212612667718787
829,91.29999999999998,5.100000000000003,1.7000000000000002,0.4,17.155745308788315
830,91.2,5.100000000000003,1.7000000000000002,0.5,17.101128154019943
831,91.1,5.100000000000003,1.7000000000000002,0.6,17.049326334824315
832,91.0,5.100000000000003,1.7000000000000002,0.7000000000000001,17.000869343107702
833,91.5,5.200000000000003,1.7000000000000002,0.1,17.239545358017455
834,91.4,5.200000000000003,1.7000000000000002,0.2,17.181242611299776
835,91.3,5.200000000000003,1.7000000000000002,0.3,17.12447726641064
836,91.2,5.200000000000003,1.7000000000000002,0.4,17.06983651607886
837,91.1,5.200000000000003,1.7000000000000002,0.5,17.01788552011253
838,91.0,5.200000000000003,1.7000000000000002,0.6,16.96915753690015
839,90.9,5.200000000000003,1.7000000000000002,0.7000000000000001,16.92414471167124
840,91.4,5.300000000000003,1.7000000000000002,0.1,17.154418757522436
841,91.3,5.300000000000003,1.7000000000000002,0.2,17.09780222026799
842,91.2,5.300000000000003,1.7000000000000002,0.3,17.043175927103544
843,91.1,5.300000000000003,1.7000000000000002,0.4,16.991103255727943
844,91.0,5.300000000000003,1.7000000000000002,0.5,16.942119478419368
845,90.9,5.300000000000003,1.7000000000000002,0.6,16.89672247771371
846,90.8,5.300000000000003,1.7000000000000002,0.7000000000000001,16.85536423808503
847,91.3,5.400000000000004,1.7000000000000002,0.1,17.075917648849224
848,91.2,5.400000000000004,1.7000000000000002,0.2,17.02135806578532
849,91.1,5.400000000000004,1.7000000000000002,0.3,16.969205956723812
850,91.0,5.400000000000004,1.7000000000000002,0.4,16.919996773040147
851,90.9,5.400000000000004,1.7000000000000002,0.5,16.874232384235093
852,90.8,5.400000000000004,1.7000000000000002,0.6,16.832372447146916
853,90.7,5.400000000000004,1.7000000000000002,0.7000000000000001,16.794826654410286
854,91.2,5.500000000000004,1.7000000000000002,0.1,17.00452214652739
855,91.1,5.500000000000004,1.7000000000000002,0.2,16.95234799863211
856,91.0,5.500000000000004,1.7000000000000002,0.3,16.902959662077507
857,90.9,5.500000000000004,1.7000000000000002,0.4,16.856861143118515
858,90.8,5.500000000000004,1.7000000000000002,0.5,16.8145180299538
859,90.7,5.500000000000004,1.7000000000000002,0.6,16.77634957112356
860,90.6,5.500000000000004,1.7000000000000002,0.7000000000000001,16.74272171970673
861,95.1,1.5,1.8000000000000005,0.1,18.740668134069498
862,95.0,1.5,1.8000000000000005,0.2,18.784859543403925
863,94.9,1.5,1.8000000000000005,0.3,18.826960391091568
864,94.8,1.5,1.8000000000000005,0.4,18.86652092312516
865,94.7,1.5,1.8000000000000005,0.5,18.90310288024934
866,94.6,1.5,1.8000000000000005,0.6,18.936287243665785
867,94.5,1.5,1.8000000000000005,0.7000000000000001,18.965681913771373
868,95.0,1.6,1.8000000000000005,0.1,18.79847931922939
869,94.9,1.6,1.8000000000000005,0.2,18.84300650894715
870,94.8,1.6,1.8000000000000005,0.3,18.885094977775672
871,94.7,1.6,1.8000000000000005,0.4,18.924283054888477
872,94.6,1.6,1.8000000000000005,0.5,18.960125532567368
873,94.5,1.6,1.8000000000000005,0.6,18.992201724386508
874,94.4,1.6,1.8000000000000005,0.7000000000000001,19.020123345396897
875,94.9,1.7000000000000002,1.8000000000000005,0.1,18.85507715081449
876,94.8,1.7000000000000002,1.8000000000000005,0.2,18.89957868742355
877,94.7,1.7000000000000002,1.8000000000000005,0.3,18.941278501067565
878,94.6,1.7000000000000002,1.8000000000000005,0.4,18.97970686528967
879,94.5,1.7000000000000002,1.8000000000000005,0.5,19.014415852480557
880,94.4,1.7000000000000002,1.8000000000000005,0.6,19.044987631946483
881,94.3,1.7000000000000002,1.8000000000000005,0.7000000000000001,19.071042468731875
882,94.8,1.8000000000000005,1.8000000000000005,0.1,18.909789456844734
883,94.7,1.8000000000000005,1.8000000000000005,0.2,18.953876214428945
884,94.6,1.8000000000000005,1.8000000000000005,0.3,18.994787096151065
885,94.5,1.8000000000000005,1.8000000000000005,0.4,19.032048633344445
886,94.4,1.8000000000000005,1.8000000000000005,0.5,19.065214805914934
887,94.3,1.8000000000000005,1.8000000000000005,0.6,19.093875497006223
888,94.2,1.8000000000000005,1.8000000000000005,0.7000000000000001,19.117664518255456
889,94.7,1.9000000000000004,1.8000000000000005,0.1,18.961912894167128
890,94.6,1.9000000000000004,1.8000000000000005,0.2,19.00517220662296
891,94.5,1.9000000000000004,1.8000000000000005,0.3,19.044874554022165
892,94.4,1.9000000000000004,1.8000000000000005,0.4,19.080547446447827
893,94.3,1.9000000000000004,1.8000000000000005,0.5,19.11175174184223
894,94.2,1.9000000000000004,1.8000000000000005,0.6,19.138090164184074
895,94.1,1.9000000000000004,1.8000000000000005,0.7000000000000001,19.159215254781113
896,94.6,2.0000000000000004,1.8000000000000005,0.1,19.010722333460837
897,94.5,2.0000000000000004,1.8000000000000005,0.2,19.05272290336094
898,94.4,2.0000000000000004,1.8000000000000005,0.3,19.090783170956833
899,94.3,2.0000000000000004,1.8000000000000005,0.4,19.124436696272106
900,94.2,2.0000000000000004,1.8000000000000005,0.5,19.15325646128965
901,94.1,2.0000000000000004,1.8000000000000005,0.6,19.176863349966165
902,94.0,2.0000000000000004,1.8000000000000005,0.7000000000000001,19.1949339184782
903,94.5,2.1000000000000005,1.8000000000000005,0.1,19.055481407284823
904,94.4,2.1000000000000005,1.8000000000000005,0.2,19.095778909247365
905,94.3,2.1000000000000005,1.8000000000000005,0.3,19.131755621243023
906,94.2,2.1000000000000005,1.8000000000000005,0.4,19.16295650536463
907,94.1,2.1000000000000005,1.8000000000000005,0.5,19.188972110548228
908,94.0,2.1000000000000005,1.8000000000000005,0.6,19.20944690567373
909,93.9,2.1000000000000005,1.8000000000000005,0.7000000000000001,19.224086756772074
910,94.4,2.2000000000000006,1.8000000000000005,0.1,19.09545405480051
911,94.3,2.2000000000000006,1.8000000000000005,0.2,19.13359734868625
912,94.2,2.2000000000000006,1.8000000000000005,0.3,19.16704764247883
913,94.1,2.2000000000000006,1.8000000000000005,0.4,19.195366853161147
914,94.0,2.2000000000000006,1.8000000000000005,0.5,19.218168648289005
915,93.9,2.2000000000000006,1.8000000000000005,0.6,19.23512651814338
916,93.8,2.2000000000000006,1.8000000000000005,0.7000000000000001,19.245980845015815
917,94.3,2.3000000000000007,1.8000000000000005,0.1,19.129916858224608
918,94.2,2.3000000000000007,1.8000000000000005,0.2,19.165454706115955
919,94.1,2.3000000000000007,1.8000000000000005,0.3,19.195941287067274
920,94.0,2.3000000000000007,1.8000000000000005,0.4,19.220961136691987
921,93.9,2.3000000000000007,1.8000000000000005,0.5,19.240156605586254
922,93.8,2.3000000000000007,1.8000000000000005,0.6,19.253235553251756
923,93.7,2.3000000000000007,1.8000000000000005,0.7000000000000001,19.259977893900736
924,94.2,2.400000000000001,1.8000000000000005,0.1,19.158171931299155
925,94.1,2.400000000000001,1.8000000000000005,0.2,19.190660092827947
926,94.0,2.400000000000001,1.8000000000000005,0.3,19.21775846324126
927,93.9,2.400000000000001,1.8000000000000005,0.4,19.239079873938465
928,93.8,2.400000000000001,1.8000000000000005,0.5,19.25430083394986
929,93.7,2.400000000000001,1.8000000000000005,0.6,19.263168727339536
930,93.6,2.400000000000001,1.8000000000000005,0.7000000000000001,19.265507721653737
931,94.1,2.500000000000001,1.8000000000000005,0.1,19.179560090526852
932,94.0,2.500000000000001,1.8000000000000005,0.2,19.208568654468465
933,93.9,2.500000000000001,1.8000000000000005,0.3,19.231874465364783
934,93.8,2.500000000000001,1.8000000000000005,0.4,19.249124237854073
935,93.7,2.500000000000001,1.8000000000000005,0.5,19.26003392055103
936,93.6,2.500000000000001,1.8000000000000005,0.6,19.26439528001316
937,93.5,2.500000000000001,1.8000000000000005,0.7000000000000001,19.262081062079254
938,94.0,2.600000000000001,1.8000000000000005,0.1,19.19347401690978
939,93.9,2.600000000000001,1.8000000000000005,0.2,19.2185948137456
940,93.8,2.600000000000001,1.8000000000000005,0.3,19.23773117752804
941,93.7,2.600000000000001,1.8000000000000005,0.4,19.250569097545196
942,93.6,2.600000000000001,1.8000000000000005,0.5,19.256868942808662
943,93.5,2.600000000000001,1.8000000000000005,0.6,19.25647131950897
944,93.4,2.600000000000001,1.8000000000000005,0.7000000000000001,19.249301382072467
945,93.9,2.700000000000001,1.8000000000000005,0.1,19.199371100573416
946,93.8,2.700000000000001,1.8000000000000005,0.2,19.220225031538263
947,93.7,2.700000000000001,1.8000000000000005,0.3,19.234849627496917
948,93.6,2.700000000000001,1.8000000000000005,0.4,19.242975240787988
949,93.5,2.700000000000001,1.8000000000000005,0.5,19.244411237018614
950,93.4,2.700000000000001,1.8000000000000005,0.6,19.239051019264085
951,93.3,2.700000000000001,1.8000000000000005,0.7000000000000001,19.226875394659046
952,93.8,2.800000000000001,1.8000000000000005,0.1,19.196785653843655
953,93.7,2.800000000000001,1.8000000000000005,0.2,19.213029767292838
954,93.6,2.800000000000001,1.8000000000000005,0.3,19.222841570514948
955,93.5,2.800000000000001,1.8000000000000005,0.4,19.226000459410358
956,93.4,2.800000000000001,1.8000000000000005,0.5,19.22236886805772
957,93.3,2.800000000000001,1.8000000000000005,0.6,19.211896361678875
958,93.2,2.800000000000001,1.8000000000000005,0.7000000000000001,19.194621975852947
959,93.7,2.900000000000001,1.8000000000000005,0.1,19.1853401806837
960,93.6,2.900000000000001,1.8000000000000005,0.2,19.196674326760473
961,93.5,2.900000000000001,1.8000000000000005,0.3,19.20141979458871
962,93.4,2.900000000000001,1.8000000000000005,0.4,19.199409196219552
963,93.3,2.900000000000001,1.8000000000000005,0.5,19.19056150932784
964,93.2,2.900000000000001,1.8000000000000005,0.6,19.17488515204521
965,93.1,2.900000000000001,1.8000000000000005,0.7000000000000001,19.152479225253085
966,93.6,3.0000000000000013,1.8000000000000005,0.1,19.164755402184053
967,93.5,3.0000000000000013,1.8000000000000005,0.2,19.170928301900247
968,93.4,3.0000000000000013,1.8000000000000005,0.3,19.170406860668724
969,93.3,3.0000000000000013,1.8000000000000005,0.4,19.16308047887841
970,93.2,3.0000000000000013,1.8000000000000005,0.5,19.148927473612364
971,93.1,3.0000000000000013,1.8000000000000005,0.6,19.128017061660074
972,93.0,3.0000000000000013,1.8000000000000005,0.7000000000000001,19.100509450553304
973,93.5,3.1000000000000014,1.8000000000000005,0.1,19.13485875898869
974,93.4,3.1000000000000014,1.8000000000000005,0.2,19.135673333929773
975,93.3,3.1000000000000014,1.8000000000000005,0.3,19.12974202216331
976,93.2,3.1000000000000014,1.8000000000000005,0.4,19.117013901840927
977,93.1,3.1000000000000014,1.8000000000000005,0.5,19.09752867563207
978,93.0,3.1000000000000014,1.8000000000000005,0.6,19.071417503306993
979,92.9,3.1000000000000014,1.8000000000000005,0.7000000000000001,19.03890190391625
980,93.4,3.200000000000001,1.8000000000000005,0.1,19.09559114174194
981,93.3,3.200000000000001,1.8000000000000005,0.2,19.090908965471705
982,93.2,3.200000000000001,1.8000000000000005,0.3,19.079486107739484
983,93.1,3.200000000000001,1.8000000000000005,0.4,19.061333461221086
984,93.0,3.200000000000001,1.8000000000000005,0.5,19.036553354711998
985,92.9,3.200000000000001,1.8000000000000005,0.6,19.0053391933143
986,92.8,3.200000000000001,1.8000000000000005,0.7000000000000001,18.967973152064776
987,93.3,3.3000000000000016,1.8000000000000005,0.1,19.04701163912056
988,93.2,3.3000000000000016,1.8000000000000005,0.2,19.036756390612716
989,93.1,3.3000000000000016,1.8000000000000005,0.3,19.01982419829183
990,93.0,3.3000000000000016,1.8000000000000005,0.4,18.996289098044773
991,92.9,3.3000000000000016,1.8000000000000005,0.5,18.966316439714014
992,92.8,3.3000000000000016,1.8000000000000005,0.6,18.93016131076384
993,92.7,3.3000000000000016,1.8000000000000005,0.7000000000000001,18.88816502033412
994,93.2,3.4000000000000017,1.8000000000000005,0.1,18.989300138721724
995,93.1,3.4000000000000017,1.8000000000000005,0.2,18.97345996124275
996,93.0,3.4000000000000017,1.8000000000000005,0.3,18.951065981925115
997,92.9,3.4000000000000017,1.8000000000000005,0.4,18.92225586121137
998,92.8,3.4000000000000017,1.8000000000000005,0.5,18.8872574966154
999,92.7,3.4000000000000017,1.8000000000000005,0.6,18.846386224387352
1000,92.6,3.4000000000000017,1.8000000000000005,0.7000000000000001,18.80004011198271
1001,93.1,3.5000000000000018,1.8000000000000005,0.1,18.922757667673157
1002,93.0,3.5000000000000018,1.8000000000000005,0.2,18.901386362794955
1003,92.9,3.5000000000000018,1.8000000000000005,0.3,18.873643728187066
1004,92.8,3.5000000000000018,1.8000000000000005,0.4,18.83973066094312
1005,92.7,3.5000000000000018,1.8000000000000005,0.5,18.7999362600043
1006,92.6,3.5000000000000018,1.8000000000000005,0.6,18.75463381936191
1007,92.5,3.5000000000000018,1.8000000000000005,0.7000000000000001,18.70427496584548
1008,93.0,3.600000000000002,1.8000000000000005,0.1,18.847804415744815
1009,92.9,3.600000000000002,1.8000000000000005,0.2,18.821021430768948
1010,92.8,3.600000000000002,1.8000000000000005,0.3,18.788107882811026
1011,92.7,3.600000000000002,1.8000000000000005,0.4,18.749326644654868
1012,92.6,3.600000000000002,1.8000000000000005,0.5,18.705025811388282
1013,92.5,3.600000000000002,1.8000000000000005,0.6,18.65563351763934
1014,92.4,3.600000000000002,1.8000000000000005,0.7000000000000001,18.601650975960055
1015,92.9,3.700000000000002,1.8000000000000005,0.1,18.764975442224916
1016,92.8,3.700000000000002,1.8000000000000005,0.2,18.732964639355377
1017,92.7,3.700000000000002,1.8000000000000005,0.3,18.69512034498098
1018,92.6,3.700000000000002,1.8000000000000005,0.4,18.651765288085684
1019,92.5,3.700000000000002,1.8000000000000005,0.5,18.603303527606613
1020,92.4,3.700000000000002,1.8000000000000005,0.6,18.55021414465402
1021,92.3,3.700000000000002,1.8000000000000005,0.7000000000000001,18.493043254172704
1022,92.8,3.800000000000002,1.8000000000000005,0.1,18.67491412702027
1023,92.7,3.800000000000002,1.8000000000000005,0.2,18.637921353178395
1024,92.6,3.800000000000002,1.8000000000000005,0.3,18.595445548672604
1025,92.5,3.800000000000002,1.8000000000000005,0.4,18.54786635325197
1026,92.4,3.800000000000002,1.8000000000000005,0.5,18.495639979870496
1027,92.3,3.800000000000002,1.8000000000000005,0.6,18.439291850366637
1028,92.2,3.800000000000002,1.8000000000000005,0.7000000000000001,18.379407669119907
1029,92.7,3.900000000000002,1.8000000000000005,0.1,18.578363484459732
1030,92.6,3.900000000000002,1.8000000000000005,0.2,18.536692990724525
1031,92.5,3.900000000000002,1.8000000000000005,0.3,18.489939526051934
1032,92.4,3.900000000000002,1.8000000000000005,0.4,18.438535919436713
1033,92.3,3.900000000000002,1.8000000000000005,0.5,18.38298601621612
1034,92.2,3.900000000000002,1.8000000000000005,0.6,18.32385634188124
1035,92.1,3.900000000000002,1.8000000000000005,0.7000000000000001,18.261766340747396
1036,92.6,4.000000000000002,1.8000000000000005,0.1,18.476155513264366
1037,92.5,4.000000000000002,1.8000000000000005,0.2,18.430165301597153
1038,92.4,4.000000000000002,1.8000000000000005,0.3,18.379537182436177
1039,92.3,4.000000000000002,1.8000000000000005,0.4,18.32475274230047
1040,92.2,4.000000000000002,1.8000000000000005,0.5,18.266358305808566
1041,92.1,4.000000000000002,1.8000000000000005,0.6,18.204955726797966
1042,92.0,4.000000000000002,1.8000000000000005,0.7000000000000001,18.14119190728062
1043,92.5,4.100000000000002,1.8000000000000005,0.1,18.369198806352244
1044,92.4,4.100000000000002,1.8000000000000005,0.2,18.319295007633848
1045,92.3,4.100000000000002,1.8000000000000005,0.3,18.265238057328975
1046,92.2,4.100000000000002,1.8000000000000005,0.4,18.207553237774473
1047,92.1,4.100000000000002,1.8000000000000005,0.5,18.14682366119043
1048,92.0,4.100000000000002,1.8000000000000005,0.6,18.0836802997823
1049,91.9,4.100000000000002,1.8000000000000005,0.7000000000000001,18.01879091019663
1050,92.4,4.200000000000003,1.8000000000000005,0.1,18.258464687997296
1051,92.3,4.200000000000003,1.8000000000000005,0.2,18.205095098668032
1052,92.2,4.200000000000003,1.8000000000000005,0.3,18.148090883161675
1053,92.1,4.200000000000003,1.8000000000000005,0.4,18.088015420430995
1054,92.0,4.200000000000003,1.8000000000000005,0.5,18.025482483128975
1055,91.9,4.200000000000003,1.8000000000000005,0.6,17.961145628600494
1056,91.8,4.200000000000003,1.8000000000000005,0.7000000000000001,17.895686661495397
1057,92.3,4.3000000000000025,1.8000000000000005,0.1,18.144972182022283
1058,92.2,4.3000000000000025,1.8000000000000005,0.2,18.08861910608515
1059,92.1,4.3000000000000025,1.8000000000000005,0.3,18.02917728151771
1060,92.0,4.3000000000000025,1.8000000000000005,0.4,17.967242149587364
1061,91.9,4.3000000000000025,1.8000000000000005,0.5,17.903451691406044
1062,91.8,4.3000000000000025,1.8000000000000005,0.6,17.838475309490985
1063,91.7,4.3000000000000025,1.8000000000000005,0.7000000000000001,17.773001966005094
1064,92.2,4.400000000000002,1.8000000000000005,0.1,18.029772142116247
1065,92.1,4.400000000000002,1.8000000000000005,0.2,17.9709447003998
1066,92.0,4.400000000000002,1.8000000000000005,0.3,17.909594955028133
1067,91.9,4.400000000000002,1.8000000000000005,0.4,17.84634404988967
1068,91.8,4.400000000000002,1.8000000000000005,0.5,17.78184751329429
1069,91.7,4.400000000000002,1.8000000000000005,0.6,17.71678376496699
1070,91.6,4.400000000000002,1.8000000000000005,0.7000000000000001,17.651842069512945
1071,92.1,4.500000000000003,1.8000000000000005,0.1,17.9139308932839
1072,92.0,4.500000000000003,1.8000000000000005,0.2,17.853156972279777
1073,91.9,4.500000000000003,1.8000000000000005,0.3,17.790440741383335
1074,91.8,4.500000000000003,1.8000000000000005,0.4,17.72642247629787
1075,91.7,4.500000000000003,1.8000000000000005,0.5,17.661768499503573
1076,91.6,4.500000000000003,1.8000000000000005,0.6,17.597159450084963
1077,91.5,4.500000000000003,1.8000000000000005,0.7000000000000001,17.533278191475002
1078,92.0,4.600000000000003,1.8000000000000005,0.1,17.798513741451647
1079,91.9,4.600000000000003,1.8000000000000005,0.2,17.736331759525434
1080,91.8,4.600000000000003,1.8000000000000005,0.3,17.672793893944664
1081,91.7,4.600000000000003,1.8000000000000005,0.4,17.60855288636388
1082,91.6,4.600000000000003,1.8000000000000005,0.5,17.544279125344577
1083,91.5,4.600000000000003,1.8000000000000005,0.6,17.48064881631863
1084,91.4,4.600000000000003,1.8000000000000005,0.7000000000000001,17.41833197953139
1085,91.9,4.700000000000003,1.8000000000000005,0.1,17.68456870630735
1086,91.8,4.700000000000003,1.8000000000000005,0.2,17.621519375586484
1087,91.7,4.700000000000003,1.8000000000000005,0.3,17.557699941537567
1088,91.6,4.700000000000003,1.8000000000000005,0.4,17.493768965904717
1089,91.5,4.700000000000003,1.8000000000000005,0.5,17.430394313352792
1090,91.4,4.700000000000003,1.8000000000000005,0.6,17.36824135620899
1091,91.3,4.700000000000003,1.8000000000000005,0.7000000000000001,17.307961192946582
1092,91.8,4.8000000000000025,1.8000000000000005,0.1,17.5731108208116
1093,91.7,4.8000000000000025,1.8000000000000005,0.2,17.50972907870134
1094,91.6,4.8000000000000025,1.8000000000000005,0.3,17.446155458766494
1095,91.5,4.8000000000000025,1.8000000000000005,0.4,17.383047828382722
1096,91.4,4.8000000000000025,1.8000000000000005,0.5,17.321065183546395
1097,91.3,4.8000000000000025,1.8000000000000005,0.6,17.260856017957106
1098,91.2,4.8000000000000025,1.8000000000000005,0.7000000000000001,17.203046884559924
1099,91.7,4.900000000000003,1.8000000000000005,0.1,17.4651073200743
1100,91.6,4.900000000000003,1.8000000000000005,0.2,17.401914595420514
1101,91.5,4.900000000000003,1.8000000000000005,0.3,17.339094048504858
1102,91.4,4.900000000000003,1.8000000000000005,0.4,17.27729657454191
1103,91.3,4.900000000000003,1.8000000000000005,0.5,17.21716630001406
1104,91.2,4.900000000000003,1.8000000000000005,0.6,17.15932923835041
1105,91.1,4.900000000000003,1.8000000000000005,0.7000000000000001,17.10438230722752
1106,91.6,5.000000000000004,1.8000000000000005,0.1,17.36146401331278
1107,91.5,5.000000000000004,1.8000000000000005,0.2,17.2989609791375
1108,91.4,5.000000000000004,1.8000000000000005,0.3,17.23737380121816
1109,91.3,5.000000000000004,1.8000000000000005,0.4,17.177340458371898
1110,91.2,5.000000000000004,1.8000000000000005,0.5,17.119484638994823
1111,91.1,5.000000000000004,1.8000000000000005,0.6,17.06440479630176
1112,91.0,5.000000000000004,1.8000000000000005,0.7000000000000001,17.01266372256402
1113,91.5,5.100000000000003,1.8000000000000005,0.1,17.263013096510736
1114,91.4,5.100000000000003,1.8000000000000005,0.2,17.201673044528317
1115,91.3,5.100000000000003,1.8000000000000005,0.3,17.141766452816107
1116,91.2,5.100000000000003,1.8000000000000005,0.4,17.08391285970257
1117,91.1,5.100000000000003,1.8000000000000005,0.5,17.028710455521843
1118,91.0,5.100000000000003,1.8000000000000005,0.6,16.97672563938659
1119,90.9,5.100000000000003,1.8000000000000005,0.7000000000000001,16.928483238634755
1120,91.4,5.200000000000003,1.8000000000000005,0.1,17.170502621483934
1121,91.3,5.200000000000003,1.8000000000000005,0.2,17.110765573897904
1122,91.2,5.200000000000003,1.8000000000000005,0.3,17.05294841527627
1123,91.1,5.200000000000003,1.8000000000000005,0.4,16.997647214215334
1124,91.0,5.200000000000003,1.8000000000000005,0.5,16.945430174638698
1125,90.9,5.200000000000003,1.8000000000000005,0.6,16.896827783691652
1126,90.8,5.200000000000003,1.8000000000000005,0.7000000000000001,16.85232375071923
1127,91.3,5.300000000000003,1.8000000000000005,0.1,17.084587790776073
1128,91.2,5.300000000000003,1.8000000000000005,0.2,17.02685544285705
1129,91.1,5.300000000000003,1.8000000000000005,0.3,16.97149380390149
1130,91.0,5.300000000000003,1.8000000000000005,0.4,16.91907099998648
1131,90.9,5.300000000000003,1.8000000000000005,0.5,16.87012138076836
1132,90.8,5.300000000000003,1.8000000000000005,0.6,16.825136334645524
1133,90.7,5.300000000000003,1.8000000000000005,0.7000000000000001,16.784556006946072
1134,91.2,5.400000000000004,1.8000000000000005,0.1,17.005824198677836
1135,91.1,5.400000000000004,1.8000000000000005,0.2,16.95045576207418
1136,91.0,5.400000000000004,1.8000000000000005,0.3,16.89786953335535
1137,90.9,5.400000000000004,1.8000000000000005,0.4,16.848601827445396
1138,90.8,5.400000000000004,1.8000000000000005,0.5,16.803149926601495
1139,90.7,5.400000000000004,1.8000000000000005,0.6,16.76196362483246
1140,90.6,5.400000000000004,1.8000000000000005,0.7000000000000001,16.725437769986016
1141,91.1,5.500000000000004,1.8000000000000005,0.1,16.934663088235627
1142,91.0,5.500000000000004,1.8000000000000005,0.2,16.881972080625662
1143,90.9,5.500000000000004,1.8000000000000005,0.3,16.832432503119495
1144,90.8,5.500000000000004,1.8000000000000005,0.4,16.786545628372703
1145,90.7,5.500000000000004,1.8000000000000005,0.5,16.744769132367324
1146,90.6,5.500000000000004,1.8000000000000005,0.6,16.707509415537626
1147,90.5,5.500000000000004,1.8000000000000005,0.7000000000000001,16.675114998455083
1148,95.0,1.5,1.9000000000000004,0.1,18.811798839450123
1149,94.9,1.5,1.9000000000000004,0.2,18.857176305188517
1150,94.8,1.5,1.9000000000000004,0.3,18.9001139608412
1151,94.7,1.5,1.9000000000000004,0.4,18.940143747343463
1152,94.6,1.5,1.9000000000000004,0.5,18.97681380153164
1153,94.5,1.5,1.9000000000000004,0.6,19.00969659933718
1154,94.4,1.5,1.9000000000000004,0.7000000000000001,19.03839692850562
1155,94.9,1.6,1.9000000000000004,0.1,18.87153773670058
1156,94.8,1.6,1.9000000000000004,0.2,18.917026051379594
1157,94.7,1.6,1.9000000000000004,0.3,18.95970383134452
1158,94.6,1.6,1.9000000000000004,0.4,18.999093593072445
1159,94.5,1.6,1.9000000000000004,0.5,19.034739441577088
1160,94.4,1.6,1.9000000000000004,0.6,19.066215476809603
1161,94.3,1.6,1.9000000000000004,0.7000000000000001,19.093133907560254
1162,94.8,1.7000000000000002,1.9000000000000004,0.1,18.92966581708975
1163,94.7,1.7000000000000002,1.9000000000000004,0.2,18.97487532887014
1164,94.6,1.7000000000000002,1.9000000000000004,0.3,19.016890719591125
1165,94.5,1.7000000000000002,1.9000000000000004,0.4,19.055229368146858
1166,94.4,1.7000000000000002,1.9000000000000004,0.5,19.089435973629502
1167,94.3,1.7000000000000002,1.9000000000000004,0.6,19.11909114243963
1168,94.2,1.7000000000000002,1.9000000000000004,0.7000000000000001,19.143819551386265
1169,94.7,1.8000000000000005,1.9000000000000004,0.1,18.98546587195728
1170,94.6,1.8000000000000005,1.9000000000000004,0.2,19.029980858948367
1171,94.5,1.8000000000000005,1.9000000000000004,0.3,19.070909438271727
1172,94.4,1.8000000000000005,1.9000000000000004,0.4,19.107768574100014
1173,94.3,1.8000000000000005,1.9000000000000004,0.5,19.14010855867385
1174,94.2,1.8000000000000005,1.9000000000000004,0.6,19.167521687267914
1175,94.1,1.8000000000000005,1.9000000000000004,0.7000000000000001,19.189650369711647
1176,94.6,1.9000000000000004,1.9000000000000004,0.1,19.038193035816466
1177,94.5,1.9000000000000004,1.9000000000000004,0.2,19.08157644807357
1178,94.4,1.9000000000000004,1.9000000000000004,0.3,19.120977137025633
1179,94.29999999999998,1.9000000000000004,1.9000000000000004,0.4,19.155916756520007
1180,94.2,1.9000000000000004,1.9000000000000004,0.5,19.185956498838767
1181,94.1,1.9000000000000004,1.9000000000000004,0.6,19.210705755452413
1182,94.0,1.9000000000000004,1.9000000000000004,0.7000000000000001,19.22983006884077
1183,94.5,2.0000000000000004,1.9000000000000004,0.1,19.08708517006805
1184,94.4,2.0000000000000004,1.9000000000000004,0.2,19.128884117445914
1185,94.3,2.0000000000000004,1.9000000000000004,0.3,19.16630511760601
1186,94.2,2.0000000000000004,1.9000000000000004,0.4,19.198879932928538
1187,94.1,2.0000000000000004,1.9000000000000004,0.5,19.226186193440594
1188,94.0,2.0000000000000004,1.9000000000000004,0.6,19.247855933534414
1189,93.9,2.0000000000000004,1.9000000000000004,0.7000000000000001,19.263583270368628
1190,94.4,2.1000000000000005,1.9000000000000004,0.1,19.131374371500165
1191,94.3,2.1000000000000005,1.9000000000000004,0.2,19.171126279838585
1192,94.2,2.1000000000000005,1.9000000000000004,0.3,19.206111603176215
1193,94.1,2.1000000000000005,1.9000000000000004,0.4,19.235877866961815
1194,94.0,2.1000000000000005,1.9000000000000004,0.5,19.26002482005676
1195,93.9,2.1000000000000005,1.9000000000000004,0.6,19.278212731597648
1196,93.8,2.1000000000000005,1.9000000000000004,0.7000000000000001,19.29016967865952
1197,94.3,2.2000000000000006,1.9000000000000004,0.1,19.170299412092895
1198,94.2,2.2000000000000006,1.9000000000000004,0.2,19.207538747542777
1199,94.1,2.2000000000000006,1.9000000000000004,0.3,19.23963522405473
1200,94.0,2.2000000000000006,1.9000000000000004,0.4,19.266157931183738
1201,93.9,2.2000000000000006,1.9000000000000004,0.5,19.286734464911174
1202,93.8,2.2000000000000006,1.9000000000000004,0.6,19.30105886485498
1203,93.7,2.2000000000000006,1.9000000000000004,0.7000000000000001,19.308898392497518
1204,94.2,2.3000000000000007,1.9000000000000004,0.1,19.203118878490365
1205,94.1,2.3000000000000007,1.9000000000000004,0.2,19.237384318811998
1206,94.0,2.3000000000000007,1.9000000000000004,0.3,19.266148947990494
1207,93.9,2.3000000000000007,1.9000000000000004,0.4,19.28900926937209
1208,93.8,2.3000000000000007,1.9000000000000004,0.5,19.305626398591553
1209,93.7,2.3000000000000007,1.9000000000000004,0.6,19.31573351959945
1210,93.6,2.3000000000000007,1.9000000000000004,0.7000000000000001,19.31914203576355
1211,94.1,2.400000000000001,1.9000000000000004,0.1,19.229124746064922
1212,94.0,2.400000000000001,1.9000000000000004,0.2,19.259966659246714
1213,93.9,2.400000000000001,1.9000000000000004,0.3,19.284974155106063
1214,93.79999999999998,2.400000000000001,1.9000000000000004,0.4,19.303776944644305
1215,93.7,2.400000000000001,1.9000000000000004,0.5,19.316075172537847
1216,93.6,2.400000000000001,1.9000000000000004,0.6,19.321646271130646
1217,93.5,2.400000000000001,1.9000000000000004,0.7000000000000001,19.320350370215376
1218,94.0,2.500000000000001,1.9000000000000004,0.1,19.247656095190685
1219,93.9,2.500000000000001,1.9000000000000004,0.2,19.274644170496508
1220,93.8,2.500000000000001,1.9000000000000004,0.3,19.29549453728009
1221,93.7,2.500000000000001,1.9000000000000004,0.4,19.30987574352598
1222,93.6,2.500000000000001,1.9000000000000004,0.5,19.31753219992111
1223,93.5,2.500000000000001,1.9000000000000004,0.6,19.318290314160027
1224,93.4,2.500000000000001,1.9000000000000004,0.7000000000000001,19.31206305124118
1225,93.9,2.600000000000001,1.9000000000000004,0.1,19.25811265742828
1226,93.8,2.600000000000001,1.9000000000000004,0.2,19.280843522647213
1227,93.7,2.600000000000001,1.9000000000000004,0.3,19.297169490021243
1228,93.6,2.600000000000001,1.9000000000000004,0.4,19.306803298954694
1229,93.5,2.600000000000001,1.9000000000000004,0.5,19.3095384822738
1230,93.4,2.600000000000001,1.9000000000000004,0.6,19.305254668954955
1231,93.3,2.600000000000001,1.9000000000000004,0.7000000000000001,19.293921195302016
1232,93.8,2.700000000000001,1.9000000000000004,0.1,19.259967867842228
1233,93.7,2.700000000000001,1.9000000000000004,0.2,19.278072519634094
1234,93.6,2.700000000000001,1.9000000000000004,0.3,19.289546662606703
1235,93.5,2.700000000000001,1.9000000000000004,0.4,19.29415219789695
1236,93.4,2.700000000000001,1.9000000000000004,0.5,19.291736151015414
1237,93.3,2.700000000000001,1.9000000000000004,0.6,19.282235039405048
1238,93.2,2.700000000000001,1.9000000000000004,0.7000000000000001,19.26567744579563
1239,93.7,2.800000000000001,1.9000000000000004,0.1,19.252781097404394
1240,93.6,2.800000000000001,1.9000000000000004,0.2,19.265931969612062
1241,93.5,2.800000000000001,1.9000000000000004,0.3,19.27227333989504
1242,93.4,2.800000000000001,1.9000000000000004,0.4,19.27162075204282
1243,93.3,2.800000000000001,1.9000000000000004,0.5,19.263878510966748
1244,93.2,2.800000000000001,1.9000000000000004,0.6,19.249043022227198
1245,93.1,2.800000000000001,1.9000000000000004,0.7000000000000001,19.22720425201817
1246,93.6,2.900000000000001,1.9000000000000004,0.1,19.23620874684846
1247,93.5,2.900000000000001,1.9000000000000004,0.2,19.24412624472317
1248,93.4,2.900000000000001,1.9000000000000004,0.3,19.245106346903047
1249,93.29999999999998,2.900000000000001,1.9000000000000004,0.4,19.239022132874577
1250,93.2,2.900000000000001,1.9000000000000004,0.5,19.225838300818438
1251,93.1,2.900000000000001,1.9000000000000004,0.6,19.20561339923475
1252,93.0,2.900000000000001,1.9000000000000004,0.7000000000000001,19.17850011315313
1253,93.5,3.0000000000000013,1.9000000000000004,0.1,19.21001390055671
1254,93.4,3.0000000000000013,1.9000000000000004,0.2,19.212472237076316
1255,93.3,3.0000000000000013,1.9000000000000004,0.3,19.20792019471938
1256,93.2,3.0000000000000013,1.9000000000000004,0.4,19.196291604854757
1257,93.1,3.0000000000000013,1.9000000000000004,0.5,19.177613922699674
1258,93.0,3.0000000000000013,1.9000000000000004,0.6,19.15200928618419
1259,92.9,3.0000000000000013,1.9000000000000004,0.7000000000000001,19.119693584806875
1260,93.4,3.1000000000000014,1.9000000000000004,0.1,19.174074265851118
1261,93.3,3.1000000000000014,1.9000000000000004,0.2,19.170906449577213
1262,93.2,3.1000000000000014,1.9000000000000004,0.3,19.160713223010106
1263,93.1,3.1000000000000014,1.9000000000000004,0.4,19.14349163175575
1264,93.0,3.1000000000000014,1.9000000000000004,0.5,19.11933343851152
1265,92.9,3.1000000000000014,1.9000000000000004,0.6,19.08842496104002
1266,92.8,3.1000000000000014,1.9000000000000004,0.7000000000000001,19.05104489824073
1267,93.3,3.200000000000001,1.9000000000000004,0.1,19.128388158836074
1268,93.2,3.200000000000001,1.9000000000000004,0.2,19.119490000743177
1269,93.1,3.200000000000001,1.9000000000000004,0.3,19.10361153929557
1270,93.0,3.200000000000001,1.9000000000000004,0.4,19.080814680125616
1271,92.9,3.200000000000001,1.9000000000000004,0.5,19.05125618325205
1272,92.8,3.200000000000001,1.9000000000000004,0.6,19.01518625012294
1273,92.7,3.200000000000001,1.9000000000000004,0.7000000000000001,18.972945100548493
1274,93.2,3.3000000000000016,1.9000000000000004,0.1,19.073078341767935
1275,93.1,3.3000000000000016,1.9000000000000004,0.2,19.05841137069815
1276,93.0,3.3000000000000016,1.9000000000000004,0.3,19.03687060706768
1277,92.9,3.3000000000000016,1.9000000000000004,0.4,19.00858359912213
1278,92.8,3.3000000000000016,1.9000000000000004,0.5,18.973771903596177
1279,92.7,3.3000000000000016,1.9000000000000004,0.6,18.932748410835416
1280,92.6,3.3000000000000016,1.9000000000000004,0.7000000000000001,18.885912685802097
1281,93.1,3.4000000000000017,1.9000000000000004,0.1,19.008393567560727
1282,93.0,3.4000000000000017,1.9000000000000004,0.2,18.987986769762642
1283,92.9,3.4000000000000017,1.9000000000000004,0.3,18.96087439211942
1284,92.79999999999998,3.4000000000000017,1.9000000000000004,0.4,18.927249515766892
1285,92.7,3.4000000000000017,1.9000000000000004,0.5,18.887397391710344
1286,92.6,3.4000000000000017,1.9000000000000004,0.6,18.841691512613295
1287,92.5,3.4000000000000017,1.9000000000000004,0.7000000000000001,18.790587750695238
1288,93.0,3.5000000000000018,1.9000000000000004,0.1,18.934707742963084
1289,92.9,3.5000000000000018,1.9000000000000004,0.2,18.908658069779975
1290,92.8,3.5000000000000018,1.9000000000000004,0.3,18.87613203740546
1291,92.7,3.5000000000000018,1.9000000000000004,0.4,18.837387247207246
1292,92.6,3.5000000000000018,1.9000000000000004,0.5,18.79277064773891
1293,92.5,3.5000000000000018,1.9000000000000004,0.6,18.742713381440094
1294,92.4,3.5000000000000018,1.9000000000000004,0.7000000000000001,18.68772377143553
1295,92.9,3.600000000000002,1.9000000000000004,0.1,18.85251668143101
1296,92.79999999999998,3.600000000000002,1.9000000000000004,0.2,18.82098829972047
1297,92.7,3.600000000000002,1.9000000000000004,0.3,18.78327209942446
1298,92.59999999999998,3.600000000000002,1.9000000000000004,0.4,18.739688294844438
1299,92.5,3.600000000000002,1.9000000000000004,0.5,18.690642667577563
1300,92.4,3.600000000000002,1.9000000000000004,0.6,18.636620235650575
1301,92.29999999999998,3.600000000000002,1.9000000000000004,0.7000000000000001,18.578177159556084
1302,92.8,3.700000000000002,1.9000000000000004,0.1,18.76243247790008
1303,92.7,3.700000000000002,1.9000000000000004,0.2,18.72565476923276
1304,92.6,3.700000000000002,1.9000000000000004,0.3,18.683034441515716
1305,92.5,3.700000000000002,1.9000000000000004,0.4,18.634951547174428
1306,92.4,3.700000000000002,1.9000000000000004,0.5,18.581867013432685
1307,92.3,3.700000000000002,1.9000000000000004,0.6,18.524315199856712
1308,92.2,3.700000000000002,1.9000000000000004,0.7000000000000001,18.462894811001032
1309,92.7,3.800000000000002,1.9000000000000004,0.1,18.665175598580728
1310,92.6,3.800000000000002,1.9000000000000004,0.2,18.623439944682737
1311,92.5,3.800000000000002,1.9000000000000004,0.3,18.57625993960299
1312,92.4,3.800000000000002,1.9000000000000004,0.4,18.524071876915126
1313,92.3,3.800000000000002,1.9000000000000004,0.5,18.467387381319735
1314,92.2,3.800000000000002,1.9000000000000004,0.6,18.406784937780017
1315,92.1,3.800000000000002,1.9000000000000004,0.7000000000000001,18.342899913505722
1316,92.6,3.900000000000002,1.9000000000000004,0.1,18.561564837614124
1317,92.5,3.900000000000002,1.9000000000000004,0.2,18.51522025989398
1318,92.4,3.900000000000002,1.9000000000000004,0.3,18.463878211882026
1319,92.29999999999998,3.900000000000002,1.9000000000000004,0.4,18.408026871603145
1320,92.2,3.900000000000002,1.9000000000000004,0.5,18.348223430296354
1321,92.1,3.900000000000002,1.9000000000000004,0.6,18.285084691889523
1322,92.0,3.900000000000002,1.9000000000000004,0.7000000000000001,18.219276320382995
1323,92.5,4.000000000000002,1.9000000000000004,0.1,18.45250534706442
1324,92.4,4.000000000000002,1.9000000000000004,0.2,18.401953096449276
1325,92.3,4.000000000000002,1.9000000000000004,0.3,18.346893633974723
1326,92.2,4.000000000000002,1.9000000000000004,0.4,18.287861983659468
1327,92.1,4.000000000000002,1.9000000000000004,0.5,18.225455181295214
1328,92.0,4.000000000000002,1.9000000000000004,0.6,18.16032205659435
1329,91.9,4.000000000000002,1.9000000000000004,0.7000000000000001,18.093151833055035
1330,92.4,4.100000000000002,1.9000000000000004,0.1,18.338974995562843
1331,92.29999999999998,4.100000000000002,1.9000000000000004,0.2,18.284662214388597
1332,92.2,4.100000000000002,1.9000000000000004,0.3,18.226369943618028
1333,92.09999999999998,4.100000000000002,1.9000000000000004,0.4,18.164674424525415
1334,92.0,4.100000000000002,1.9000000000000004,0.5,18.100206327635192
1335,91.9,4.100000000000002,1.9000000000000004,0.6,18.033639841192294
1336,91.79999999999998,4.100000000000002,1.9000000000000004,0.7000000000000001,17.96568075907707
1337,92.3,4.200000000000003,1.9000000000000004,0.1,18.22200935245294
1338,92.2,4.200000000000003,1.9000000000000004,0.2,18.164421952044595
1339,92.1,4.200000000000003,1.9000000000000004,0.3,18.103413772748052
1340,92.0,4.200000000000003,1.9000000000000004,0.4,18.03959615673428
1341,91.9,4.200000000000003,1.9000000000000004,0.5,17.97362682368122
1342,91.8,4.200000000000003,1.9000000000000004,0.6,17.90619839804101
1343,91.7,4.200000000000003,1.9000000000000004,0.7000000000000001,17.838026126369172
1344,92.2,4.3000000000000025,1.9000000000000004,0.1,18.102685627270965
1345,92.1,4.3000000000000025,1.9000000000000004,0.2,18.042340542486127
1346,92.0,4.3000000000000025,1.9000000000000004,0.3,17.97915746892865
1347,91.9,4.3000000000000025,1.9000000000000004,0.4,17.91377635691846
1348,91.8,4.3000000000000025,1.9000000000000004,0.5,17.84687513208134
1349,91.7,4.3000000000000025,1.9000000000000004,0.6,17.77915780006224
1350,91.6,4.3000000000000025,1.9000000000000004,0.7000000000000001,17.71134193765816
1351,92.1,4.400000000000002,1.9000000000000004,0.1,17.982105917899784
1352,92.0,4.400000000000002,1.9000000000000004,0.2,17.91954291282083
1353,91.9,4.400000000000002,1.9000000000000004,0.3,17.854741581849026
1354,91.79999999999998,4.400000000000002,1.9000000000000004,0.4,17.78836373133115
1355,91.7,4.400000000000002,1.9000000000000004,0.5,17.721100513284476
1356,91.6,4.400000000000002,1.9000000000000004,0.6,17.653660249647377
1357,91.5,4.400000000000002,1.9000000000000004,0.7000000000000001,17.58675584185029
1358,92.0,4.500000000000003,1.9000000000000004,0.1,17.86138013416581
1359,91.9,4.500000000000003,1.9000000000000004,0.2,17.797153341012418
1360,91.8,4.500000000000003,1.9000000000000004,0.3,17.731297393832516
1361,91.7,4.500000000000003,1.9000000000000004,0.4,17.664489063415534
1362,91.6,4.500000000000003,1.9000000000000004,0.5,17.59742573374967
1363,91.5,4.500000000000003,1.9000000000000004,0.6,17.530813088598514
1364,91.4,4.500000000000003,1.9000000000000004,0.7000000000000001,17.465352581669272
1365,91.9,4.600000000000003,1.9000000000000004,0.1,17.74160896676462
1366,91.79999999999998,4.600000000000003,1.9000000000000004,0.2,17.676278342836063
1367,91.7,4.600000000000003,1.9000000000000004,0.3,17.609929866072164
1368,91.59999999999998,4.600000000000003,1.9000000000000004,0.4,17.543248360577905
1369,91.5,4.600000000000003,1.9000000000000004,0.5,17.476930551863017
1370,91.4,4.600000000000003,1.9000000000000004,0.6,17.41167275654126
1371,91.29999999999998,4.600000000000003,1.9000000000000004,0.7000000000000001,17.34815855019206
1372,91.8,4.700000000000003,1.9000000000000004,0.1,17.6238672643146
1373,91.7,4.700000000000003,1.9000000000000004,0.2,17.55799014941091
1374,91.6,4.700000000000003,1.9000000000000004,0.3,17.491701355096957
1375,91.5,4.700000000000003,1.9000000000000004,0.4,17.425686945240166
1376,91.4,4.700000000000003,1.9000000000000004,0.5,17.36063631386567
1377,91.3,4.700000000000003,1.9000000000000004,0.6,17.29723001422057
1378,91.2,4.700000000000003,1.9000000000000004,0.7000000000000001,17.236127753961316
1379,91.7,4.8000000000000025,1.9000000000000004,0.1,17.509188164498894
1380,91.6,4.8000000000000025,1.9000000000000004,0.2,17.44331111402925
1381,91.5,4.8000000000000025,1.9000000000000004,0.3,17.377616427554567
1382,91.4,4.8000000000000025,1.9000000000000004,0.4,17.312784804388336
1383,91.3,4.8000000000000025,1.9000000000000004,0.5,17.249491957135408
1384,91.2,4.8000000000000025,1.9000000000000004,0.6,17.1883967094269
1385,91.1,4.8000000000000025,1.9000000000000004,0.7000000000000001,17.13012943844714
1386,91.6,4.900000000000003,1.9000000000000004,0.1,17.398548299422828
1387,91.5,4.900000000000003,1.9000000000000004,0.2,17.333199356661183
1388,91.4,4.900000000000003,1.9000000000000004,0.3,17.268608066824715
1389,91.29999999999998,4.900000000000003,1.9000000000000004,0.4,17.205443473385966
1390,91.2,4.900000000000003,1.9000000000000004,0.5,17.14436167625191
1391,91.1,4.900000000000003,1.9000000000000004,0.6,17.085994318395354
1392,91.0,4.900000000000003,1.9000000000000004,0.7000000000000001,17.030937584250495
1393,91.5,5.000000000000004,1.9000000000000004,0.1,17.292854361521034
1394,91.4,5.000000000000004,1.9000000000000004,0.2,17.2285359167146
1395,91.3,5.000000000000004,1.9000000000000004,0.3,17.16552552354047
1396,91.2,5.000000000000004,1.9000000000000004,0.4,17.104474685169116
1397,91.1,5.000000000000004,1.9000000000000004,0.5,17.046014459889438
1398,91.0,5.000000000000004,1.9000000000000004,0.6,16.990744445920345
1399,90.9,5.000000000000004,1.9000000000000004,0.7000000000000001,16.93922243117468
1400,91.4,5.100000000000003,1.9000000000000004,0.1,17.192931275849
1401,91.29999999999998,5.100000000000003,1.9000000000000004,0.2,17.13011364074242
1402,91.2,5.100000000000003,1.9000000000000004,0.3,17.069124015249546
1403,91.09999999999998,5.100000000000003,1.9000000000000004,0.4,17.010590966622722
1404,91.0,5.100000000000003,1.9000000000000004,0.5,16.955115655314664
1405,90.9,5.100000000000003,1.9000000000000004,0.6,16.903261414761968
1406,90.79999999999998,5.100000000000003,1.9000000000000004,0.7000000000000001,16.85554413379365
1407,91.3,5.200000000000003,1.9000000000000004,0.1,17.099512178818784
1408,91.2,5.200000000000003,1.9000000000000004,0.2,17.038627983319678
1409,91.1,5.200000000000003,1.9000000000000004,0.3,16.98005642977172
1410,91.0,5.200000000000003,1.9000000000000004,0.4,16.92439831157861
1411,90.9,5.200000000000003,1.9000000000000004,0.5,16.872220663769742
1412,90.8,5.200000000000003,1.9000000000000004,0.6,16.824047020847964
1413,90.7,5.200000000000003,1.9000000000000004,0.7000000000000001,16.78034859806062
1414,91.2,5.300000000000003,1.9000000000000004,0.1,17.013230353925533
1415,91.1,5.300000000000003,1.9000000000000004,0.2,16.954669847858767
1416,91.0,5.300000000000003,1.9000000000000004,0.3,16.89886713393352
1417,90.9,5.300000000000003,1.9000000000000004,0.4,16.846391006119404
1418,90.8,5.300000000000003,1.9000000000000004,0.5,16.79777081594034
1419,90.7,5.300000000000003,1.9000000000000004,0.6,16.753487476921958
1420,90.6,5.300000000000003,1.9000000000000004,0.7000000000000001,16.713965495416033
1421,91.1,5.400000000000004,1.9000000000000004,0.1,16.93461322335595
1422,91.0,5.400000000000004,1.9000000000000004,0.2,16.878720541313907
1423,90.9,5.400000000000004,1.9000000000000004,0.3,16.82598793591395
1424,90.79999999999998,5.400000000000004,1.9000000000000004,0.4,16.776948628341707
1425,90.7,5.400000000000004,1.9000000000000004,0.5,16.73209142363231
1426,90.6,5.400000000000004,1.9000000000000004,0.6,16.69185251519615
1427,90.5,5.400000000000004,1.9000000000000004,0.7000000000000001,16.656608400249674
1428,91.0,5.500000000000004,1.9000000000000004,0.1,16.864078442164615
1429,90.9,5.500000000000004,1.9000000000000004,0.2,16.811148864132136
1430,90.8,5.500000000000004,1.9000000000000004,0.3,16.761736196986917
1431,90.7,5.500000000000004,1.9000000000000004,0.4,16.71633519295408
1432,90.6,5.500000000000004,1.9000000000000004,0.5,16.67539195318706
1433,90.5,5.500000000000004,1.9000000000000004,0.6,16.639296570644373
1434,90.4,5.500000000000004,1.9000000000000004,0.7000000000000001,16.608376949771298
1435,94.9,1.5,2.0000000000000004,0.1,18.88428612438688
1436,94.8,1.5,2.0000000000000004,0.2,18.930599764738407
1437,94.7,1.5,2.0000000000000004,0.3,18.974103365136703
1438,94.6,1.5,2.0000000000000004,0.4,19.014313337444204
1439,94.5,1.5,2.0000000000000004,0.5,19.050767403453232
1440,94.4,1.5,2.0000000000000004,0.6,19.083033081000266
1441,94.3,1.5,2.0000000000000004,0.7000000000000001,19.110715885218564
1442,94.8,1.6,2.0000000000000004,0.1,18.945673557448565
1443,94.7,1.6,2.0000000000000004,0.2,18.991847674975514
1444,94.6,1.6,2.0000000000000004,0.3,19.03482000089148
1445,94.5,1.6,2.0000000000000004,0.4,19.074100412904272
1446,94.4,1.6,2.0000000000000004,0.5,19.109225892581996
1447,94.3,1.6,2.0000000000000004,0.6,19.139769215946426
1448,94.2,1.6,2.0000000000000004,0.7000000000000001,19.165347226800556
1449,94.7,1.7000000000000002,2.0000000000000004,0.1,19.005017415491388
1450,94.6,1.7000000000000002,2.0000000000000004,0.2,19.050635252381174
1451,94.5,1.7000000000000002,2.0000000000000004,0.3,19.09264906849908
1452,94.4,1.7000000000000002,2.0000000000000004,0.4,19.130566910196872
1453,94.3,1.7000000000000002,2.0000000000000004,0.5,19.16393002392833
1454,94.2,1.7000000000000002,2.0000000000000004,0.6,19.192321659112977
1455,94.1,1.7000000000000002,2.0000000000000004,0.7000000000000001,19.215375312812487
1456,94.6,1.8000000000000005,2.0000000000000004,0.1,19.06155731758509
1457,94.5,1.8000000000000005,2.0000000000000004,0.2,19.10617814581244
1458,94.4,1.8000000000000005,2.0000000000000004,0.3,19.1467868743282
1459,94.3,1.8000000000000005,2.0000000000000004,0.4,19.1828948325336
1460,94.2,1.8000000000000005,2.0000000000000004,0.5,19.214052876217263
1461,94.1,1.8000000000000005,2.0000000000000004,0.6,19.239860200671764
1462,94.0,1.8000000000000005,2.0000000000000004,0.7000000000000001,19.25997244801577
1463,94.5,1.9000000000000004,2.0000000000000004,0.1,19.11450947220088
1464,94.4,1.9000000000000004,2.0000000000000004,0.2,19.157673926361
1465,94.3,1.9000000000000004,2.0000000000000004,0.3,19.196417467931038
1466,94.2,1.9000000000000004,2.0000000000000004,0.4,19.23026017099178
1467,94.1,1.9000000000000004,2.0000000000000004,0.5,19.25876810951299
1468,94.0,1.9000000000000004,2.0000000000000004,0.6,19.28156207029315
1469,93.9,1.9000000000000004,2.0000000000000004,0.7000000000000001,19.298325407943487
1470,94.4,2.0000000000000004,2.0000000000000004,0.1,19.16307805180043
1471,94.3,2.0000000000000004,2.0000000000000004,0.2,19.204314185615107
1472,94.2,2.0000000000000004,2.0000000000000004,0.3,19.240725391966834
1473,94.1,2.0000000000000004,2.0000000000000004,0.4,19.271846221673677
1474,94.0,2.0000000000000004,2.0000000000000004,0.5,19.2972637539884
1475,93.9,2.0000000000000004,2.0000000000000004,0.6,19.316626092230152
1476,93.8,2.0000000000000004,2.0000000000000004,0.7000000000000001,19.329649847138175
1477,94.3,2.1000000000000005,2.0000000000000004,0.1,19.206467635189124
1478,94.2,2.1000000000000005,2.0000000000000004,0.2,19.245297608356555
1479,94.1,2.1000000000000005,2.0000000000000004,0.3,19.27890929780616
1480,94.0,2.1000000000000005,2.0000000000000004,0.4,19.306857645568517
1481,93.9,2.1000000000000005,2.0000000000000004,0.5,19.328756605741905
1482,93.8,2.1000000000000005,2.0000000000000004,0.6,19.344287300975395
1483,93.7,2.1000000000000005,2.0000000000000004,0.7000000000000001,19.353205012803013
1484,94.2,2.2000000000000006,2.0000000000000004,0.1,19.24389649670773
1485,94.1,2.2000000000000006,2.0000000000000004,0.2,19.27984377633591
1486,94.0,2.2000000000000006,2.0000000000000004,0.3,19.310196162529923
1487,93.9,2.2000000000000006,2.0000000000000004,0.4,19.33453498781652
1488,93.8,2.2000000000000006,2.0000000000000004,0.5,19.352506929642267
1489,93.7,2.2000000000000006,2.0000000000000004,0.6,19.363831703394098
1490,93.6,2.2000000000000006,2.0000000000000004,0.7000000000000001,19.368308438627007
1491,94.1,2.3000000000000007,2.0000000000000004,0.1,19.27461048420409
1492,94.0,2.3000000000000007,2.0000000000000004,0.2,19.307207424850322
1493,93.9,2.3000000000000007,2.0000000000000004,0.3,19.333855810870503
1494,93.8,2.3000000000000007,2.0000000000000004,0.4,19.354169344164365
1495,93.7,2.3000000000000007,2.0000000000000004,0.5,19.36783314399148
1496,93.6,2.3000000000000007,2.0000000000000004,0.6,19.37461085216989
1497,93.5,2.3000000000000007,2.0000000000000004,0.7000000000000001,19.3743502769415
1498,94.0,2.400000000000001,2.0000000000000004,0.1,19.297897196239
1499,93.9,2.400000000000001,2.0000000000000004,0.2,19.32669284537486
1500,93.8,2.400000000000001,2.0000000000000004,0.3,19.349215420674824
1501,93.7,2.400000000000001,2.0000000000000004,0.4,19.365116841386264
1502,93.6,2.400000000000001,2.0000000000000004,0.5,19.374126145119455
1503,93.5,2.400000000000001,2.0000000000000004,0.6,19.376055883380072
1504,93.4,2.400000000000001,2.0000000000000004,0.7000000000000001,19.370806920240383
1505,93.9,2.500000000000001,2.0000000000000004,0.1,19.313100144525315
1506,93.8,2.500000000000001,2.0000000000000004,0.2,19.33766810678114
1507,93.7,2.500000000000001,2.0000000000000004,0.3,19.355673673918446
1508,93.6,2.500000000000001,2.0000000000000004,0.4,19.366812586425944
1509,93.5,2.500000000000001,2.0000000000000004,0.5,19.370862922830323
1510,93.4,2.500000000000001,2.0000000000000004,0.6,19.367690668860597
1511,93.3,2.500000000000001,2.0000000000000004,0.7000000000000001,19.357253566102596
1512,93.8,2.600000000000001,2.0000000000000004,0.1,19.31963257136793
1513,93.7,2.600000000000001,2.0000000000000004,0.2,19.339578755803664
1514,93.6,2.600000000000001,2.0000000000000004,0.3,19.352714208126223
1515,93.5,2.600000000000001,2.0000000000000004,0.4,19.358783736808363
1516,93.4,2.600000000000001,2.0000000000000004,0.5,19.357619120565545
1517,93.3,2.600000000000001,2.0000000000000004,0.6,19.34914374221326
1518,93.2,2.600000000000001,2.0000000000000004,0.7000000000000001,19.333375392997105
1519,93.7,2.700000000000001,2.0000000000000004,0.1,19.316990584807066
1520,93.6,2.700000000000001,2.0000000000000004,0.2,19.331960655189754
1521,93.5,2.700000000000001,2.0000000000000004,0.3,19.339918025911107
1522,93.4,2.700000000000001,2.0000000000000004,0.4,19.3406613529621
1523,93.3,2.700000000000001,2.0000000000000004,0.5,19.334080207540982
1524,93.2,2.700000000000001,2.0000000000000004,0.6,19.320158675969985
1525,93.1,2.700000000000001,2.0000000000000004,0.7000000000000001,19.29897703825837
1526,93.6,2.800000000000001,2.0000000000000004,0.1,19.304765276909087
1527,93.5,2.800000000000001,2.0000000000000004,0.2,19.314451625874053
1528,93.4,2.800000000000001,2.0000000000000004,0.3,19.31697453353619
1529,93.3,2.800000000000001,2.0000000000000004,0.4,19.312190711607176
1530,93.2,2.800000000000001,2.0000000000000004,0.5,19.300050953887446
1531,93.1,2.800000000000001,2.0000000000000004,0.6,19.280602616301536
1532,93.0,2.800000000000001,2.0000000000000004,0.7000000000000001,19.25399010324183
1533,93.5,2.900000000000001,2.0000000000000004,0.1,19.282653503500626
1534,93.4,2.900000000000001,2.0000000000000004,0.2,19.286801577677778
1535,93.3,2.900000000000001,2.0000000000000004,0.3,19.283690902871715
1536,93.2,2.900000000000001,2.0000000000000004,0.4,19.273239788043142
1537,93.1,2.900000000000001,2.0000000000000004,0.5,19.25546293352683
1538,93.0,2.900000000000001,2.0000000000000004,0.6,19.2304727201003
1539,92.9,2.900000000000001,2.0000000000000004,0.7000000000000001,19.198478453479662
1540,93.4,3.0000000000000013,2.0000000000000004,0.1,19.250467026544072
1541,93.3,3.0000000000000013,2.0000000000000004,0.2,19.248880841196367
1542,93.2,3.0000000000000013,2.0000000000000004,0.3,19.2399994844175
1543,93.1,3.0000000000000013,2.0000000000000004,0.4,19.22380565338339
1544,93.0,3.0000000000000013,2.0000000000000004,0.5,19.200379822325345
1545,92.9,3.0000000000000013,2.0000000000000004,0.6,19.169900286273197
1546,92.8,3.0000000000000013,2.0000000000000004,0.7000000000000001,19.132641132381323
1547,93.3,3.1000000000000014,2.0000000000000004,0.1,19.208139752874814
1548,93.2,3.1000000000000014,2.0000000000000004,0.2,19.20068645108508
1549,93.1,3.1000000000000014,2.0000000000000004,0.3,19.18596304137735
1550,93.0,3.1000000000000014,2.0000000000000004,0.4,19.164018579524658
1551,92.9,3.1000000000000014,2.0000000000000004,0.5,19.135000309806454
1552,92.8,3.1000000000000014,2.0000000000000004,0.6,19.099152427314415
1553,92.7,3.1000000000000014,2.0000000000000004,0.7000000000000001,19.056812764177533
1554,93.2,3.200000000000001,2.0000000000000004,0.1,19.1557328443691
1555,93.1,3.200000000000001,2.0000000000000004,0.2,19.142346176898556
1556,93.0,3.200000000000001,2.0000000000000004,0.3,19.121777624945537
1557,92.9,3.200000000000001,2.0000000000000004,0.4,19.0941436985864
1558,92.8,3.200000000000001,2.0000000000000004,0.5,19.059658499894514
1559,92.7,3.200000000000001,2.0000000000000004,0.6,19.018631187065967
1560,92.6,3.200000000000001,2.0000000000000004,0.7000000000000001,18.971461383651214
1561,93.1,3.3000000000000016,2.0000000000000004,0.1,19.093437523652202
1562,93.0,3.3000000000000016,2.0000000000000004,0.2,19.074120150681104
1563,92.9,3.3000000000000016,2.0000000000000004,0.3,19.047772967527944
1564,92.8,3.3000000000000016,2.0000000000000004,0.4,19.014580123089047
1565,92.7,3.3000000000000016,2.0000000000000004,0.5,18.97482173805571
1566,92.6,3.3000000000000016,2.0000000000000004,0.6,18.928870074172004
1567,92.5,3.3000000000000016,2.0000000000000004,0.7000000000000001,18.877183694807208
1568,93.0,3.4000000000000017,2.0000000000000004,0.1,19.021575454754075
1569,92.9,3.4000000000000017,2.0000000000000004,0.2,18.99639999905183
1570,92.8,3.4000000000000017,2.0000000000000004,0.3,18.96441033184999
1571,92.7,3.4000000000000017,2.0000000000000004,0.4,18.925857496426065
1572,92.6,3.4000000000000017,2.0000000000000004,0.5,18.881085866874372
1573,92.5,3.4000000000000017,2.0000000000000004,0.6,18.83052804608998
1574,92.4,3.4000000000000017,2.0000000000000004,0.7000000000000001,18.774697825959635
1575,92.9,3.5000000000000018,2.0000000000000004,0.1,18.940596637990474
1576,92.8,3.5000000000000018,2.0000000000000004,0.2,18.909705449775654
1577,92.7,3.5000000000000018,2.0000000000000004,0.3,18.87227781788945
1578,92.6,3.5000000000000018,2.0000000000000004,0.4,18.82863000823118
1579,92.5,3.5000000000000018,2.0000000000000004,0.5,18.77916797750507
1580,92.4,3.5000000000000018,2.0000000000000004,0.6,18.724381043562467
1581,92.3,3.5000000000000018,2.0000000000000004,0.7000000000000001,18.66483371268453
1582,92.8,3.600000000000002,2.0000000000000004,0.1,18.85107482092145
1583,92.7,3.600000000000002,2.0000000000000004,0.2,18.81467844679817
1584,92.6,3.600000000000002,2.0000000000000004,0.3,18.772083194288694
1585,92.5,3.600000000000002,2.0000000000000004,0.4,18.723667973982188
1586,92.4,3.600000000000002,2.0000000000000004,0.5,18.669896788489474
1587,92.3,3.600000000000002,2.0000000000000004,0.6,18.611311238106154
1588,92.2,3.600000000000002,2.0000000000000004,0.7000000000000001,18.5485213006595
1589,92.7,3.700000000000002,2.0000000000000004,0.1,18.75370049053461
1590,92.6,3.700000000000002,2.0000000000000004,0.2,18.71207487141383
1591,92.5,3.700000000000002,2.0000000000000004,0.3,18.664644384285495
1592,92.4,3.700000000000002,2.0000000000000004,0.4,18.611847140551465
1593,92.3,3.700000000000002,2.0000000000000004,0.5,18.55420084408469
1594,92.2,3.700000000000002,2.0000000000000004,0.6,18.492294213351066
1595,92.1,3.700000000000002,2.0000000000000004,0.7000000000000001,18.426776815679755
1596,92.6,3.800000000000002,2.0000000000000004,0.1,18.649271573797847
1597,92.5,3.800000000000002,2.0000000000000004,0.2,18.60275402860179
1598,92.4,3.800000000000002,2.0000000000000004,0.3,18.55087779623417
1599,92.3,3.800000000000002,2.0000000000000004,0.4,18.49413593743147
1600,92.2,3.800000000000002,2.0000000000000004,0.5,18.43309477959898
1601,92.1,3.800000000000002,2.0000000000000004,0.6,18.36838435313424
1602,92.0,3.800000000000002,2.0000000000000004,0.7000000000000001,18.300687396384472
1603,92.5,3.900000000000002,2.0000000000000004,0.1,18.538682032449728
1604,92.4,3.900000000000002,2.0000000000000004,0.2,18.48766611465006
1605,92.3,3.900000000000002,2.0000000000000004,0.3,18.43178474357208
1606,92.2,3.900000000000002,2.0000000000000004,0.4,18.371580945207963
1607,92.1,3.900000000000002,2.0000000000000004,0.5,18.307663949549166
1608,92.0,3.900000000000002,2.0000000000000004,0.6,18.240698753519403
1609,91.9,3.900000000000002,2.0000000000000004,0.7000000000000001,18.171394424986556
1610,92.4,4.000000000000002,2.0000000000000004,0.1,18.422908591484404
1611,92.3,4.000000000000002,2.0000000000000004,0.2,18.367837933203436
1612,92.2,4.000000000000002,2.0000000000000004,0.3,18.308436246913175
1613,92.1,4.000000000000002,2.0000000000000004,0.4,18.245290896929124
1614,92.0,4.000000000000002,2.0000000000000004,0.5,18.179047754278916
1615,91.9,4.000000000000002,2.0000000000000004,0.6,18.110400011059543
1616,91.8,4.000000000000002,2.0000000000000004,0.7000000000000001,18.040075921422474
1617,92.3,4.100000000000002,2.0000000000000004,0.1,18.302995887573584
1618,92.2,4.100000000000002,2.0000000000000004,0.2,18.244357170241152
1619,92.1,4.100000000000002,2.0000000000000004,0.3,18.181956550369105
1620,92.0,4.100000000000002,2.0000000000000004,0.4,18.11641956301481
1621,91.9,4.100000000000002,2.0000000000000004,0.5,18.04842203085105
1622,91.8,4.100000000000002,2.0000000000000004,0.6,17.978678264658985
1623,91.7,4.100000000000002,2.0000000000000004,0.7000000000000001,17.907928386020306
1624,92.2,4.200000000000003,2.0000000000000004,0.1,18.18004036222714
1625,92.1,4.200000000000003,2.0000000000000004,0.2,18.118355572924255
1626,92.0,4.200000000000003,2.0000000000000004,0.3,18.05350571406591
1627,91.9,4.200000000000003,2.0000000000000004,0.4,17.986147895282194
1628,91.8,4.200000000000003,2.0000000000000004,0.5,17.91698089374298
1629,91.7,4.200000000000003,2.0000000000000004,0.6,17.84673288269916
1630,91.6,4.200000000000003,2.0000000000000004,0.7000000000000001,17.776148484585367
1631,92.1,4.3000000000000025,2.0000000000000004,0.1,18.055173253705668
1632,92.0,4.3000000000000025,2.0000000000000004,0.2,17.990991401782956
1633,91.9,4.3000000000000025,2.0000000000000004,0.3,17.924261664336132
1634,91.8,4.3000000000000025,2.0000000000000004,0.4,17.855665819909373
1635,91.7,4.3000000000000025,2.0000000000000004,0.5,17.785918419692305
1636,91.6,4.3000000000000025,2.0000000000000004,0.6,17.715754190416376
1637,91.5,4.3000000000000025,2.0000000000000004,0.7000000000000001,17.64591496766315
1638,92.0,4.400000000000002,2.0000000000000004,0.1,17.92954306077809
1639,91.9,4.400000000000002,2.0000000000000004,0.2,17.863431539723457
1640,91.8,4.400000000000002,2.0000000000000004,0.3,17.795402091788862
1641,91.7,4.400000000000002,2.0000000000000004,0.4,17.726154072465196
1642,91.6,4.400000000000002,2.0000000000000004,0.5,17.656410568895502
1643,91.5,4.400000000000002,2.0000000000000004,0.6,17.586905624984805
1644,91.4,4.400000000000002,2.0000000000000004,0.7000000000000001,17.51837120296024
1645,91.9,4.500000000000003,2.0000000000000004,0.1,17.804297859935772
1646,91.8,4.500000000000003,2.0000000000000004,0.2,17.736833644575928
1647,91.7,4.500000000000003,2.0000000000000004,0.3,17.66808658532849
1648,91.6,4.500000000000003,2.0000000000000004,0.4,17.598766460623615
1649,91.5,4.500000000000003,2.0000000000000004,0.5,17.529597721962585
1650,91.4,4.500000000000003,2.0000000000000004,0.6,17.461306687841947
1651,91.3,4.500000000000003,2.0000000000000004,0.7000000000000001,17.39460867713788
1652,91.8,4.600000000000003,2.0000000000000004,0.1,17.680567855571628
1653,91.7,4.600000000000003,2.0000000000000004,0.2,17.612328724499264
1654,91.6,4.600000000000003,2.0000000000000004,0.3,17.543439377508665
1655,91.5,4.600000000000003,2.0000000000000004,0.4,17.47461292233388
1656,91.4,4.600000000000003,2.0000000000000004,0.5,17.406568189220994
1657,91.3,4.600000000000003,2.0000000000000004,0.6,17.340017036310712
1658,91.2,4.600000000000003,2.0000000000000004,0.7000000000000001,17.27565179139415
1659,91.7,4.700000000000003,2.0000000000000004,0.1,17.559448530201053
1660,91.6,4.700000000000003,2.0000000000000004,0.2,17.49100449797506
1661,91.5,4.700000000000003,2.0000000000000004,0.3,17.422533054014647
1662,91.4,4.700000000000003,2.0000000000000004,0.4,17.354743719838336
1663,91.3,4.700000000000003,2.0000000000000004,0.5,17.28834301710621
1664,91.2,4.700000000000003,2.0000000000000004,0.6,17.224022020616843
1665,91.1,4.700000000000003,2.0000000000000004,0.7000000000000001,17.162444235642138
1666,91.6,4.8000000000000025,2.0000000000000004,0.1,17.441984739671938
1667,91.5,4.8000000000000025,2.0000000000000004,0.2,17.37388987315864
1668,91.4,4.8000000000000025,2.0000000000000004,0.3,17.30637354851316
1669,91.3,4.8000000000000025,2.0000000000000004,0.4,17.240135074114807
1670,91.2,4.8000000000000025,2.0000000000000004,0.5,17.175862376694216
1671,91.1,4.8000000000000025,2.0000000000000004,0.6,17.114219929310412
1672,91.0,4.8000000000000025,2.0000000000000004,0.7000000000000001,17.05583718010404
1673,91.5,4.900000000000003,2.0000000000000004,0.1,17.32915606741437
1674,91.4,4.900000000000003,2.0000000000000004,0.2,17.26194084608412
1675,91.3,4.900000000000003,2.0000000000000004,0.3,17.195886704808924
1676,91.2,4.900000000000003,2.0000000000000004,0.4,17.13167650139853
1677,91.1,4.900000000000003,2.0000000000000004,0.5,17.06997377335728
1678,91.0,4.900000000000003,2.0000000000000004,0.6,17.011411157393066
1679,90.9,4.900000000000003,2.0000000000000004,0.7000000000000001,16.956579472353557
1680,91.4,5.000000000000004,2.0000000000000004,0.1,17.22186371330144
1681,91.3,5.000000000000004,2.0000000000000004,0.2,17.156028074957124
1682,91.2,5.000000000000004,2.0000000000000004,0.3,17.091906642617772
1683,91.1,5.000000000000004,2.0000000000000004,0.4,17.030160064921873
1684,91.0,5.000000000000004,2.0000000000000004,0.5,16.97142226564401
1685,90.9,5.000000000000004,2.0000000000000004,0.6,16.916289458763533
1686,90.8,5.000000000000004,2.0000000000000004,0.7000000000000001,16.86530997392273
1687,91.3,5.100000000000003,2.0000000000000004,0.1,17.1209191480248
1688,91.2,5.100000000000003,2.0000000000000004,0.2,17.056926339999336
1689,91.1,5.100000000000003,2.0000000000000004,0.3,16.9951661128788
1690,91.0,5.100000000000003,2.0000000000000004,0.4,16.93627170253057
1691,90.9,5.100000000000003,2.0000000000000004,0.5,16.88084282746793
1692,90.8,5.100000000000003,2.0000000000000004,0.6,16.829435389618897
1693,90.7,5.100000000000003,2.0000000000000004,0.7000000000000001,16.782552115239103
1694,91.2,5.200000000000003,2.0000000000000004,0.1,17.027034714565335
1695,91.1,5.200000000000003,2.0000000000000004,0.2,16.96530604664008
1696,91.0,5.200000000000003,2.0000000000000004,0.3,16.906288975039015
1697,90.9,5.200000000000003,2.0000000000000004,0.4,16.8505847360784
1698,90.8,5.200000000000003,2.0000000000000004,0.5,16.798754932237376
1699,90.7,5.200000000000003,2.0000000000000004,0.6,16.751311993878282
1700,90.6,5.200000000000003,2.0000000000000004,0.7000000000000001,16.70871069253847
1701,91.1,5.300000000000003,2.0000000000000004,0.1,16.94081630598469
1702,91.0,5.300000000000003,2.0000000000000004,0.2,16.881726875945365
1703,90.9,5.300000000000003,2.0000000000000004,0.3,16.8257848738356
1704,90.8,5.300000000000003,2.0000000000000004,0.4,16.77355561315505
1705,90.7,5.300000000000003,2.0000000000000004,0.5,16.725559382338712
1706,90.6,5.300000000000003,2.0000000000000004,0.6,16.68226272715878
1707,90.5,5.300000000000003,2.0000000000000004,0.7000000000000001,16.644070877084367
1708,91.0,5.400000000000004,2.0000000000000004,0.1,16.862758195025727
1709,90.9,5.400000000000004,2.0000000000000004,0.2,16.80663363169067
1710,90.8,5.400000000000004,2.0000000000000004,0.3,16.754046138424567
1711,90.7,5.400000000000004,2.0000000000000004,0.4,16.70552187738643
1712,90.6,5.400000000000004,2.0000000000000004,0.5,16.661537353973614
1713,90.5,5.400000000000004,2.0000000000000004,0.6,16.622511563849223
1714,90.4,5.400000000000004,2.0000000000000004,0.7000000000000001,16.58879935695617
1715,90.9,5.500000000000004,2.0000000000000004,0.1,16.793240037503224
1716,90.8,5.500000000000004,2.0000000000000004,0.2,16.740354280020668
1717,90.7,5.500000000000004,2.0000000000000004,0.3,16.691346873823722
1718,90.6,5.500000000000004,2.0000000000000004,0.4,16.64670231177493
1719,90.5,5.500000000000004,2.0000000000000004,0.5,16.606851577193712
1720,90.4,5.500000000000004,2.0000000000000004,0.6,16.572165183754255
1721,90.3,5.500000000000004,2.0000000000000004,0.7000000000000001,16.542947486111256
1722,94.8,1.5,2.1000000000000005,0.1,18.957664456587207
1723,94.7,1.5,2.1000000000000005,0.2,19.00463598044814
1724,94.6,1.5,2.1000000000000005,0.3,19.048408672620443
1725,94.5,1.5,2.1000000000000005,0.4,19.088486630343446
1726,94.4,1.5,2.1000000000000005,0.5,19.124400752643744
1727,94.3,1.5,2.1000000000000005,0.6,19.155717504503844
1728,94.2,1.5,2.1000000000000005,0.7000000000000001,19.182047271787994
1729,94.70000000000002,1.6,2.1000000000000005,0.1,19.020383555978388
1730,94.6,1.6,2.1000000000000005,0.2,19.066940933703442
1731,94.5,1.6,2.1000000000000005,0.3,19.109888658708257
1732,94.4,1.6,2.1000000000000005,0.4,19.148727571470467
1733,94.3,1.6,2.1000000000000005,0.5,19.182991477839803
1734,94.20000000000002,1.6,2.1000000000000005,0.6,19.21225604971798
1735,94.1,1.6,2.1000000000000005,0.7000000000000001,19.23614717457491
1736,94.6,1.7000000000000002,2.1000000000000005,0.1,19.080592878008336
1737,94.5,1.7000000000000002,2.1000000000000005,0.2,19.126293819529607
1738,94.4,1.7000000000000002,2.1000000000000005,0.3,19.16796659506735
1739,94.3,1.7000000000000002,2.1000000000000005,0.4,19.205113889429022
1740,94.2,1.7000000000000002,2.1000000000000005,0.5,19.23727777355904
1741,94.1,1.7000000000000002,2.1000000000000005,0.6,19.2640486402071
1742,94.0,1.7000000000000002,2.1000000000000005,0.7000000000000001,19.28507343920897
1743,94.5,1.8000000000000005,2.1000000000000005,0.1,19.1374914111064
1744,94.4,1.8000000000000005,2.1000000000000005,0.2,19.181872238529014
1745,94.3,1.8000000000000005,2.1000000000000005,0.3,19.221803777166503
1746,94.2,1.8000000000000005,2.1000000000000005,0.4,19.25679603611307
1747,94.1,1.8000000000000005,2.1000000000000005,0.5,19.286405006981383
1748,94.0,1.8000000000000005,2.1000000000000005,0.6,19.31024152399487
1749,93.9,1.8000000000000005,2.1000000000000005,0.7000000000000001,19.32797926926247
1750,94.4,1.9000000000000004,2.1000000000000005,0.1,19.190259712535003
1751,94.3,1.9000000000000004,2.1000000000000005,0.2,19.232841275126987
1752,94.2,1.9000000000000004,2.1000000000000005,0.3,19.270555356454903
1753,94.1,1.9000000000000004,2.1000000000000005,0.4,19.30292507441996
1754,94.0,1.9000000000000004,2.1000000000000005,0.5,19.329526209863513
1755,93.9,1.9000000000000004,2.1000000000000005,0.6,19.349995873129977
1756,93.8,1.9000000000000004,2.1000000000000005,0.7000000000000001,19.364040158551987
1757,94.3,2.0000000000000004,2.1000000000000005,0.1,19.23807225060223
1758,94.2,2.0000000000000004,2.1000000000000005,0.2,19.278366529356415
1759,94.1,2.0000000000000004,2.1000000000000005,0.3,19.313383977882655
1760,94.0,2.0000000000000004,2.1000000000000005,0.4,19.342666825688838
1761,93.9,2.0000000000000004,2.1000000000000005,0.5,19.36581662957614
1762,93.8,2.0000000000000004,2.1000000000000005,0.6,19.38250262328245
1763,93.7,2.0000000000000004,2.1000000000000005,0.7000000000000001,19.392468897571852
1764,94.20000000000002,2.1000000000000005,2.1000000000000005,0.1,19.280110738262742
1765,94.1,2.1000000000000005,2.1000000000000005,0.2,19.317628030764048
1766,94.0,2.1000000000000005,2.1000000000000005,0.3,19.34947417530391
1767,93.9,2.1000000000000005,2.1000000000000005,0.4,19.375216637311258
1768,93.8,2.1000000000000005,2.1000000000000005,0.5,19.394488750966133
1769,93.70000000000002,2.1000000000000005,2.1000000000000005,0.6,19.406997625312442
1770,93.6,2.1000000000000005,2.1000000000000005,0.7000000000000001,19.412530725923492
1771,94.1,2.2000000000000006,2.1000000000000005,0.1,19.31557820985908
1772,94.0,2.2000000000000006,2.1000000000000005,0.2,19.3498347643668
1773,93.9,2.2000000000000006,2.1000000000000005,0.3,19.378047234745758
1774,93.8,2.2000000000000006,2.1000000000000005,0.4,19.399814462833127
1775,93.7,2.2000000000000006,2.1000000000000005,0.5,19.41480746634648
1776,93.6,2.2000000000000006,2.1000000000000005,0.6,19.42277677406393
1777,93.5,2.2000000000000006,2.1000000000000005,0.7000000000000001,19.42355828716822
1778,94.0,2.3000000000000007,2.1000000000000005,0.1,19.343713557274757
1779,93.9,2.3000000000000007,2.1000000000000005,0.2,19.374239505854035
1780,93.8,2.3000000000000007,2.1000000000000005,0.3,19.39837620606815
1781,93.7,2.3000000000000007,2.1000000000000005,0.4,19.415759921169
1782,93.6,2.3000000000000007,2.1000000000000005,0.5,19.426105049408555
1783,93.5,2.3000000000000007,2.1000000000000005,0.6,19.42921076268062
1784,93.4,2.3000000000000007,2.1000000000000005,0.7000000000000001,19.42496603041784
1785,93.9,2.400000000000001,2.1000000000000005,0.1,19.363806212869726
1786,93.8,2.400000000000001,2.1000000000000005,0.2,19.390153637858987
1787,93.7,2.400000000000001,2.1000000000000005,0.3,19.40980072216506
1788,93.6,2.400000000000001,2.1000000000000005,0.4,19.422426984583264
1789,93.5,2.400000000000001,2.1000000000000005,0.5,19.427795576635113
1790,93.4,2.400000000000001,2.1000000000000005,0.6,19.42575910353921
1791,93.3,2.400000000000001,2.1000000000000005,0.7000000000000001,19.41626370096495
1792,93.8,2.500000000000001,2.1000000000000005,0.1,19.375210645576555
1793,93.7,2.500000000000001,2.1000000000000005,0.2,19.39696160234654
1794,93.6,2.500000000000001,2.1000000000000005,0.3,19.411741272686033
1795,93.5,2.500000000000001,2.1000000000000005,0.4,19.419277937844157
1796,93.4,2.500000000000001,2.1000000000000005,0.5,19.419388437702086
1797,93.3,2.500000000000001,2.1000000000000005,0.6,19.41198306011004
1798,93.2,2.500000000000001,2.1000000000000005,0.7000000000000001,19.39706857083041
1799,93.70000000000002,2.600000000000001,2.1000000000000005,0.1,19.37736032455557
1800,93.6,2.600000000000001,2.1000000000000005,0.2,19.394134636959684
1801,93.5,2.600000000000001,2.1000000000000005,0.3,19.403712577119048
1802,93.4,2.600000000000001,2.1000000000000005,0.4,19.405876254091858
1803,93.3,2.600000000000001,2.1000000000000005,0.5,19.400500584883453
1804,93.20000000000002,2.600000000000001,2.1000000000000005,0.6,19.38755714799493
1805,93.1,2.600000000000001,2.1000000000000005,0.7000000000000001,19.367116079382928
1806,93.6,2.700000000000001,2.1000000000000005,0.1,19.369780802652578
1807,93.5,2.700000000000001,2.1000000000000005,0.2,19.381243446193473
1808,93.4,2.700000000000001,2.1000000000000005,0.3,19.385335710460257
1809,93.3,2.700000000000001,2.1000000000000005,0.4,19.381898046790674
1810,93.2,2.700000000000001,2.1000000000000005,0.5,19.370867190735414
1811,93.1,2.700000000000001,2.1000000000000005,0.6,19.352278887978034
1812,93.0,2.700000000000001,2.1000000000000005,0.7000000000000001,19.326268583890954
1813,93.5,2.800000000000001,2.1000000000000005,0.1,19.352101580057663
1814,93.4,2.800000000000001,2.1000000000000005,0.2,19.35796947183028
1815,93.3,2.800000000000001,2.1000000000000005,0.3,19.356348653724456
1816,93.2,2.800000000000001,2.1000000000000005,0.4,19.347141781582778
1817,93.1,2.800000000000001,2.1000000000000005,0.5,19.330350413060316
1818,93.0,2.800000000000001,2.1000000000000005,0.6,19.306076528688006
1819,92.9,2.800000000000001,2.1000000000000005,0.7000000000000001,19.274521959336134
1820,93.4,2.900000000000001,2.1000000000000005,0.1,19.324066427148967
1821,93.3,2.900000000000001,2.1000000000000005,0.2,19.324114451103554
1822,93.2,2.900000000000001,2.1000000000000005,0.3,19.316614970954927
1823,93.1,2.900000000000001,2.1000000000000005,0.4,19.301535966461593
1824,93.0,2.900000000000001,2.1000000000000005,0.5,19.278946005675937
1825,92.9,2.900000000000001,2.1000000000000005,0.6,19.249014500555482
1826,92.8,2.900000000000001,2.1000000000000005,0.7000000000000001,19.212009835015916
1827,93.3,3.0000000000000013,2.1000000000000005,0.1,19.285541874261458
1828,93.2,3.0000000000000013,2.1000000000000005,0.2,19.27960798510299
1829,93.1,3.0000000000000013,2.1000000000000005,0.3,19.266130353518214
1830,93.0,3.0000000000000013,2.1000000000000005,0.4,19.245144582588186
1831,92.9,3.0000000000000013,2.1000000000000005,0.5,19.216787561804942
1832,92.8,3.0000000000000013,2.1000000000000005,0.6,19.18129641494661
1833,92.7,3.0000000000000013,2.1000000000000005,0.7000000000000001,19.13900531101706
1834,93.20000000000002,3.1000000000000014,2.1000000000000005,0.1,19.23652361441033
1835,93.1,3.1000000000000014,2.1000000000000005,0.2,19.224512883157406
1836,93.0,3.1000000000000014,2.1000000000000005,0.3,19.205026820294172
1837,92.9,3.1000000000000014,2.1000000000000005,0.4,19.178170070077382
1838,92.8,3.1000000000000014,2.1000000000000005,0.5,19.144148232578274
1839,92.70000000000002,3.1000000000000014,2.1000000000000005,0.6,19.103265481133338
1840,92.6,3.1000000000000014,2.1000000000000005,0.7000000000000001,19.05592005889023
1841,93.1,3.200000000000001,2.1000000000000005,0.1,19.17714061181786
1842,93.0,3.200000000000001,2.1000000000000005,0.2,19.1590281001459
1843,92.9,3.200000000000001,2.1000000000000005,0.3,19.133574417531776
1844,92.8,3.200000000000001,2.1000000000000005,0.4,19.10095374165945
1845,92.7,3.200000000000001,2.1000000000000005,0.5,19.061439824548398
1846,92.6,3.200000000000001,2.1000000000000005,0.6,19.015402277335216
1847,92.5,3.200000000000001,2.1000000000000005,0.7000000000000001,18.963300775909897
1848,93.0,3.3000000000000016,2.1000000000000005,0.1,19.107656763109606
1849,92.9,3.3000000000000016,2.1000000000000005,0.2,19.083489141393247
1850,92.8,3.3000000000000016,2.1000000000000005,0.3,19.052180322986842
1851,92.7,3.3000000000000016,2.1000000000000005,0.4,19.013973560494904
1852,92.6,3.3000000000000016,2.1000000000000005,0.5,18.969209245339762
1853,92.5,3.3000000000000016,2.1000000000000005,0.6,18.918319878454692
1854,92.4,3.3000000000000016,2.1000000000000005,0.7000000000000001,18.861823029118383
1855,92.9,3.4000000000000017,2.1000000000000005,0.1,19.02847001764303
1856,92.8,3.4000000000000017,2.1000000000000005,0.2,18.998365872244836
1857,92.7,3.4000000000000017,2.1000000000000005,0.3,18.961385323610497
1858,92.6,3.4000000000000017,2.1000000000000005,0.4,18.917839284607872
1859,92.5,3.4000000000000017,2.1000000000000005,0.5,18.868132333574454
1860,92.4,3.4000000000000017,2.1000000000000005,0.6,18.812756410228115
1861,92.3,3.4000000000000017,2.1000000000000005,0.7000000000000001,18.752282591810353
1862,92.8,3.5000000000000018,2.1000000000000005,0.1,18.940108926769433
1863,92.7,3.5000000000000018,2.1000000000000005,0.2,18.904257734642155
1864,92.6,3.5000000000000018,2.1000000000000005,0.3,18.861857702484166
1865,92.5,3.5000000000000018,2.1000000000000005,0.4,18.81328504731468
1866,92.4,3.5000000000000018,2.1000000000000005,0.5,18.75900517587255
1867,92.3,3.5000000000000018,2.1000000000000005,0.6,18.699565165196088
1868,92.2,3.5000000000000018,2.1000000000000005,0.7000000000000001,18.63558443909817
1869,92.7,3.600000000000002,2.1000000000000005,0.1,18.84322665691541
1870,92.6,3.600000000000002,2.1000000000000005,0.2,18.801886438966957
1871,92.5,3.600000000000002,2.1000000000000005,0.3,18.754384636788174
1872,92.4,3.600000000000002,2.1000000000000005,0.4,18.701159508528317
1873,92.3,3.600000000000002,2.1000000000000005,0.5,18.642733077918766
1874,92.2,3.600000000000002,2.1000000000000005,0.6,18.579702478069947
1875,92.1,3.600000000000002,2.1000000000000005,0.7000000000000001,18.512729628684443
1876,92.6,3.700000000000002,2.1000000000000005,0.1,18.73859256613404
1877,92.5,3.700000000000002,2.1000000000000005,0.2,18.692086263991516
1878,92.4,3.700000000000002,2.1000000000000005,0.3,18.63986127224037
1879,92.3,3.700000000000002,2.1000000000000005,0.4,18.582413773834332
1880,92.2,3.700000000000002,2.1000000000000005,0.5,18.520317416273734
1881,92.1,3.700000000000002,2.1000000000000005,0.6,18.454213614776876
1882,92.0,3.700000000000002,2.1000000000000005,0.7000000000000001,18.384800346093538
1883,92.5,3.800000000000002,2.1000000000000005,0.1,18.627081506154223
1884,92.4,3.800000000000002,2.1000000000000005,0.2,18.575792158907024
1885,92.3,3.800000000000002,2.1000000000000005,0.3,18.519277698631175
1886,92.2,3.800000000000002,2.1000000000000005,0.4,18.45808733480126
1887,92.1,3.800000000000002,2.1000000000000005,0.5,18.392840650919673
1888,92.0,3.800000000000002,2.1000000000000005,0.6,18.324216978944705
1889,91.9,3.800000000000002,2.1000000000000005,0.7000000000000001,18.25294343874944
1890,92.4,3.900000000000002,2.1000000000000005,0.1,18.509661069967795
1891,92.3,3.900000000000002,2.1000000000000005,0.2,18.45402589717331
1892,92.2,3.900000000000002,2.1000000000000005,0.3,18.393704103954125
1893,92.1,3.900000000000002,2.1000000000000005,0.4,18.329292333351855
1894,92.0,3.900000000000002,2.1000000000000005,0.5,18.261449823831757
1895,91.9,3.900000000000002,2.1000000000000005,0.6,18.190886980343226
1896,91.8,3.900000000000002,2.1000000000000005,0.7000000000000001,18.118352799097362
1897,92.3,4.000000000000002,2.1000000000000005,0.1,18.387377056818558
1898,92.2,4.000000000000002,2.1000000000000005,0.2,18.327880580604162
1899,92.1,4.000000000000002,2.1000000000000005,0.3,18.264274429562644
1900,92.0,4.000000000000002,2.1000000000000005,0.4,18.19719649368814
1901,91.9,4.000000000000002,2.1000000000000005,0.5,18.127338904812504
1902,91.8,4.000000000000002,2.1000000000000005,0.6,18.055435940654807
1903,91.7,4.000000000000002,2.1000000000000005,0.7000000000000001,17.982250982450772
1904,92.2,4.100000000000002,2.1000000000000005,0.1,18.26133747049961
1905,92.1,4.100000000000002,2.1000000000000005,0.2,18.19850383220086
1906,92.0,4.100000000000002,2.1000000000000005,0.3,18.132168884441327
1907,91.9,4.100000000000002,2.1000000000000005,0.4,18.06300509605475
1908,91.8,4.100000000000002,2.1000000000000005,0.5,17.991730371414224
1909,91.7,4.100000000000002,2.1000000000000005,0.6,17.919095432080553
1910,91.6,4.100000000000002,2.1000000000000005,0.7000000000000001,17.845870459771458
1911,92.1,4.200000000000003,2.1000000000000005,0.1,18.132695401816864
1912,92.0,4.200000000000003,2.1000000000000005,0.2,18.067080046610393
1913,91.9,4.200000000000003,2.1000000000000005,0.3,17.998595702063092
1914,91.8,4.200000000000003,2.1000000000000005,0.4,17.927942386721543
1915,91.7,4.200000000000003,2.1000000000000005,0.5,17.855856424366205
1916,91.6,4.200000000000003,2.1000000000000005,0.6,17.78309745325464
1917,91.5,4.200000000000003,2.1000000000000005,0.7000000000000001,17.710434908908688
1918,92.0,4.3000000000000025,2.1000000000000005,0.1,18.002631170957972
1919,91.9,4.3000000000000025,2.1000000000000005,0.2,17.934812086901104
1920,91.8,4.3000000000000025,2.1000000000000005,0.3,17.864772537781302
1921,91.7,4.3000000000000025,2.1000000000000005,0.4,17.79323282752095
1922,91.6,4.3000000000000025,2.1000000000000005,0.5,17.720940243266476
1923,91.5,4.3000000000000025,2.1000000000000005,0.6,17.648655844679908
1924,91.4,4.3000000000000025,2.1000000000000005,0.7000000000000001,17.577140940062666
1925,91.9,4.400000000000002,2.1000000000000005,0.1,17.872334119693658
1926,91.8,4.400000000000002,2.1000000000000005,0.2,17.80290282517811
1927,91.7,4.400000000000002,2.1000000000000005,0.3,17.73190790802577
1928,91.6,4.400000000000002,2.1000000000000005,0.4,17.660082586028444
1929,91.5,4.400000000000002,2.1000000000000005,0.5,17.588177679523547
1930,91.4,4.400000000000002,2.1000000000000005,0.6,17.516948332726493
1931,91.3,4.400000000000002,2.1000000000000005,0.7000000000000001,17.447140632895987
1932,91.8,4.500000000000003,2.1000000000000005,0.1,17.74298444658732
1933,91.7,4.500000000000003,2.1000000000000005,0.2,17.672536922342832
1934,91.6,4.500000000000003,2.1000000000000005,0.3,17.601183064860827
1935,91.5,4.500000000000003,2.1000000000000005,0.4,17.529661654340874
1936,91.4,4.500000000000003,2.1000000000000005,0.5,17.45871976513497
1937,91.3,4.500000000000003,2.1000000000000005,0.6,17.389099567824342
1938,91.2,4.500000000000003,2.1000000000000005,0.7000000000000001,17.321525234621376
1939,91.7,4.600000000000003,2.1000000000000005,0.1,17.61573547082155
1940,91.6,4.600000000000003,2.1000000000000005,0.2,17.544863229344635
1941,91.5,4.600000000000003,2.1000000000000005,0.3,17.4737346812156
1942,91.4,4.600000000000003,2.1000000000000005,0.4,17.403086961051688
1943,91.3,4.600000000000003,2.1000000000000005,0.5,17.33365638770278
1944,91.2,4.600000000000003,2.1000000000000005,0.6,17.26616548981193
1945,91.1,4.600000000000003,2.1000000000000005,0.7000000000000001,17.201310331669212
1946,91.6,4.700000000000003,2.1000000000000005,0.1,17.49169669234977
1947,91.5,4.700000000000003,2.1000000000000005,0.2,17.420978169236406
1948,91.4,4.700000000000003,2.1000000000000005,0.3,17.350638694133803
1949,91.3,4.700000000000003,2.1000000000000005,0.4,17.281406808430603
1950,91.2,4.700000000000003,2.1000000000000005,0.5,17.214001445234214
1951,91.1,4.700000000000003,2.1000000000000005,0.6,17.149119312733472
1952,91.0,4.700000000000003,2.1000000000000005,0.7000000000000001,17.087422763549434
1953,91.5,4.8000000000000025,2.1000000000000005,0.1,17.371917988657042
1954,91.4,4.8000000000000025,2.1000000000000005,0.2,17.301910427196997
1955,91.3,4.8000000000000025,2.1000000000000005,0.3,17.232895616833645
1956,91.2,4.8000000000000025,2.1000000000000005,0.4,17.16558692623629
1957,91.1,4.8000000000000025,2.1000000000000005,0.5,17.100679750130304
1958,91.0,4.8000000000000025,2.1000000000000005,0.6,17.038839374174742
1959,90.9,4.8000000000000025,2.1000000000000005,0.7000000000000001,16.98068949781527
1960,91.4,4.900000000000003,2.1000000000000005,0.1,17.257375252560404
1961,91.3,4.900000000000003,2.1000000000000005,0.2,17.18860723565931
1962,91.2,4.900000000000003,2.1000000000000005,0.3,17.121417586573564
1963,91.1,4.900000000000003,2.1000000000000005,0.4,17.056498386491313
1964,91.0,4.900000000000003,2.1000000000000005,0.5,16.994515901879755
1965,90.9,4.900000000000003,2.1000000000000005,0.6,16.93609904211316
1966,90.8,4.900000000000003,2.1000000000000005,0.7000000000000001,16.88182863128284
1967,91.3,5.000000000000004,2.1000000000000005,0.1,17.148957732531358
1968,91.2,5.000000000000004,2.1000000000000005,0.2,17.08192249522652
1969,91.1,5.000000000000004,2.1000000000000005,0.3,17.017017365829265
1970,91.0,5.000000000000004,2.1000000000000005,0.4,16.95490757154806
1971,90.9,5.000000000000004,2.1000000000000005,0.5,16.89622529402398
1972,90.8,5.000000000000004,2.1000000000000005,0.6,16.841558816945337
1973,90.7,5.000000000000004,2.1000000000000005,0.7000000000000001,16.791442626586896
1974,91.2,5.100000000000003,2.1000000000000005,0.1,17.047457288490875
1975,91.1,5.100000000000003,2.1000000000000005,0.2,16.98260692076864
1976,91.0,5.100000000000003,2.1000000000000005,0.3,16.920399460765314
1977,90.9,5.100000000000003,2.1000000000000005,0.4,16.861468332579538
1978,90.8,5.100000000000003,2.1000000000000005,0.5,16.806407364678165
1979,90.7,5.100000000000003,2.1000000000000005,0.6,16.755760709582287
1980,90.6,5.100000000000003,2.1000000000000005,0.7000000000000001,16.710013836482712
1981,91.1,5.200000000000003,2.1000000000000005,0.1,16.953559723542458
1982,91.0,5.200000000000003,2.1000000000000005,0.2,16.891300347653385
1983,90.9,5.200000000000003,2.1000000000000005,0.3,16.83215346514911
1984,90.8,5.200000000000003,2.1000000000000005,0.4,16.776716418976523
1985,90.7,5.200000000000003,2.1000000000000005,0.5,16.725541143010602
1986,90.6,5.200000000000003,2.1000000000000005,0.6,16.67912491997393
1987,90.5,5.200000000000003,2.1000000000000005,0.7000000000000001,16.637902312699193
1988,91.0,5.300000000000003,2.1000000000000005,0.1,16.86783829735966
1989,90.9,5.300000000000003,2.1000000000000005,0.2,16.80852627718954
1990,90.8,5.300000000000003,2.1000000000000005,0.3,16.752749681424316
1991,90.7,5.300000000000003,2.1000000000000005,0.4,16.701066202723357
1992,90.6,5.300000000000003,2.1000000000000005,0.5,16.65398308826612
1993,90.5,5.300000000000003,2.1000000000000005,0.6,16.611948785756425
1994,90.4,5.300000000000003,2.1000000000000005,0.7000000000000001,16.575345843152398
1995,90.9,5.400000000000004,2.1000000000000005,0.1,16.79074947161268
1996,90.8,5.400000000000004,2.1000000000000005,0.2,16.734688684726756
1997,90.7,5.400000000000004,2.1000000000000005,0.3,16.68253701528808
1998,90.6,5.400000000000004,2.1000000000000005,0.4,16.63480966726961
1999,90.5,5.400000000000004,2.1000000000000005,0.5,16.59196716472148
2000,90.4,5.400000000000004,2.1000000000000005,0.6,16.554407919381422
2001,90.3,5.400000000000004,2.1000000000000005,0.7000000000000001,16.522462112330018
2002,90.8,5.500000000000004,2.1000000000000005,0.1,16.722630883527508
2003,90.7,5.500000000000004,2.1000000000000005,0.2,16.67007106005269
2004,90.6,5.500000000000004,2.1000000000000005,0.3,16.621743087340555
2005,90.5,5.500000000000004,2.1000000000000005,0.4,16.578117579187857
2006,90.4,5.500000000000004,2.1000000000000005,0.5,16.539607046769785
2007,90.3,5.500000000000004,2.1000000000000005,0.6,16.506559405383975
2008,90.2,5.500000000000004,2.1000000000000005,0.7000000000000001,16.479252835841915
2009,94.7,1.5,2.2000000000000006,0.1,19.03142460881844
2010,94.6,1.5,2.2000000000000006,0.2,19.07874951189681
2011,94.5,1.5,2.2000000000000006,0.3,19.122471143011428
2012,94.4,1.5,2.2000000000000006,0.4,19.16208491446979
2013,94.3,1.5,2.2000000000000006,0.5,19.197118864894666
2014,94.2,1.5,2.2000000000000006,0.6,19.227142626760518
2015,94.1,1.5,2.2000000000000006,0.7000000000000001,19.25177585148525
2016,94.6,1.6,2.2000000000000006,0.1,19.09512283914453
2017,94.5,1.6,2.2000000000000006,0.2,19.141736412797634
2018,94.4,1.6,2.2000000000000006,0.3,19.18431919642553
2019,94.3,1.6,2.2000000000000006,0.4,19.22236699058524
2020,94.2,1.6,2.2000000000000006,0.5,19.255414715083955
2021,94.1,1.6,2.2000000000000006,0.6,19.283045436260146
2022,94.0,1.6,2.2000000000000006,0.7000000000000001,19.304898701497127
2023,94.5,1.7000000000000002,2.2000000000000006,0.1,19.155814175699405
2024,94.4,1.7000000000000002,2.2000000000000006,0.2,19.201250637139523
2025,94.3,1.7000000000000002,2.2000000000000006,0.3,19.242224274238637
2026,94.2,1.7000000000000002,2.2000000000000006,0.4,19.278236749463364
2027,94.1,1.7000000000000002,2.2000000000000006,0.5,19.308835541227996
2028,94.0,1.7000000000000002,2.2000000000000006,0.6,19.333622920694076
2029,93.9,1.7000000000000002,2.2000000000000006,0.7000000000000001,19.352264079633013
2030,94.4,1.8000000000000005,2.2000000000000006,0.1,19.21266020032692
2031,94.3,1.8000000000000005,2.2000000000000006,0.2,19.256435439592483
2032,94.2,1.8000000000000005,2.2000000000000006,0.3,19.29531682180143
2033,94.1,1.8000000000000005,2.2000000000000006,0.4,19.328817682700162
2034,94.0,1.8000000000000005,2.2000000000000006,0.5,19.356503983933703
2035,93.9,1.8000000000000005,2.2000000000000006,0.6,19.378003121085715
2036,93.8,1.8000000000000005,2.2000000000000006,0.7000000000000001,19.39301172311282
2037,94.3,1.9000000000000004,2.2000000000000006,0.1,19.26480976382614
2038,94.2,1.9000000000000004,2.2000000000000006,0.2,19.30642782195551
2039,94.1,1.9000000000000004,2.2000000000000006,0.3,19.342727926540494
2040,94.0,1.9000000000000004,2.2000000000000006,0.4,19.373241151673945
2041,93.9,1.9000000000000004,2.2000000000000006,0.5,19.397558020795298
2042,93.8,1.9000000000000004,2.2000000000000006,0.6,19.41533702154163
2043,93.7,1.9000000000000004,2.2000000000000006,0.7000000000000001,19.426311951428573
2044,94.2,2.0000000000000004,2.2000000000000006,0.1,19.311412256427143
2045,94.1,2.0000000000000004,2.2000000000000006,0.2,19.350372446913408
2046,94.0,2.0000000000000004,2.2000000000000006,0.3,19.38360377948551
2047,93.9,2.0000000000000004,2.2000000000000006,0.4,19.41066129001917
2048,93.8,2.0000000000000004,2.2000000000000006,0.5,19.43116619341975
2049,93.7,2.0000000000000004,2.2000000000000006,0.6,19.444813976886298
2050,93.6,2.0000000000000004,2.2000000000000006,0.7000000000000001,19.45138116535412
2051,94.1,2.1000000000000005,2.2000000000000006,0.1,19.35163177370767
2052,94.0,2.1000000000000005,2.2000000000000006,0.2,19.387436322191476
2053,93.9,2.1000000000000005,2.2000000000000006,0.3,19.417120767914916
2054,93.8,2.1000000000000005,2.2000000000000006,0.4,19.440270385501083
2055,93.7,2.1000000000000005,2.2000000000000006,0.5,19.456543151814042
2056,93.6,2.1000000000000005,2.2000000000000006,0.6,19.465677287688123
2057,93.5,2.1000000000000005,2.2000000000000006,0.7000000000000001,19.46749731805109
2058,94.0,2.2000000000000006,2.2000000000000006,0.1,19.384661902984938
2059,93.9,2.2000000000000006,2.2000000000000006,0.2,19.416823959313337
2060,93.8,2.2000000000000006,2.2000000000000006,0.3,19.442500884749617
2061,93.7,2.2000000000000006,2.2000000000000006,0.4,19.461314410986734
2062,93.6,2.2000000000000006,2.2000000000000006,0.5,19.47296517287875
2063,93.5,2.2000000000000006,2.2000000000000006,0.6,19.477239569737065
2064,93.4,2.2000000000000006,2.2000000000000006,0.7000000000000001,19.474014999132518
2065,93.9,2.3000000000000007,2.2000000000000006,0.1,19.409740822036245
2066,93.8,2.3000000000000007,2.2000000000000006,0.2,19.43779268126548
2067,93.7,2.3000000000000007,2.2000000000000006,0.3,19.4590271142098
2068,93.6,2.3000000000000007,2.2000000000000006,0.4,19.47310835233419
2069,93.5,2.3000000000000007,2.2000000000000006,0.5,19.47978529250743
2070,93.4,2.3000000000000007,2.2000000000000006,0.6,19.478897552730565
2071,93.3,2.3000000000000007,2.2000000000000006,0.7000000000000001,19.470379765411813
2072,93.8,2.400000000000001,2.2000000000000006,0.1,19.426166376316864
2073,93.7,2.400000000000001,2.2000000000000006,0.2,19.44966773171662
2074,93.6,2.400000000000001,2.2000000000000006,0.3,19.46605843605745
2075,93.5,2.400000000000001,2.2000000000000006,0.4,19.47505096865822
2076,93.4,2.400000000000001,2.2000000000000006,0.5,19.476447683544155
2077,93.3,2.400000000000001,2.2000000000000006,0.6,19.470145940993515
2078,93.2,2.400000000000001,2.2000000000000006,0.7000000000000001,19.456141355557218
2079,93.7,2.500000000000001,2.2000000000000006,0.1,19.433310783907395
2080,93.6,2.500000000000001,2.2000000000000006,0.2,19.45185682616562
2081,93.5,2.500000000000001,2.2000000000000006,0.3,19.463044083476312
2082,93.4,2.500000000000001,2.2000000000000006,0.4,19.46663861842303
2083,93.3,2.500000000000001,2.2000000000000006,0.5,19.462500915276777
2084,93.2,2.500000000000001,2.2000000000000006,0.6,19.45058997799228
2085,93.1,2.500000000000001,2.2000000000000006,0.7000000000000001,19.430965440292024
2086,93.6,2.600000000000001,2.2000000000000006,0.1,19.430634610219162
2087,93.5,2.600000000000001,2.2000000000000006,0.2,19.44386378333755
2088,93.4,2.600000000000001,2.2000000000000006,0.3,19.449536692966245
2089,93.3,2.600000000000001,2.2000000000000006,0.4,19.44747779365619
2090,93.2,2.600000000000001,2.2000000000000006,0.5,19.437609744548975
2091,93.1,2.600000000000001,2.2000000000000006,0.6,19.41995637631267
2092,93.0,2.600000000000001,2.2000000000000006,0.7000000000000001,19.394643585039546
2093,93.5,2.700000000000001,2.2000000000000006,0.1,19.41769965768076
2094,93.4,2.700000000000001,2.2000000000000006,0.2,19.425300883805672
2095,93.3,2.700000000000001,2.2000000000000006,0.3,19.425203998858258
2096,93.2,2.700000000000001,2.2000000000000006,0.4,19.417296024388037
2097,93.1,2.700000000000001,2.2000000000000006,0.5,19.401565113873197
2098,93.0,2.700000000000001,2.2000000000000006,0.6,19.378102305369584
2099,92.9,2.700000000000001,2.2000000000000006,0.7000000000000001,19.347101137520664
2100,93.4,2.800000000000001,2.2000000000000006,0.1,19.394180429527324
2101,93.3,2.800000000000001,2.2000000000000006,0.2,19.395899622304725
2102,93.2,2.800000000000001,2.2000000000000006,0.3,19.3898387501086
2103,93.1,2.800000000000001,2.2000000000000006,0.4,19.375950845911916
2104,93.0,2.800000000000001,2.2000000000000006,0.5,19.354292067632368
2105,92.9,2.800000000000001,2.2000000000000006,0.6,19.325022169714824
2106,92.8,2.800000000000001,2.2000000000000006,0.7000000000000001,19.288402797892314
2107,93.3,2.900000000000001,2.2000000000000006,0.1,19.359873851339486
2108,93.2,2.900000000000001,2.2000000000000006,0.2,19.355519550239777
2109,93.1,2.900000000000001,2.2000000000000006,0.3,19.343366562423878
2110,93.0,2.900000000000001,2.2000000000000006,0.4,19.32343656195088
2111,92.9,2.900000000000001,2.2000000000000006,0.5,19.295855342691002
2112,92.8,2.900000000000001,2.2000000000000006,0.6,19.260851960342432
2113,92.7,2.900000000000001,2.2000000000000006,0.7000000000000001,19.218755682326137
2114,93.2,3.0000000000000013,2.2000000000000006,0.1,19.31470696866223
2115,93.1,3.0000000000000013,2.2000000000000006,0.2,19.304154944813956
2116,93.0,3.0000000000000013,2.2000000000000006,0.3,19.285851463633843
2117,92.9,3.0000000000000013,2.2000000000000006,0.4,19.25988858624197
2118,92.8,3.0000000000000013,2.2000000000000006,0.5,19.22646244325101
2119,92.7,3.0000000000000013,2.2000000000000006,0.6,19.185871018445283
2120,92.6,3.0000000000000013,2.2000000000000006,0.7000000000000001,19.13850975090533
2121,93.1,3.1000000000000014,2.2000000000000006,0.1,19.2587423830223
2122,93.0,3.1000000000000014,2.2000000000000006,0.2,19.24193908994993
2123,92.9,3.1000000000000014,2.2000000000000006,0.3,19.21749894332944
2124,92.8,3.1000000000000014,2.2000000000000006,0.4,19.185585202001
2125,92.7,3.1000000000000014,2.2000000000000006,0.5,19.146464070016165
2126,92.6,3.1000000000000014,2.2000000000000006,0.6,19.10050111394492
2127,92.5,3.1000000000000014,2.2000000000000006,0.7000000000000001,19.048155535539514
2128,93.0,3.200000000000001,2.2000000000000006,0.1,19.19218124074722
2129,92.9,3.200000000000001,2.2000000000000006,0.2,19.169146010374423
2130,92.8,3.200000000000001,2.2000000000000006,0.3,19.13865637756557
2131,92.7,3.200000000000001,2.2000000000000006,0.4,19.100946641504454
2132,92.6,3.200000000000001,2.2000000000000006,0.5,19.056351838838467
2133,92.5,3.200000000000001,2.2000000000000006,0.6,19.005302807859934
2134,92.4,3.200000000000001,2.2000000000000006,0.7000000000000001,18.948319171241653
2135,92.9,3.3000000000000016,2.2000000000000006,0.1,19.11536364764221
2136,92.8,3.3000000000000016,2.2000000000000006,0.2,19.086189562189983
2137,92.7,3.3000000000000016,2.2000000000000006,0.3,19.049810764070394
2138,92.6,3.3000000000000016,2.2000000000000006,0.4,19.006531454683206
2139,92.5,3.3000000000000016,2.2000000000000006,0.5,18.9567532919804
2140,92.4,3.3000000000000016,2.2000000000000006,0.6,18.900969136099576
2141,92.3,3.3000000000000016,2.2000000000000006,0.7000000000000001,18.839754802442297
2142,92.8,3.4000000000000017,2.2000000000000006,0.1,19.028766446018434
2143,92.7,3.4000000000000017,2.2000000000000006,0.2,18.99361984906191
2144,92.6,3.4000000000000017,2.2000000000000006,0.3,18.951583770890096
2145,92.5,3.4000000000000017,2.2000000000000006,0.4,18.903030204072124
2146,92.4,3.4000000000000017,2.2000000000000006,0.5,18.848424273791146
2147,92.3,3.4000000000000017,2.2000000000000006,0.6,18.788316720396566
2148,92.2,3.4000000000000017,2.2000000000000006,0.7000000000000001,18.723334502863214
2149,92.7,3.5000000000000018,2.2000000000000006,0.1,18.93299835680708
2150,92.6,3.5000000000000018,2.2000000000000006,0.2,18.8921170007314
2151,92.5,3.5000000000000018,2.2000000000000006,0.3,18.84472416959707
2152,92.4,3.5000000000000018,2.2000000000000006,0.4,18.79125659152611
2153,92.3,3.5000000000000018,2.2000000000000006,0.5,18.73223880978072
2154,92.2,3.5000000000000018,2.2000000000000006,0.6,18.66827447766048
2155,92.1,3.5000000000000018,2.2000000000000006,0.7000000000000001,18.60003591071394
2156,92.6,3.600000000000002,2.2000000000000006,0.1,18.82879255644366
2157,92.5,3.600000000000002,2.2000000000000006,0.2,18.78248241778353
2158,92.4,3.600000000000002,2.2000000000000006,0.3,18.730097790929932
2159,92.29999999999998,3.600000000000002,2.2000000000000006,0.4,18.672136187634596
2160,92.2,3.600000000000002,2.2000000000000006,0.5,18.609176691650035
2161,92.1,3.600000000000002,2.2000000000000006,0.6,18.541870159965804
2162,92.0,3.600000000000002,2.2000000000000006,0.7000000000000001,18.4709278386221
2163,92.5,3.700000000000002,2.2000000000000006,0.1,18.716996823735563
2164,92.4,3.700000000000002,2.2000000000000006,0.2,18.6656276513106
2165,92.3,3.700000000000002,2.2000000000000006,0.3,18.608675203896727
2166,92.2,3.700000000000002,2.2000000000000006,0.4,18.546692995666202
2167,92.1,3.700000000000002,2.2000000000000006,0.5,18.48030902879422
2168,92.0,3.700000000000002,2.2000000000000006,0.6,18.410215011783247
2169,91.9,3.700000000000002,2.2000000000000006,0.7000000000000001,18.337154167974763
2170,92.4,3.800000000000002,2.2000000000000006,0.1,18.598561453948026
2171,92.3,3.800000000000002,2.2000000000000006,0.2,18.542561146267698
2172,92.2,3.800000000000002,2.2000000000000006,0.3,18.48151737696603
2173,92.1,3.800000000000002,2.2000000000000006,0.4,18.416034136247994
2174,92.0,3.800000000000002,2.2000000000000006,0.5,18.346782077347218
2175,91.9,3.800000000000002,2.2000000000000006,0.6,18.274486877252784
2176,91.8,3.800000000000002,2.2000000000000006,0.7000000000000001,18.19991637872168
2177,92.3,3.900000000000002,2.2000000000000006,0.1,18.474525193904263
2178,92.2,3.900000000000002,2.2000000000000006,0.2,18.41437313103344
2179,92.1,3.900000000000002,2.2000000000000006,0.3,18.34975963020791
2180,92.0,3.900000000000002,2.2000000000000006,0.4,18.281332985165992
2181,91.9,3.900000000000002,2.2000000000000006,0.5,18.209799699450485
2182,91.8,3.900000000000002,2.2000000000000006,0.6,18.135912126918633
2183,91.7,3.900000000000002,2.2000000000000006,0.7000000000000001,18.06045509697959
2184,92.2,4.000000000000002,2.2000000000000006,0.1,18.345999501237184
2185,92.1,4.000000000000002,2.2000000000000006,0.2,18.282218981317293
2186,92.0,4.000000000000002,2.2000000000000006,0.3,18.21459422861259
2187,91.9,4.000000000000002,2.2000000000000006,0.4,18.143811133294715
2188,91.8,4.000000000000002,2.2000000000000006,0.5,18.07060483691096
2189,91.7,4.000000000000002,2.2000000000000006,0.6,17.995746799380314
2190,91.6,4.000000000000002,2.2000000000000006,0.7000000000000001,17.920031063151455
2191,92.1,4.100000000000002,2.2000000000000006,0.1,18.21415147156157
2192,92.0,4.100000000000002,2.2000000000000006,0.2,18.14730142274494
2193,91.9,4.100000000000002,2.2000000000000006,0.3,18.077251998113248
2194,91.79999999999998,4.100000000000002,2.2000000000000006,0.4,18.004719563707397
2195,91.7,4.100000000000002,2.2000000000000006,0.5,17.93046040392535
2196,91.6,4.100000000000002,2.2000000000000006,0.6,17.85525736811666
2197,91.5,4.100000000000002,2.2000000000000006,0.7000000000000001,17.779905932290802
2198,92.0,4.200000000000003,2.2000000000000006,0.1,18.080185808083563
2199,91.9,4.200000000000003,2.2000000000000006,0.2,18.01085196219296
2200,91.8,4.200000000000003,2.2000000000000006,0.3,17.938983366239945
2201,91.7,4.200000000000003,2.2000000000000006,0.4,17.86531945583731
2202,91.6,4.200000000000003,2.2000000000000006,0.5,17.79063001264064
2203,91.5,4.200000000000003,2.2000000000000006,0.6,17.7157015470617
2204,91.4,4.200000000000003,2.2000000000000006,0.7000000000000001,17.641323316043593
2205,91.9,4.3000000000000025,2.2000000000000006,0.1,17.94532622820788
2206,91.8,4.3000000000000025,2.2000000000000006,0.2,17.874111952596518
2207,91.7,4.3000000000000025,2.2000000000000006,0.3,17.801039238384774
2208,91.6,4.3000000000000025,2.2000000000000006,0.4,17.72686302990246
2209,91.5,4.3000000000000025,2.2000000000000006,0.5,17.65235894293896
2210,91.4,4.3000000000000025,2.2000000000000006,0.6,17.578309540487687
2211,91.3,4.3000000000000025,2.2000000000000006,0.7000000000000001,17.505490462017942
2212,91.8,4.400000000000002,2.2000000000000006,0.1,17.810796710601664
2213,91.7,4.400000000000002,2.2000000000000006,0.2,17.738313699266858
2214,91.6,4.400000000000002,2.2000000000000006,0.3,17.664652118306375
2215,91.5,4.400000000000002,2.2000000000000006,0.4,17.59057483680836
2216,91.4,4.400000000000002,2.2000000000000006,0.5,17.516855754303318
2217,91.3,4.400000000000002,2.2000000000000006,0.6,17.444266123896973
2218,91.2,4.400000000000002,2.2000000000000006,0.7000000000000001,17.37356094254872
2219,91.7,4.500000000000003,2.2000000000000006,0.1,17.67780298386941
2220,91.6,4.500000000000003,2.2000000000000006,0.2,17.604662007862533
2221,91.5,4.500000000000003,2.2000000000000006,0.3,17.531017868070705
2222,91.4,4.500000000000003,2.2000000000000006,0.4,17.457633879913995
2223,91.3,4.500000000000003,2.2000000000000006,0.5,17.385274913630962
2224,91.2,4.500000000000003,2.2000000000000006,0.6,17.314693913790208
2225,91.1,4.500000000000003,2.2000000000000006,0.7000000000000001,17.246618691545073
2226,91.6,4.600000000000003,2.2000000000000006,0.1,17.547514644802895
2227,91.5,4.600000000000003,2.2000000000000006,0.2,17.4743165555641
2228,91.4,4.600000000000003,2.2000000000000006,0.3,17.401278478793635
2229,91.29999999999998,4.600000000000003,2.2000000000000006,0.4,17.329156926240067
2230,91.2,4.600000000000003,2.2000000000000006,0.5,17.258700779418724
2231,91.1,4.600000000000003,2.2000000000000006,0.6,17.1906381465188
2232,91.0,4.600000000000003,2.2000000000000006,0.7000000000000001,17.125663686714432
2233,91.5,4.700000000000003,2.2000000000000006,0.1,17.421048270765137
2234,91.4,4.700000000000003,2.2000000000000006,0.2,17.348375438544767
2235,91.3,4.700000000000003,2.2000000000000006,0.3,17.27650619032644
2236,91.2,4.700000000000003,2.2000000000000006,0.4,17.206183327065
2237,91.1,4.700000000000003,2.2000000000000006,0.5,17.138133241136764
2238,91.0,4.700000000000003,2.2000000000000006,0.6,17.073053241343594
2239,90.9,4.700000000000003,2.2000000000000006,0.7000000000000001,17.01159952643829
2240,91.4,4.8000000000000025,2.2000000000000006,0.1,17.29945185812972
2241,91.3,4.8000000000000025,2.2000000000000006,0.2,17.227860211650945
2242,91.2,4.8000000000000025,2.2000000000000006,0.3,17.157689256680435
2243,91.1,4.8000000000000025,2.2000000000000006,0.4,17.089661622791592
2244,91.0,4.8000000000000025,2.2000000000000006,0.5,17.024475264335756
2245,90.9,4.8000000000000025,2.2000000000000006,0.6,16.962791371894724
2246,90.8,4.8000000000000025,2.2000000000000006,0.7000000000000001,16.905223097584877
2247,91.3,4.900000000000003,2.2000000000000006,0.1,17.18369087808423
2248,91.2,4.900000000000003,2.2000000000000006,0.2,17.11370269168447
2249,91.1,4.900000000000003,2.2000000000000006,0.3,17.04571960601588
2250,91.0,4.900000000000003,2.2000000000000006,0.4,16.98043815606445
2251,90.9,4.900000000000003,2.2000000000000006,0.5,16.91852253875465
2252,90.8,4.900000000000003,2.2000000000000006,0.6,16.860593215170645
2253,90.7,4.900000000000003,2.2000000000000006,0.7000000000000001,16.807216474320974
2254,91.2,5.000000000000004,2.2000000000000006,0.1,17.074636193981952
2255,91.1,5.000000000000004,2.2000000000000006,0.2,17.006733745381275
2256,91.0,5.000000000000004,2.2000000000000006,0.3,16.941382591072383
2257,90.9,5.000000000000004,2.2000000000000006,0.4,16.87924786207883
2258,90.8,5.000000000000004,2.2000000000000006,0.5,16.82095537016256
2259,90.7,5.000000000000004,2.2000000000000006,0.6,16.767080989795364
2260,90.6,5.000000000000004,2.2000000000000006,0.7000000000000001,16.718141130295326
2261,91.1,5.100000000000003,2.2000000000000006,0.1,16.973054032410225
2262,91.0,5.100000000000003,2.2000000000000006,0.2,16.90767422879893
2263,90.9,5.100000000000003,2.2000000000000006,0.3,16.845348969729116
2264,90.79999999999998,5.100000000000003,2.2000000000000006,0.4,16.786707347619338
2265,90.7,5.100000000000003,2.2000000000000006,0.5,16.73233289865464
2266,90.6,5.100000000000003,2.2000000000000006,0.6,16.682753837235385
2267,90.5,5.100000000000003,2.2000000000000006,0.7000000000000001,16.638434489142654
2268,91.0,5.200000000000003,2.2000000000000006,0.1,16.879598144946556
2269,90.9,5.200000000000003,2.2000000000000006,0.2,16.817128188102828
2270,90.8,5.200000000000003,2.2000000000000006,0.3,16.758169197721614
2271,90.7,5.200000000000003,2.2000000000000006,0.4,16.703310312360813
2272,90.6,5.200000000000003,2.2000000000000006,0.5,16.65308966836845
2273,90.5,5.200000000000003,2.2000000000000006,0.6,16.607985542761952
2274,90.4,5.200000000000003,2.2000000000000006,0.7000000000000001,16.568408782736224
2275,90.9,5.300000000000003,2.2000000000000006,0.1,16.794804240926215
2276,90.8,5.300000000000003,2.2000000000000006,0.2,16.735578374422293
2277,90.7,5.300000000000003,2.2000000000000006,0.3,16.68027005813597
2278,90.6,5.300000000000003,2.2000000000000006,0.4,16.629425309054184
2279,90.5,5.300000000000003,2.2000000000000006,0.5,16.583534517744084
2280,90.4,5.300000000000003,2.2000000000000006,0.6,16.543024538708643
2281,90.3,5.300000000000003,2.2000000000000006,0.7000000000000001,16.508252134499543
2282,90.8,5.400000000000004,2.2000000000000006,0.1,16.719086715150663
2283,90.7,5.400000000000004,2.2000000000000006,0.2,16.663384069210796
2284,90.6,5.400000000000004,2.2000000000000006,0.3,16.611953596790134
2285,90.5,5.400000000000004,2.2000000000000006,0.4,16.565295784987814
2286,90.4,5.400000000000004,2.2000000000000006,0.5,16.52385170702149
2287,90.3,5.400000000000004,2.2000000000000006,0.6,16.48799608243838
2288,90.2,5.400000000000004,2.2000000000000006,0.7000000000000001,16.458031737684394
2289,90.7,5.500000000000004,2.2000000000000006,0.1,16.652737639932226
2290,90.6,5.500000000000004,2.2000000000000006,0.2,16.600781162950874
2291,90.5,5.500000000000004,2.2000000000000006,0.3,16.553398280492807
2292,90.4,5.500000000000004,2.2000000000000006,0.4,16.511042296974303
2293,90.3,5.500000000000004,2.2000000000000006,0.5,16.47410415197679
2294,90.2,5.500000000000004,2.2000000000000006,0.6,16.442906456609034
2295,90.1,5.500000000000004,2.2000000000000006,0.7000000000000001,16.4176989569321
2296,94.6,1.5,2.3000000000000007,0.1,19.105018418724256
2297,94.5,1.5,2.3000000000000007,0.2,19.15236881930337
2298,94.4,1.5,2.3000000000000007,0.3,19.195699245043297
2299,94.3,1.5,2.3000000000000007,0.4,19.234500434234196
2300,94.2,1.5,2.3000000000000007,0.5,19.268301853678004
2301,94.1,1.5,2.3000000000000007,0.6,19.296680785839605
2302,94.0,1.5,2.3000000000000007,0.7000000000000001,19.319270732987118
2303,94.5,1.6,2.3000000000000007,0.1,19.169310396787335
2304,94.4,1.6,2.3000000000000007,0.2,19.215631918231768
2305,94.3,1.6,2.3000000000000007,0.3,19.257492022464447
2306,94.2,1.6,2.3000000000000007,0.4,19.29438582040602
2307,94.1,1.6,2.3000000000000007,0.5,19.325853925018187
2308,94.0,1.6,2.3000000000000007,0.6,19.351491513306694
2309,93.9,1.6,2.3000000000000007,0.7000000000000001,19.37095654794964
2310,94.4,1.7000000000000002,2.3000000000000007,0.1,19.23007065985182
2311,94.3,1.7000000000000002,2.3000000000000007,0.2,19.274876526256634
2312,94.2,1.7000000000000002,2.3000000000000007,0.3,19.314778564483778
2313,94.1,1.7000000000000002,2.3000000000000007,0.4,19.349282070460916
2314,94.0,1.7000000000000002,2.3000000000000007,0.5,19.37794475807582
2315,93.9,1.7000000000000002,2.3000000000000007,0.6,19.400385677928593
2316,93.8,1.7000000000000002,2.3000000000000007,0.7000000000000001,19.416293134183245
2317,94.3,1.8000000000000005,2.3000000000000007,0.1,19.28642728065312
2318,94.2,1.8000000000000005,2.3000000000000007,0.2,19.32921591366782
2319,94.1,1.8000000000000005,2.3000000000000007,0.3,19.366663263463025
2320,94.0,1.8000000000000005,2.3000000000000007,0.4,19.39829091163054
2321,93.9,1.8000000000000005,2.3000000000000007,0.5,19.423679817129027
2322,93.8,1.8000000000000005,2.3000000000000007,0.6,19.442478966836937
2323,93.7,1.8000000000000005,2.3000000000000007,0.7000000000000001,19.45441286109799
2324,94.2,1.9000000000000004,2.3000000000000007,0.1,19.33750199463115
2325,94.1,1.9000000000000004,2.3000000000000007,0.2,19.3777640252362
2326,94.0,1.9000000000000004,2.3000000000000007,0.3,19.412258564997035
2327,93.9,1.9000000000000004,2.3000000000000007,0.4,19.440529776798027
2328,93.8,1.9000000000000004,2.3000000000000007,0.5,19.462188096617993
2329,93.7,1.9000000000000004,2.3000000000000007,0.6,19.476918486227277
2330,93.6,1.9000000000000004,2.3000000000000007,0.7000000000000001,19.48448735899511
2331,94.1,2.0000000000000004,2.3000000000000007,0.1,19.382424342849962
2332,94.0,2.0000000000000004,2.3000000000000007,0.2,19.419650207917098
2333,93.9,2.0000000000000004,2.3000000000000007,0.3,19.45070017360463
2334,93.8,2.0000000000000004,2.3000000000000007,0.4,19.475147370971985
2335,93.7,2.0000000000000004,2.3000000000000007,0.5,19.492637922785722
2336,93.6,2.0000000000000004,2.3000000000000007,0.6,19.502898666390138
2337,93.5,2.0000000000000004,2.3000000000000007,0.7000000000000001,19.505743392002067
2338,94.0,2.1000000000000005,2.3000000000000007,0.1,19.420346595023172
2339,93.9,2.1000000000000005,2.3000000000000007,0.2,19.454034578313287
2340,93.8,2.1000000000000005,2.3000000000000007,0.3,19.48116274461768
2341,93.7,2.1000000000000005,2.3000000000000007,0.4,19.50133955927239
2342,93.6,2.1000000000000005,2.3000000000000007,0.5,19.514252903404305
2343,93.5,2.1000000000000005,2.3000000000000007,0.6,19.519677135287555
2344,93.4,2.1000000000000005,2.3000000000000007,0.7000000000000001,19.517478516705047
2345,93.9,2.2000000000000006,2.3000000000000007,0.1,19.450459152071566
2346,93.8,2.2000000000000006,2.3000000000000007,0.2,19.480123709879837
2347,93.7,2.2000000000000006,2.3000000000000007,0.3,19.50287572542943
2348,93.6,2.2000000000000006,2.3000000000000007,0.4,19.518365225753872
2349,93.5,2.2000000000000006,2.3000000000000007,0.5,19.526327664370235
2350,93.4,2.2000000000000006,2.3000000000000007,0.6,19.526590192453288
2351,93.3,2.2000000000000006,2.3000000000000007,0.7000000000000001,19.519076154957926
2352,93.8,2.3000000000000007,2.3000000000000007,0.1,19.472006097404204
2353,93.7,2.3000000000000007,2.3000000000000007,0.2,19.49718629341875
2354,93.6,2.3000000000000007,2.3000000000000007,0.3,19.515138987105228
2355,93.5,2.3000000000000007,2.3000000000000007,0.4,19.525561734922448
2356,93.4,2.3000000000000007,2.3000000000000007,0.5,19.52824299950837
2357,93.3,2.3000000000000007,2.3000000000000007,0.6,19.523067507828078
2358,93.2,2.3000000000000007,2.3000000000000007,0.7000000000000001,19.510019707617914
2359,93.7,2.400000000000001,2.3000000000000007,0.1,19.48430054426017
2360,93.6,2.400000000000001,2.3000000000000007,0.2,19.504568407059313
2361,93.5,2.400000000000001,2.3000000000000007,0.3,19.517337874897997
2362,93.4,2.400000000000001,2.3000000000000007,0.4,19.5223596205436
2363,93.3,2.400000000000001,2.3000000000000007,0.5,19.519480058091567
2364,93.2,2.400000000000001,2.3000000000000007,0.6,19.508645673864287
2365,93.1,2.400000000000001,2.3000000000000007,0.7000000000000001,19.489905345267218
2366,93.6,2.500000000000001,2.3000000000000007,0.1,19.4867394141215
2367,93.5,2.500000000000001,2.3000000000000007,0.2,19.50170802466085
2368,93.4,2.500000000000001,2.3000000000000007,0.3,19.508957304302236
2369,93.3,2.500000000000001,2.3000000000000007,0.4,19.508296129974266
2370,93.2,2.500000000000001,2.3000000000000007,0.5,19.499633203858874
2371,93.1,2.500000000000001,2.3000000000000007,0.6,19.482980254148238
2372,93.0,2.500000000000001,2.3000000000000007,0.7000000000000001,19.458453132427973
2373,93.5,2.600000000000001,2.3000000000000007,0.1,19.478817279252734
2374,93.4,2.600000000000001,2.3000000000000007,0.2,19.48814839508696
2375,93.3,2.600000000000001,2.3000000000000007,0.3,19.489594538421592
2376,93.2,2.600000000000001,2.3000000000000007,0.4,19.483027267086197
2377,93.1,2.600000000000001,2.3000000000000007,0.5,19.46842119980592
2378,93.0,2.600000000000001,2.3000000000000007,0.6,19.445855997795412
2379,92.9,2.600000000000001,2.3000000000000007,0.7000000000000001,19.41551617306139
2380,93.4,2.700000000000001,2.3000000000000007,0.1,19.4601389113328
2381,93.3,2.700000000000001,2.3000000000000007,0.2,19.463549939391196
2382,93.2,2.700000000000001,2.3000000000000007,0.3,19.458970302726808
2383,93.1,2.700000000000001,2.3000000000000007,0.4,19.44633800278818
2384,93.0,2.700000000000001,2.3000000000000007,0.5,19.425696404424592
2385,92.9,2.700000000000001,2.3000000000000007,0.6,19.397194925466486
2386,92.8,2.700000000000001,2.3000000000000007,0.7000000000000001,19.361087506554263
2387,93.3,2.800000000000001,2.3000000000000007,0.1,19.43043019803213
2388,93.2,2.800000000000001,2.3000000000000007,0.2,19.427700338533693
2389,93.1,2.800000000000001,2.3000000000000007,0.3,19.416937924446025
2390,93.0,2.800000000000001,2.3000000000000007,0.4,19.39815035869607
2391,92.9,2.800000000000001,2.3000000000000007,0.5,19.371451706678418
2392,92.8,2.800000000000001,2.3000000000000007,0.6,19.337062039125495
2393,92.7,2.800000000000001,2.3000000000000007,0.7000000000000001,19.295304533844693
2394,93.2,2.900000000000001,2.3000000000000007,0.1,19.38954711996392
2395,93.1,2.900000000000001,2.3000000000000007,0.2,19.38052252032197
2396,93.0,2.900000000000001,2.3000000000000007,0.3,19.363490225157413
2397,92.9,2.900000000000001,2.3000000000000007,0.4,19.33852911574021
2398,92.8,2.900000000000001,2.3000000000000007,0.5,19.305824977717958
2399,92.7,2.900000000000001,2.3000000000000007,0.6,19.26566846233846
2400,92.6,2.900000000000001,2.3000000000000007,0.7000000000000001,19.218450811383622
2401,93.1,3.0000000000000013,2.3000000000000007,0.1,19.337482521017417
2402,93.0,3.0000000000000013,2.3000000000000007,0.2,19.32208029994654
2403,92.9,3.0000000000000013,2.3000000000000007,0.3,19.298763945557212
2404,92.8,3.0000000000000013,2.3000000000000007,0.4,19.267684954164043
2405,92.7,3.0000000000000013,2.3000000000000007,0.5,19.229100875719944
2406,92.6,3.0000000000000013,2.3000000000000007,0.6,19.18337187938847
2407,92.5,3.0000000000000013,2.3000000000000007,0.7000000000000001,19.13095511453107
2408,93.0,3.1000000000000014,2.3000000000000007,0.1,19.274370454595164
2409,92.9,3.1000000000000014,2.3000000000000007,0.2,19.25258148250457
2410,92.8,3.1000000000000014,2.3000000000000007,0.3,19.223041539415725
2411,92.7,3.1000000000000014,2.3000000000000007,0.4,19.18597489285304
2412,92.6,3.1000000000000014,2.3000000000000007,0.5,19.141709904526135
2413,92.5,3.1000000000000014,2.3000000000000007,0.6,19.09067420788974
2414,92.4,3.1000000000000014,2.3000000000000007,0.7000000000000001,19.033387739774817
2415,92.9,3.200000000000001,2.3000000000000007,0.1,19.20048794531311
2416,92.8,3.200000000000001,2.3000000000000007,0.2,19.17237829668868
2417,92.7,3.200000000000001,2.3000000000000007,0.3,19.13675023767168
2418,92.6,3.200000000000001,2.3000000000000007,0.4,19.093899962367257
2419,92.5,3.200000000000001,2.3000000000000007,0.5,19.0442246949801
2420,92.4,3.200000000000001,2.3000000000000007,0.6,18.98821650884903
2421,92.3,3.200000000000001,2.3000000000000007,0.7000000000000001,18.926454084707164
2422,92.8,3.3000000000000016,2.3000000000000007,0.1,19.11625406857359
2423,92.7,3.3000000000000016,2.3000000000000007,0.2,19.081965094511716
2424,92.6,3.3000000000000016,2.3000000000000007,0.3,19.04045835147878
2425,92.5,3.3000000000000016,2.3000000000000007,0.4,18.99210011536359
2426,92.4,3.3000000000000016,2.3000000000000007,0.5,18.937353547869158
2427,92.3,3.3000000000000016,2.3000000000000007,0.6,18.876771208061836
2428,92.2,3.3000000000000016,2.3000000000000007,0.7000000000000001,18.810985613798337
2429,92.7,3.4000000000000017,2.3000000000000007,0.1,19.02222631714684
2430,92.6,3.4000000000000017,2.3000000000000007,0.2,18.981973320494056
2431,92.5,3.4000000000000017,2.3000000000000007,0.3,18.93486885267545
2432,92.4,3.4000000000000017,2.3000000000000007,0.4,18.881346448094902
2433,92.3,3.4000000000000017,2.3000000000000007,0.5,18.82193134695667
2434,92.2,3.4000000000000017,2.3000000000000007,0.6,18.75723177112209
2435,92.1,3.4000000000000017,2.3000000000000007,0.7000000000000001,18.68792838446978
2436,92.6,3.5000000000000018,2.3000000000000007,0.1,18.919094292399798
2437,92.5,3.5000000000000018,2.3000000000000007,0.2,18.87316382299133
2438,92.4,3.5000000000000018,2.3000000000000007,0.3,18.820810339390118
2439,92.3,3.5000000000000018,2.3000000000000007,0.4,18.7625308751404
2440,92.2,3.5000000000000018,2.3000000000000007,0.5,18.698908017525998
2441,92.1,3.5000000000000018,2.3000000000000007,0.6,18.630600038999205
2442,92.0,3.5000000000000018,2.3000000000000007,0.7000000000000001,18.558329369698455
2443,92.5,3.600000000000002,2.3000000000000007,0.1,18.80767082591756
2444,92.4,3.600000000000002,2.3000000000000007,0.2,18.75641664808514
2445,92.3,3.600000000000002,2.3000000000000007,0.3,18.69922556112008
2446,92.2,3.600000000000002,2.3000000000000007,0.4,18.63665346428176
2447,92.1,3.600000000000002,2.3000000000000007,0.5,18.569334768036054
2448,92.0,3.600000000000002,2.3000000000000007,0.6,18.497971490064113
2449,91.9,3.600000000000002,2.3000000000000007,0.7000000000000001,18.423320868447572
2450,92.4,3.700000000000002,2.3000000000000007,0.1,18.688880702806948
2451,92.3,3.700000000000002,2.3000000000000007,0.2,18.632718520548863
2452,92.2,3.700000000000002,2.3000000000000007,0.3,18.57115773952426
2453,92.1,3.700000000000002,2.3000000000000007,0.4,18.504807697455945
2454,92.0,3.700000000000002,2.3000000000000007,0.5,18.434348407969537
2455,91.9,3.700000000000002,2.3000000000000007,0.6,18.360518745802302
2456,91.8,3.700000000000002,2.3000000000000007,0.7000000000000001,18.284103341940543
2457,92.3,3.800000000000002,2.3000000000000007,0.1,18.563747218878856
2458,92.2,3.800000000000002,2.3000000000000007,0.2,18.503148274815242
2459,92.1,3.800000000000002,2.3000000000000007,0.3,18.437734976414067
2460,92.0,3.800000000000002,2.3000000000000007,0.4,18.36816397516278
2461,91.9,3.800000000000002,2.3000000000000007,0.5,18.295154082041662
2462,91.8,3.800000000000002,2.3000000000000007,0.6,18.21947367969513
2463,91.7,3.800000000000002,2.3000000000000007,0.7000000000000001,18.14192705079645
2464,92.2,3.900000000000002,2.3000000000000007,0.1,18.43337685827086
2465,92.1,3.900000000000002,2.3000000000000007,0.2,18.36886054980376
2466,92.0,3.900000000000002,2.3000000000000007,0.3,18.300153087324446
2467,91.9,3.900000000000002,2.3000000000000007,0.4,18.227951724033794
2468,91.8,3.900000000000002,2.3000000000000007,0.5,18.153006798242874
2469,91.7,3.900000000000002,2.3000000000000007,0.6,18.076108520666885
2470,91.6,3.900000000000002,2.3000000000000007,0.7000000000000001,17.998072894302577
2471,92.1,4.000000000000002,2.3000000000000007,0.1,18.29894242422939
2472,92.0,4.000000000000002,2.3000000000000007,0.2,18.23106810338004
2473,91.9,4.000000000000002,2.3000000000000007,0.3,18.159657236211935
2474,91.8,4.000000000000002,2.3000000000000007,0.4,18.08544049926272
2475,91.7,4.000000000000002,2.3000000000000007,0.5,18.009192153677745
2476,91.6,4.000000000000002,2.3000000000000007,0.6,17.93171636324179
2477,91.5,4.000000000000002,2.3000000000000007,0.7000000000000001,17.853832867969942
2478,92.0,4.100000000000002,2.3000000000000007,0.1,18.161664992358386
2479,91.9,4.100000000000002,2.3000000000000007,0.2,18.091023133908255
2480,91.8,4.100000000000002,2.3000000000000007,0.3,18.017522773227757
2481,91.7,4.100000000000002,2.3000000000000007,0.4,17.94192049441072
2482,91.6,4.100000000000002,2.3000000000000007,0.5,17.86500667718335
2483,91.5,4.100000000000002,2.3000000000000007,0.6,17.787591505684123
2484,91.4,4.100000000000002,2.3000000000000007,0.7000000000000001,17.710490558752102
2485,91.9,4.200000000000003,2.3000000000000007,0.1,18.02279508163884
2486,91.8,4.200000000000003,2.3000000000000007,0.2,17.94999801698279
2487,91.7,4.200000000000003,2.3000000000000007,0.3,17.87503569250055
2488,91.6,4.200000000000003,2.3000000000000007,0.4,17.798682880278072
2489,91.5,4.200000000000003,2.3000000000000007,0.5,17.721738211014102
2490,91.4,4.200000000000003,2.3000000000000007,0.6,17.645010034853073
2491,91.3,4.200000000000003,2.3000000000000007,0.7000000000000001,17.569302089056794
2492,91.8,4.3000000000000025,2.3000000000000007,0.1,17.88359345329071
2493,91.7,4.3000000000000025,2.3000000000000007,0.2,17.809265874536354
2494,91.6,4.3000000000000025,2.3000000000000007,0.3,17.733473130182606
2495,91.5,4.3000000000000025,2.3000000000000007,0.4,17.657000392027694
2496,91.4,4.3000000000000025,2.3000000000000007,0.5,17.580646745609368
2497,91.3,4.3000000000000025,2.3000000000000007,0.6,17.505211062635286
2498,91.2,4.3000000000000025,2.3000000000000007,0.7000000000000001,17.431477901465136
2499,91.7,4.400000000000002,2.3000000000000007,0.1,17.745311950834985
2500,91.6,4.400000000000002,2.3000000000000007,0.2,17.670081391064492
2501,91.5,4.400000000000002,2.3000000000000007,0.3,17.594084314810853
2502,91.4,4.400000000000002,2.3000000000000007,0.4,17.518108569889833
2503,91.3,4.400000000000002,2.3000000000000007,0.5,17.44294610214563
2504,91.2,4.400000000000002,2.3000000000000007,0.6,17.369378994323448
2505,91.1,4.400000000000002,2.3000000000000007,0.7000000000000001,17.298165746766223
2506,91.6,4.500000000000003,2.3000000000000007,0.1,17.60917478665835
2507,91.5,4.500000000000003,2.3000000000000007,0.2,17.53366227801566
2508,91.4,4.500000000000003,2.3000000000000007,0.3,17.458072362828702
2509,91.3,4.500000000000003,2.3000000000000007,0.4,17.3831880342793
2510,91.2,4.500000000000003,2.3000000000000007,0.5,17.30978682808747
2511,91.1,4.500000000000003,2.3000000000000007,0.6,17.238627175221758
2512,91.0,4.500000000000003,2.3000000000000007,0.7000000000000001,17.170435199688264
2513,91.5,4.600000000000003,2.3000000000000007,0.1,17.47636066150081
2514,91.4,4.600000000000003,2.3000000000000007,0.2,17.401171763164367
2515,91.3,4.600000000000003,2.3000000000000007,0.3,17.326577282780235
2516,91.2,4.600000000000003,2.3000000000000007,0.4,17.253348142044988
2517,91.1,4.600000000000003,2.3000000000000007,0.5,17.182240632471835
2518,91.0,4.600000000000003,2.3000000000000007,0.6,17.113983219389134
2519,90.9,4.600000000000003,2.3000000000000007,0.7000000000000001,17.04926398097988
2520,91.4,4.700000000000003,2.3000000000000007,0.1,17.347986074429215
2521,91.3,4.700000000000003,2.3000000000000007,0.2,17.273702448036452
2522,91.2,4.700000000000003,2.3000000000000007,0.3,17.200660513394407
2523,91.1,4.700000000000003,2.3000000000000007,0.4,17.12961232815781
2524,91.0,4.700000000000003,2.3000000000000007,0.5,17.061286641618874
2525,90.9,4.700000000000003,2.3000000000000007,0.6,16.996376275305717
2526,90.8,4.700000000000003,2.3000000000000007,0.7000000000000001,16.935526312876927
2527,91.3,4.8000000000000025,2.3000000000000007,0.1,17.225090143184996
2528,91.2,4.8000000000000025,2.3000000000000007,0.2,17.152261834483312
2529,91.1,4.8000000000000025,2.3000000000000007,0.3,17.08129127494725
2530,91.0,4.8000000000000025,2.3000000000000007,0.4,17.01290538795981
2531,90.9,4.8000000000000025,2.3000000000000007,0.5,16.9477997039772
2532,90.8,4.8000000000000025,2.3000000000000007,0.6,16.886626429057433
2533,90.7,4.8000000000000025,2.3000000000000007,0.7000000000000001,16.829983479213947
2534,91.2,4.900000000000003,2.3000000000000007,0.1,17.108621209698583
2535,91.1,4.900000000000003,2.3000000000000007,0.2,17.0377597728226
2536,91.0,4.900000000000003,2.3000000000000007,0.3,16.969334961538934
2537,90.9,4.900000000000003,2.3000000000000007,0.4,16.904042900830856
2538,90.8,4.900000000000003,2.3000000000000007,0.5,16.842540916628995
2539,90.7,4.900000000000003,2.3000000000000007,0.6,16.785436388154256
2540,90.6,4.900000000000003,2.3000000000000007,0.7000000000000001,16.733276703294873
2541,91.1,5.000000000000004,2.3000000000000007,0.1,16.99942545463465
2542,91.0,5.000000000000004,2.3000000000000007,0.2,16.93099803024934
2543,90.9,5.000000000000004,2.3000000000000007,0.3,16.865543745983285
2544,90.8,5.000000000000004,2.3000000000000007,0.4,16.80372293856327
2545,90.7,5.000000000000004,2.3000000000000007,0.5,16.74615048740355
2546,90.6,5.000000000000004,2.3000000000000007,0.6,16.693385530135842
2547,90.5,5.000000000000004,2.3000000000000007,0.7000000000000001,16.645922397912265
2548,91.0,5.100000000000003,2.3000000000000007,0.1,16.898237689781155
2549,90.9,5.100000000000003,2.3000000000000007,0.2,16.832662121234357
2550,90.8,5.100000000000003,2.3000000000000007,0.3,16.770549510679388
2551,90.7,5.100000000000003,2.3000000000000007,0.4,16.712520142675526
2552,90.6,5.100000000000003,2.3000000000000007,0.5,16.659142987374597
2553,90.5,5.100000000000003,2.3000000000000007,0.6,16.610926341442124
2554,90.4,5.100000000000003,2.3000000000000007,0.7000000000000001,16.568309784313897
2555,90.9,5.200000000000003,2.3000000000000007,0.1,16.805674439686953
2556,90.8,5.200000000000003,2.3000000000000007,0.2,16.743315483157875
2557,90.7,5.200000000000003,2.3000000000000007,0.3,16.68485915890626
2558,90.6,5.200000000000003,2.3000000000000007,0.4,16.630882196114353
2559,90.5,5.200000000000003,2.3000000000000007,0.5,16.581904990479977
2560,90.4,5.200000000000003,2.3000000000000007,0.6,16.538383215308425
2561,90.3,5.200000000000003,2.3000000000000007,0.7000000000000001,16.500700822062377
2562,90.8,5.300000000000003,2.3000000000000007,0.1,16.722229365951527
2563,90.7,5.300000000000003,2.3000000000000007,0.2,16.663396022227047
2564,90.6,5.300000000000003,2.3000000000000007,0.3,16.60885230317735
2565,90.5,5.300000000000003,2.3000000000000007,0.4,16.559128657967968
2566,90.4,5.300000000000003,2.3000000000000007,0.5,16.514695041710258
2567,90.3,5.300000000000003,2.3000000000000007,0.6,16.475953524215388
2568,90.2,5.300000000000003,2.3000000000000007,0.7000000000000001,16.44323234104547
2569,90.7,5.400000000000004,2.3000000000000007,0.1,16.64827103067211
2570,90.6,5.400000000000004,2.3000000000000007,0.2,16.593214998456546
2571,90.5,5.400000000000004,2.3000000000000007,0.3,16.542781272216295
2572,90.4,5.400000000000004,2.3000000000000007,0.4,16.497452076470378
2573,90.3,5.400000000000004,2.3000000000000007,0.5,16.457645844210802
2574,90.2,5.400000000000004,2.3000000000000007,0.6,16.423710834021037
2575,90.1,5.400000000000004,2.3000000000000007,0.7000000000000001,16.395920221600083
2576,90.6,5.500000000000004,2.3000000000000007,0.1,16.58404294133691
2577,90.5,5.500000000000004,2.3000000000000007,0.2,16.53295816566824
2578,90.4,5.500000000000004,2.3000000000000007,0.3,16.48677332720338
2579,90.3,5.500000000000004,2.3000000000000007,0.4,16.445921247063005
2580,90.2,5.500000000000004,2.3000000000000007,0.5,16.41076850996336
2581,90.1,5.500000000000004,2.3000000000000007,0.6,16.381610084445978
2582,90.0,5.500000000000004,2.3000000000000007,0.7000000000000001,16.35866542980459
2583,94.5,1.5,2.400000000000001,0.1,19.177864611676622
2584,94.4,1.5,2.400000000000001,0.2,19.224892704146598
2585,94.3,1.5,2.400000000000001,0.3,19.267475680799002
2586,94.2,1.5,2.400000000000001,0.4,19.305103953349292
2587,94.1,1.5,2.400000000000001,0.5,19.337312977593427
2588,94.0,1.5,2.400000000000001,0.6,19.363692368385227
2589,93.9,1.5,2.400000000000001,0.7000000000000001,19.383894185396468
2590,94.4,1.6,2.400000000000001,0.1,19.242335704448035
2591,94.3,1.6,2.400000000000001,0.2,19.287999683833675
2592,94.2,1.6,2.400000000000001,0.3,19.328766329511506
2593,94.1,1.6,2.400000000000001,0.4,19.364134712628964
2594,94.0,1.6,2.400000000000001,0.5,19.39365594577259
2595,93.9,1.6,2.400000000000001,0.6,19.41694218068175
2596,93.8,1.6,2.400000000000001,0.7000000000000001,19.433674613930283
2597,94.3,1.7000000000000002,2.400000000000001,0.1,19.30272642801237
2598,94.2,1.7000000000000002,2.400000000000001,0.2,19.346521468457617
2599,94.1,1.7000000000000002,2.400000000000001,0.3,19.384969880226492
2600,94.0,1.7000000000000002,2.400000000000001,0.4,19.417585503184988
2601,93.9,1.7000000000000002,2.400000000000001,0.5,19.443941289596104
2602,93.8,1.7000000000000002,2.400000000000001,0.6,19.463678059626716
2603,93.7,1.7000000000000002,2.400000000000001,0.7000000000000001,19.476512099742283
2604,94.2,1.8000000000000005,2.400000000000001,0.1,19.35813589295882
2605,94.1,1.8000000000000005,2.400000000000001,0.2,19.399546330550987
2606,94.0,1.8000000000000005,2.400000000000001,0.3,19.435170061439017
2607,93.9,1.8000000000000005,2.400000000000001,0.4,19.464542034412375
2608,93.8,1.8000000000000005,2.400000000000001,0.5,19.48726334867325
2609,93.7,1.8000000000000005,2.400000000000001,0.6,19.503009636761433
2610,93.6,1.8000000000000005,2.400000000000001,0.7000000000000001,19.511538125811008
2611,94.1,1.9000000000000004,2.400000000000001,0.1,19.40766391797459
2612,94.0,1.9000000000000004,2.400000000000001,0.2,19.446170755868273
2613,93.9,1.9000000000000004,2.400000000000001,0.3,19.47846662802855
2614,93.79999999999998,1.9000000000000004,2.400000000000001,0.4,19.504114061311483
2615,93.7,1.9000000000000004,2.400000000000001,0.5,19.522748624448546
2616,93.6,1.9000000000000004,2.400000000000001,0.6,19.534086804938635
2617,93.5,1.9000000000000004,2.400000000000001,0.7000000000000001,19.537932403215827
2618,94.0,2.0000000000000004,2.400000000000001,0.1,19.45042597295191
2619,93.9,2.0000000000000004,2.400000000000001,0.2,19.48551490083285
2620,93.8,2.0000000000000004,2.400000000000001,0.3,19.513991215594466
2621,93.7,2.0000000000000004,2.400000000000001,0.4,19.535451508993017
2622,93.6,2.0000000000000004,2.400000000000001,0.5,19.54957204112384
2623,93.5,2.0000000000000004,2.400000000000001,0.6,19.556115977334414
2624,93.4,2.0000000000000004,2.400000000000001,0.7000000000000001,19.554938987954753
2625,93.9,2.1000000000000005,2.400000000000001,0.1,19.485568768088324
2626,93.8,2.1000000000000005,2.400000000000001,0.2,19.516738541118134
2627,93.7,2.1000000000000005,2.400000000000001,0.3,19.540923519158188
2628,93.6,2.1000000000000005,2.400000000000001,0.4,19.55776074524086
2629,93.5,2.1000000000000005,2.400000000000001,0.5,19.56697317141979
2630,93.4,2.1000000000000005,2.400000000000001,0.6,19.568376124007493
2631,93.3,2.1000000000000005,2.400000000000001,0.7000000000000001,19.561881986914077
2632,93.8,2.2000000000000006,2.400000000000001,0.1,19.512286164418445
2633,93.7,2.2000000000000006,2.400000000000001,0.2,19.53905716913183
2634,93.6,2.2000000000000006,2.400000000000001,0.3,19.55850743930638
2635,93.5,2.2000000000000006,2.400000000000001,0.4,19.570320632817715
2636,93.4,2.2000000000000006,2.400000000000001,0.5,19.574272051045117
2637,93.3,2.2000000000000006,2.400000000000001,0.6,19.570234205823805
2638,93.2,2.2000000000000006,2.400000000000001,0.7000000000000001,19.558180472639293
2639,93.7,2.3000000000000007,2.400000000000001,0.1,19.529835054560692
2640,93.6,2.3000000000000007,2.400000000000001,0.2,19.551757875814644
2641,93.5,2.3000000000000007,2.400000000000001,0.3,19.566066821223703
2642,93.4,2.3000000000000007,2.400000000000001,0.4,19.572497980665688
2643,93.3,2.3000000000000007,2.400000000000001,0.5,19.57088419857685
2644,93.2,2.3000000000000007,2.400000000000001,0.6,19.561159623950882
2645,93.1,2.3000000000000007,2.400000000000001,0.7000000000000001,19.54336223058038
2646,93.6,2.400000000000001,2.400000000000001,0.1,19.537550845019844
2647,93.5,2.400000000000001,2.400000000000001,0.2,19.554214639658703
2648,93.4,2.400000000000001,2.400000000000001,0.3,19.56302040482887
2649,93.29999999999998,2.400000000000001,2.400000000000001,0.4,19.563762011436218
2650,93.2,2.400000000000001,2.400000000000001,0.5,19.556334461407385
2651,93.1,2.400000000000001,2.400000000000001,0.6,19.540737312801166
2652,93.0,2.400000000000001,2.400000000000001,0.7000000000000001,19.517075977830856
2653,93.5,2.500000000000001,2.400000000000001,0.1,19.534862164172388
2654,93.4,2.500000000000001,2.400000000000001,0.2,19.545902644057108
2655,93.3,2.500000000000001,2.400000000000001,0.3,19.54889560806939
2656,93.2,2.500000000000001,2.400000000000001,0.4,19.543697472381552
2657,93.1,2.500000000000001,2.400000000000001,0.5,19.530269323785262
2658,93.0,2.500000000000001,2.400000000000001,0.6,19.50867912536212
2659,92.9,2.500000000000001,2.400000000000001,0.7000000000000001,19.479101718938114
2660,93.4,2.600000000000001,2.400000000000001,0.1,19.521304423757492
2661,93.3,2.600000000000001,2.400000000000001,0.2,19.526411253512684
2662,93.2,2.600000000000001,2.400000000000001,0.3,19.523340780654454
2663,93.1,2.600000000000001,2.400000000000001,0.4,19.512016037653545
2664,93.0,2.600000000000001,2.400000000000001,0.5,19.492467339658212
2665,92.9,2.600000000000001,2.400000000000001,0.6,19.464833191976336
2666,92.8,2.600000000000001,2.400000000000001,0.7000000000000001,19.42935894160784
2667,93.3,2.700000000000001,2.400000000000001,0.1,19.49653187660542
2668,93.2,2.700000000000001,2.400000000000001,0.2,19.495455299965908
2669,93.1,2.700000000000001,2.400000000000001,0.3,19.48613559200725
2670,93.0,2.700000000000001,2.400000000000001,0.4,19.468565682170492
2671,92.9,2.700000000000001,2.400000000000001,0.5,19.442847390495206
2672,92.8,2.700000000000001,2.400000000000001,0.6,19.40919097609706
2673,92.7,2.700000000000001,2.400000000000001,0.7000000000000001,19.367912402131616
2674,93.2,2.800000000000001,2.400000000000001,0.1,19.460327839360488
2675,93.1,2.800000000000001,2.400000000000001,0.2,19.45288436224151
2676,93.0,2.800000000000001,2.400000000000001,0.3,19.437199254480053
2677,92.9,2.800000000000001,2.400000000000001,0.4,19.413337749702425
2678,92.8,2.800000000000001,2.400000000000001,0.5,19.38147451558864
2679,92.7,2.800000000000001,2.400000000000001,0.6,19.341891802221568
2680,92.6,2.800000000000001,2.400000000000001,0.7000000000000001,19.2949753058345
2681,93.1,2.900000000000001,2.400000000000001,0.1,19.41261278558896
2682,93.0,2.900000000000001,2.400000000000001,0.2,19.39868976364313
2683,92.9,2.900000000000001,2.400000000000001,0.3,19.3765963299735
2684,92.79999999999998,2.900000000000001,2.400000000000001,0.4,19.346471489566994
2685,92.7,2.900000000000001,2.400000000000001,0.5,19.308563118210614
2686,92.6,2.900000000000001,2.400000000000001,0.6,19.2632246906186
2687,92.5,2.900000000000001,2.400000000000001,0.7000000000000001,19.21090975014009
2688,93.0,3.0000000000000013,2.400000000000001,0.1,19.35345006099775
2689,92.9,3.0000000000000013,2.400000000000001,0.2,19.33300906393719
2690,92.8,3.0000000000000013,2.400000000000001,0.3,19.304539923735224
2691,92.7,3.0000000000000013,2.400000000000001,0.4,19.26825589584335
2692,92.6,3.0000000000000013,2.400000000000001,0.5,19.22447741377874
2693,92.5,3.0000000000000013,2.400000000000001,0.6,19.173627398836892
2694,92.4,3.0000000000000013,2.400000000000001,0.7000000000000001,19.116224365085863
2695,92.9,3.1000000000000014,2.400000000000001,0.1,19.283049027248087
2696,92.8,3.1000000000000014,2.400000000000001,0.2,19.256127880897218
2697,92.7,3.1000000000000014,2.400000000000001,0.3,19.221392131649697
2698,92.6,3.1000000000000014,2.400000000000001,0.4,19.179128748516945
2699,92.5,3.1000000000000014,2.400000000000001,0.5,19.129729053965015
2700,92.4,3.1000000000000014,2.400000000000001,0.6,19.073682639292038
2701,92.3,3.1000000000000014,2.400000000000001,0.7000000000000001,19.011569156198853
2702,92.8,3.200000000000001,2.400000000000001,0.1,19.201765502422553
2703,92.7,3.200000000000001,2.400000000000001,0.2,19.168478941462876
2704,92.6,3.200000000000001,2.400000000000001,0.3,19.127661674865777
2705,92.5,3.200000000000001,2.400000000000001,0.4,19.079672825443037
2706,92.4,3.200000000000001,2.400000000000001,0.5,19.02497193134368
2707,92.3,3.200000000000001,2.400000000000001,0.6,18.96411151330457
2708,92.2,3.200000000000001,2.400000000000001,0.7000000000000001,18.89772762534778
2709,92.7,3.3000000000000016,2.400000000000001,0.1,19.11009943271908
2710,92.6,3.3000000000000016,2.400000000000001,0.2,19.070638331401316
2711,92.5,3.3000000000000016,2.400000000000001,0.3,19.02399872603716
2712,92.4,3.3000000000000016,2.400000000000001,0.4,18.97060932527901
2713,92.3,3.3000000000000016,2.400000000000001,0.5,18.910994240491107
2714,92.2,3.3000000000000016,2.400000000000001,0.6,18.845764272550948
2715,92.1,3.3000000000000016,2.400000000000001,0.7000000000000001,18.775606314281443
2716,92.6,3.4000000000000017,2.400000000000001,0.1,19.008689799326742
2717,92.5,3.4000000000000017,2.400000000000001,0.2,18.96331898298095
2718,92.4,3.4000000000000017,2.400000000000001,0.3,18.911187002548097
2719,92.29999999999998,3.4000000000000017,2.400000000000001,0.4,18.852788612328606
2720,92.2,3.4000000000000017,2.400000000000001,0.5,18.788707941159316
2721,92.1,3.4000000000000017,2.400000000000001,0.6,18.71960858675247
2722,92.0,3.4000000000000017,2.400000000000001,0.7000000000000001,18.64622198085749
2723,92.5,3.5000000000000018,2.400000000000001,0.1,18.89830683449547
2724,92.4,3.5000000000000018,2.400000000000001,0.2,18.847361510339294
2725,92.3,3.5000000000000018,2.400000000000001,0.3,18.790133271607445
2726,92.2,3.5000000000000018,2.400000000000001,0.4,18.727178462317355
2727,92.1,3.5000000000000018,2.400000000000001,0.5,18.659135835036214
2728,92.0,3.5000000000000018,2.400000000000001,0.6,18.58671555942472
2729,91.9,3.5000000000000018,2.400000000000001,0.7000000000000001,18.510686677411016
2730,92.4,3.600000000000002,2.400000000000001,0.1,18.779841689317383
2731,92.29999999999998,3.600000000000002,2.400000000000001,0.2,18.723722569720735
2732,92.2,3.600000000000002,2.400000000000001,0.3,18.661854477813694
2733,92.09999999999998,3.600000000000002,2.400000000000001,0.4,18.59485005132771
2734,92.0,3.600000000000002,2.400000000000001,0.5,18.523396527613134
2735,91.9,3.600000000000002,2.400000000000001,0.6,18.448243789677285
2736,91.79999999999998,3.600000000000002,2.400000000000001,0.7000000000000001,18.370191052476503
2737,92.3,3.700000000000002,2.400000000000001,0.1,18.654293760521284
2738,92.2,3.700000000000002,2.400000000000001,0.2,18.593460984442526
2739,92.1,3.700000000000002,2.400000000000001,0.3,18.527462763657265
2740,92.0,3.700000000000002,2.400000000000001,0.4,18.4569619864966
2741,91.9,3.700000000000002,2.400000000000001,0.5,18.382687598949012
2742,91.8,3.700000000000002,2.400000000000001,0.6,18.305421825680867
2743,91.7,3.700000000000002,2.400000000000001,0.7000000000000001,18.225986239607444
2744,92.2,3.800000000000002,2.400000000000001,0.1,18.522755942604544
2745,92.1,3.800000000000002,2.400000000000001,0.2,18.45772193036211
2746,92.0,3.800000000000002,2.400000000000001,0.3,18.388148705585948
2747,91.9,3.800000000000002,2.400000000000001,0.4,18.31474272489302
2748,91.8,3.800000000000002,2.400000000000001,0.5,18.238267350084403
2749,91.7,3.800000000000002,2.400000000000001,0.6,18.159529393105498
2750,91.6,3.800000000000002,2.400000000000001,0.7000000000000001,18.079364729119145
2751,92.1,3.900000000000002,2.400000000000001,0.1,18.38639812306359
2752,92.0,3.900000000000002,2.400000000000001,0.2,18.31771952506081
2753,91.9,3.900000000000002,2.400000000000001,0.3,18.245163131146036
2754,91.79999999999998,3.900000000000002,2.400000000000001,0.4,18.169471764848115
2755,91.7,3.900000000000002,2.400000000000001,0.5,18.091435524286094
2756,91.6,3.900000000000002,2.400000000000001,0.6,18.011877808539577
2757,91.5,3.900000000000002,2.400000000000001,0.7000000000000001,17.93164063937147
2758,92.0,4.000000000000002,2.400000000000001,0.1,18.24644928078965
2759,91.9,4.000000000000002,2.400000000000001,0.2,18.174718201527
2760,91.8,4.000000000000002,2.400000000000001,0.3,18.09979791509756
2761,91.7,4.000000000000002,2.400000000000001,0.4,18.022460020852677
2762,91.6,4.000000000000002,2.400000000000001,0.5,17.94351342334208
2763,91.5,4.000000000000002,2.400000000000001,0.6,17.863790002974817
2764,91.4,4.000000000000002,2.400000000000001,0.7000000000000001,17.784129813261902
2765,91.9,4.100000000000002,2.400000000000001,0.1,18.104178579653812
2766,91.79999999999998,4.100000000000002,2.400000000000001,0.2,18.03001327377929
2767,91.7,4.100000000000002,2.400000000000001,0.3,17.95336617343313
2768,91.59999999999998,4.100000000000002,2.400000000000001,0.4,17.87502980831506
2769,91.5,4.100000000000002,2.400000000000001,0.5,17.795823848325956
2770,91.4,4.100000000000002,2.400000000000001,0.6,17.71658058363877
2771,91.29999999999998,4.100000000000002,2.400000000000001,0.7000000000000001,17.638130162877367
2772,91.8,4.200000000000003,2.400000000000001,0.1,17.960875870072776
2773,91.7,4.200000000000003,2.400000000000001,0.2,17.88491111696144
2774,91.6,4.200000000000003,2.400000000000001,0.3,17.807182283452416
2775,91.5,4.200000000000003,2.400000000000001,0.4,17.7284948677355
2776,91.4,4.200000000000003,2.400000000000001,0.5,17.649671291561834
2777,91.3,4.200000000000003,2.400000000000001,0.6,17.571536353933546
2778,91.2,4.200000000000003,2.400000000000001,0.7000000000000001,17.49490267110305
2779,91.7,4.3000000000000025,2.400000000000001,0.1,17.8178320204739
2780,91.6,4.3000000000000025,2.400000000000001,0.2,17.740709387716628
2781,91.5,4.3000000000000025,2.400000000000001,0.3,17.662542155411778
2782,91.4,4.3000000000000025,2.400000000000001,0.4,17.584140849352305
2783,91.3,4.3000000000000025,2.400000000000001,0.5,17.506322792299983
2784,91.2,4.3000000000000025,2.400000000000001,0.6,17.429897691534578
2785,91.1,4.3000000000000025,2.400000000000001,0.7000000000000001,17.355653434127724
2786,91.6,4.400000000000002,2.400000000000001,0.1,17.676319498015438
2787,91.5,4.400000000000002,2.400000000000001,0.2,17.598677702260208
2788,91.4,4.400000000000002,2.400000000000001,0.3,17.520704167126283
2789,91.29999999999998,4.400000000000002,2.400000000000001,0.4,17.443206659596303
2790,91.2,4.400000000000002,2.400000000000001,0.5,17.366989843579464
2791,91.1,4.400000000000002,2.400000000000001,0.6,17.292841154709944
2792,91.0,4.400000000000002,2.400000000000001,0.7000000000000001,17.22151709426697
2793,91.5,4.500000000000003,2.400000000000001,0.1,17.53757360400812
2794,91.4,4.500000000000003,2.400000000000001,0.2,17.46003917004861
2795,91.3,4.500000000000003,2.400000000000001,0.3,17.382871147971628
2796,91.2,4.500000000000003,2.400000000000001,0.4,17.306867040639418
2797,91.1,4.500000000000003,2.400000000000001,0.5,17.232811702962113
2798,91.0,4.500000000000003,2.400000000000001,0.6,17.16146364784026
2799,90.9,4.500000000000003,2.400000000000001,0.7000000000000001,17.093541969670053
2800,91.4,4.600000000000003,2.400000000000001,0.1,17.402774744931435
2801,91.29999999999998,4.600000000000003,2.400000000000001,0.2,17.325953151174733
2802,91.2,4.600000000000003,2.400000000000001,0.3,17.25017376406289
2803,91.09999999999998,4.600000000000003,2.400000000000001,0.4,17.176216715147586
2804,91.0,4.600000000000003,2.400000000000001,0.5,17.104840416610685
2805,90.9,4.600000000000003,2.400000000000001,0.6,17.036768430400734
2806,90.79999999999998,4.600000000000003,2.400000000000001,0.7000000000000001,16.972677137835433
2807,91.3,4.700000000000003,2.400000000000001,0.1,17.27303208577975
2808,91.2,4.700000000000003,2.400000000000001,0.2,17.19749956679472
2809,91.1,4.700000000000003,2.400000000000001,0.3,17.123655613309165
2810,91.0,4.700000000000003,2.400000000000001,0.4,17.05225638150248
2811,90.9,4.700000000000003,2.400000000000001,0.5,16.984027816110125
2812,90.8,4.700000000000003,2.400000000000001,0.6,16.919653200957182
2813,90.7,4.700000000000003,2.400000000000001,0.7000000000000001,16.859761675135655
2814,91.2,4.8000000000000025,2.400000000000001,0.1,17.14936889001896
2815,91.1,4.8000000000000025,2.400000000000001,0.2,17.075665045450943
2816,91.0,4.8000000000000025,2.400000000000001,0.3,17.004260289113734
2817,90.9,4.8000000000000025,2.400000000000001,0.4,16.935880791885317
2818,90.8,4.8000000000000025,2.400000000000001,0.5,16.871214692216533
2819,90.7,4.8000000000000025,2.400000000000001,0.6,16.810900430793737
2820,90.6,4.8000000000000025,2.400000000000001,0.7000000000000001,16.755516196541507
2821,91.1,4.900000000000003,2.400000000000001,0.1,17.032709801217432
2822,91.0,4.900000000000003,2.400000000000001,0.2,16.961331135736987
2823,90.9,4.900000000000003,2.400000000000001,0.3,16.89282061642085
2824,90.79999999999998,4.900000000000003,2.400000000000001,0.4,16.827869088498716
2825,90.7,4.900000000000003,2.400000000000001,0.5,16.76712229117412
2826,90.6,4.900000000000003,2.400000000000001,0.6,16.711170062459445
2827,90.5,4.900000000000003,2.400000000000001,0.7000000000000001,16.660536780260692
2828,91.0,5.000000000000004,2.400000000000001,0.1,16.923870267126475
2829,90.9,5.000000000000004,2.400000000000001,0.2,16.85526475910633
2830,90.8,5.000000000000004,2.400000000000001,0.3,16.790050205410814
2831,90.7,5.000000000000004,2.400000000000001,0.4,16.728877513666635
2832,90.6,5.000000000000004,2.400000000000001,0.5,16.672346219203508
2833,90.5,5.000000000000004,2.400000000000001,0.6,16.62099462861565
2834,90.4,5.000000000000004,2.400000000000001,0.7000000000000001,16.5752913028478
2835,90.9,5.100000000000003,2.400000000000001,0.1,16.823548249404027
2836,90.79999999999998,5.100000000000003,2.400000000000001,0.2,16.758111017580283
2837,90.7,5.100000000000003,2.400000000000001,0.3,16.696537408247053
2838,90.59999999999998,5.100000000000003,2.400000000000001,0.4,16.63943454942853
2839,90.5,5.100000000000003,2.400000000000001,0.5,16.587352781036135
2840,90.4,5.100000000000003,2.400000000000001,0.6,16.54077678783585
2841,90.29999999999998,5.100000000000003,2.400000000000001,0.7000000000000001,16.500118153190417
2842,90.8,5.200000000000003,2.400000000000001,0.1,16.732318303110127
2843,90.7,5.200000000000003,2.400000000000001,0.2,16.67038841146992
2844,90.6,5.200000000000003,2.400000000000001,0.3,16.612741704676303
2845,90.5,5.200000000000003,2.400000000000001,0.4,16.55993848328821
2846,90.4,5.200000000000003,2.400000000000001,0.5,16.512477720648683
2847,90.3,5.200000000000003,2.400000000000001,0.6,16.470789218086647
2848,90.2,5.200000000000003,2.400000000000001,0.7000000000000001,16.43522724016721
2849,90.7,5.300000000000003,2.400000000000001,0.1,16.65062805132203
2850,90.6,5.300000000000003,2.400000000000001,0.2,16.592486463736275
2851,90.5,5.300000000000003,2.400000000000001,0.3,16.53899248467611
2852,90.4,5.300000000000003,2.400000000000001,0.4,16.490657340624296
2853,90.3,5.300000000000003,2.400000000000001,0.5,16.44792727819593
2854,90.2,5.300000000000003,2.400000000000001,0.6,16.411176756957374
2855,90.1,5.300000000000003,2.400000000000001,0.7000000000000001,16.380703160056726
2856,90.6,5.400000000000004,2.400000000000001,0.1,16.57879702339591
2857,90.5,5.400000000000004,2.400000000000001,0.2,16.524665691895436
2858,90.4,5.400000000000004,2.400000000000001,0.3,16.475490142280137
2859,90.29999999999998,5.400000000000004,2.400000000000001,0.4,16.43173107238411
2860,90.2,5.400000000000004,2.400000000000001,0.5,16.393781427908692
2861,90.1,5.400000000000004,2.400000000000001,0.6,16.361960631556403
2862,89.99999999999999,5.400000000000004,2.400000000000001,0.7000000000000001,16.336510347076782
2863,90.5,5.500000000000004,2.400000000000001,0.1,16.517017772070147
2864,90.4,5.500000000000004,2.400000000000001,0.2,16.46705981687899
2865,90.3,5.500000000000004,2.400000000000001,0.3,16.42230934555361
2866,90.2,5.500000000000004,2.400000000000001,0.4,16.383175840315346
2867,90.1,5.500000000000004,2.400000000000001,0.5,16.349999118553527
2868,90.0,5.500000000000004,2.400000000000001,0.6,16.323044581364524
2869,89.89999999999999,5.500000000000004,2.400000000000001,0.7000000000000001,16.302499994627144
2870,94.4,1.5,2.500000000000001,0.1,19.249355623737877
2871,94.3,1.5,2.500000000000001,0.2,19.295697710440066
2872,94.2,1.5,2.500000000000001,0.3,19.337165318422134
2873,94.1,1.5,2.500000000000001,0.4,19.37325316186697
2874,94.0,1.5,2.500000000000001,0.5,19.403507455228933
2875,93.9,1.5,2.500000000000001,0.6,19.427534957511906
2876,93.8,1.5,2.500000000000001,0.7000000000000001,19.445011037447646
2877,94.3,1.6,2.500000000000001,0.1,19.3135662943758
2878,94.2,1.6,2.500000000000001,0.2,19.358194494252842
2879,94.1,1.6,2.500000000000001,0.3,19.397488712585996
2880,94.0,1.6,2.500000000000001,0.4,19.430956866888646
2881,93.9,1.6,2.500000000000001,0.5,19.45816553203445
2882,93.8,1.6,2.500000000000001,0.6,19.478748769057173
2883,93.7,1.6,2.500000000000001,0.7000000000000001,19.492415808384152
2884,94.2,1.7000000000000002,2.500000000000001,0.1,19.37312860962262
2885,94.1,1.7000000000000002,2.500000000000001,0.2,19.41552340610362
2886,94.0,1.7000000000000002,2.500000000000001,0.3,19.45213183997418
2887,93.9,1.7000000000000002,2.500000000000001,0.4,19.482481388904574
2888,93.8,1.7000000000000002,2.500000000000001,0.5,19.506165343146314
2889,93.7,1.7000000000000002,2.500000000000001,0.6,19.52285128830538
2890,93.6,1.7000000000000002,2.500000000000001,0.7000000000000001,19.53228827590086
2891,94.1,1.8000000000000005,2.500000000000001,0.1,19.427117875164335
2892,94.0,1.8000000000000005,2.500000000000001,0.2,19.466753282992727
2893,93.9,1.8000000000000005,2.500000000000001,0.3,19.500163686850872
2894,93.8,1.8000000000000005,2.500000000000001,0.4,19.526902647559965
2895,93.7,1.8000000000000005,2.500000000000001,0.5,19.546596578645467
2896,93.6,1.8000000000000005,2.500000000000001,0.6,19.558952748708446
2897,93.5,1.8000000000000005,2.500000000000001,0.7000000000000001,19.563765807719342
2898,94.0,1.9000000000000004,2.500000000000001,0.1,19.474617744928956
2899,93.9,1.9000000000000004,2.500000000000001,0.2,19.510969257906986
2900,93.8,1.9000000000000004,2.500000000000001,0.3,19.5406777236612
2901,93.7,1.9000000000000004,2.500000000000001,0.4,19.563329365508093
2902,93.6,1.9000000000000004,2.500000000000001,0.5,19.578590065589765
2903,93.5,1.9000000000000004,2.500000000000001,0.6,19.586212751191855
2904,93.4,1.9000000000000004,2.500000000000001,0.7000000000000001,19.586043147015854
2905,93.9,2.0000000000000004,2.500000000000001,0.1,19.51473587610671
2906,93.8,2.0000000000000004,2.500000000000001,0.2,19.547288847330933
2907,93.7,2.0000000000000004,2.500000000000001,0.3,19.57280829780165
2908,93.6,2.0000000000000004,2.500000000000001,0.4,19.59091963130539
2909,93.5,2.0000000000000004,2.500000000000001,0.5,19.601334360448288
2910,93.4,2.0000000000000004,2.500000000000001,0.6,19.603856742730198
2911,93.3,2.0000000000000004,2.500000000000001,0.7000000000000001,19.598388633680223
2912,93.8,2.1000000000000005,2.500000000000001,0.1,19.546620078317023
2913,93.7,2.1000000000000005,2.500000000000001,0.2,19.574878364643695
2914,93.6,2.1000000000000005,2.500000000000001,0.3,19.595747173687478
2915,93.5,2.1000000000000005,2.500000000000001,0.4,19.608897423310903
2916,93.4,2.1000000000000005,2.500000000000001,0.5,19.614092111394925
2917,93.3,2.1000000000000005,2.500000000000001,0.6,19.611192071795227
2918,93.2,2.1000000000000005,2.500000000000001,0.7000000000000001,19.600159810715287
2919,93.7,2.2000000000000006,2.500000000000001,0.1,19.569474610499448
2920,93.6,2.2000000000000006,2.500000000000001,0.2,19.59296929745939
2921,93.5,2.2000000000000006,2.500000000000001,0.3,19.608759845958055
2922,93.4,2.2000000000000006,2.500000000000001,0.4,19.616568711806707
2923,93.3,2.2000000000000006,2.500000000000001,0.5,19.616215802864122
2924,93.2,2.2000000000000006,2.500000000000001,0.6,19.607623232216056
2925,93.1,2.2000000000000006,2.500000000000001,0.7000000000000001,19.590818030458593
2926,93.6,2.3000000000000007,2.500000000000001,0.1,19.582576256635573
2927,93.5,2.3000000000000007,2.500000000000001,0.2,19.60087426925732
2928,93.4,2.3000000000000007,2.500000000000001,0.3,19.611201239091276
2929,93.3,2.3000000000000007,2.500000000000001,0.4,19.613336749426807
2930,93.2,2.3000000000000007,2.500000000000001,0.5,19.607162493290392
2931,93.1,2.3000000000000007,2.500000000000001,0.6,19.592665911264735
2932,93.0,2.3000000000000007,2.500000000000001,0.7000000000000001,19.569941685341686
2933,93.5,2.400000000000001,2.500000000000001,0.1,19.58528979891012
2934,93.4,2.400000000000001,2.500000000000001,0.2,19.59800219847091
2935,93.3,2.400000000000001,2.500000000000001,0.3,19.602530405111803
2936,93.2,2.400000000000001,2.500000000000001,0.4,19.598716164162084
2937,93.1,2.400000000000001,2.500000000000001,0.5,19.586507166973178
2938,93.0,2.400000000000001,2.500000000000001,0.6,19.565959473610068
2939,92.9,2.400000000000001,2.500000000000001,0.7000000000000001,19.53723770940691
2940,93.4,2.500000000000001,2.500000000000001,0.1,19.577082505255284
2941,93.3,2.500000000000001,2.500000000000001,0.2,19.583872272249042
2942,93.2,2.500000000000001,2.500000000000001,0.3,19.582323840974347
2943,93.1,2.500000000000001,2.500000000000001,0.4,19.57234548499572
2944,93.0,2.500000000000001,2.500000000000001,0.5,19.55395434261964
2945,92.9,2.500000000000001,2.500000000000001,0.6,19.527277540046605
2946,92.8,2.500000000000001,2.500000000000001,0.7000000000000001,19.49255102944449
2947,93.3,2.600000000000001,2.500000000000001,0.1,19.557537257889102
2948,93.2,2.600000000000001,2.500000000000001,0.2,19.55812636767223
2949,93.1,2.600000000000001,2.500000000000001,0.3,19.550287068676795
2950,93.0,2.600000000000001,2.500000000000001,0.4,19.53399775749986
2951,92.9,2.600000000000001,2.500000000000001,0.5,19.50934761398948
2952,92.8,2.600000000000001,2.500000000000001,0.6,19.47653635806135
2953,92.7,2.600000000000001,2.500000000000001,0.7000000000000001,19.43587168764629
2954,93.2,2.700000000000001,2.500000000000001,0.1,19.52636397055527
2955,93.1,2.700000000000001,2.500000000000001,0.2,19.52053958018545
2956,93.0,2.700000000000001,2.500000000000001,0.3,19.50626415388277
2957,92.9,2.700000000000001,2.500000000000001,0.4,19.483588944950462
2958,92.8,2.700000000000001,2.500000000000001,0.5,19.452676841446895
2959,92.7,2.700000000000001,2.500000000000001,0.6,19.41380070939619
2960,92.6,2.700000000000001,2.500000000000001,0.7000000000000001,19.367339409955747
2961,93.1,2.800000000000001,2.500000000000001,0.1,19.483408974379827
2962,93.0,2.800000000000001,2.500000000000001,0.2,19.471028556868774
2963,92.9,2.800000000000001,2.500000000000001,0.3,19.450244882064318
2964,92.8,2.800000000000001,2.500000000000001,0.4,19.42118385874017
2965,92.7,2.800000000000001,2.500000000000001,0.5,19.38408276596648
2966,92.6,2.800000000000001,2.500000000000001,0.6,19.339287156466742
2967,92.5,2.800000000000001,2.500000000000001,0.7000000000000001,19.287245454328566
2968,93.0,2.900000000000001,2.500000000000001,0.1,19.428662094848697
2969,92.9,2.900000000000001,2.500000000000001,0.2,19.409657379963782
2970,92.8,2.900000000000001,2.500000000000001,0.3,19.382369363768724
2971,92.7,2.900000000000001,2.500000000000001,0.4,19.346999418754827
2972,92.6,2.900000000000001,2.500000000000001,0.5,19.303858877731862
2973,92.5,2.900000000000001,2.500000000000001,0.6,19.25336449314217
2974,92.4,2.900000000000001,2.500000000000001,0.7000000000000001,19.196031639104476
2975,92.9,3.0000000000000013,2.500000000000001,0.1,19.362261194253012
2976,92.8,3.0000000000000013,2.500000000000001,0.2,19.3366408024864
2977,92.7,3.0000000000000013,2.500000000000001,0.3,19.302929901063685
2978,92.6,3.0000000000000013,2.500000000000001,0.4,19.261405108255687
2979,92.5,3.0000000000000013,2.500000000000001,0.5,19.212450438091697
2980,92.4,3.0000000000000013,2.500000000000001,0.6,19.156551334035843
2981,92.3,3.0000000000000013,2.500000000000001,0.7000000000000001,19.094286521591734
2982,92.8,3.1000000000000014,2.500000000000001,0.1,19.284494013563613
2983,92.7,3.1000000000000014,2.500000000000001,0.2,19.252344701128223
2984,92.6,3.1000000000000014,2.500000000000001,0.3,19.21237001371001
2985,92.5,3.1000000000000014,2.500000000000001,0.4,19.164920556731552
2986,92.4,3.1000000000000014,2.500000000000001,0.5,19.1104506242408
2987,92.3,3.1000000000000014,2.500000000000001,0.6,19.04951084796558
2988,92.2,3.1000000000000014,2.500000000000001,0.7000000000000001,18.98273876858932
2989,92.7,3.200000000000001,2.500000000000001,0.1,19.195797213294522
2990,92.6,3.200000000000001,2.500000000000001,0.2,19.15728368004775
2991,92.5,3.200000000000001,2.500000000000001,0.3,19.111280594099096
2992,92.4,3.200000000000001,2.500000000000001,0.4,19.058210256003637
2993,92.3,3.200000000000001,2.500000000000001,0.5,18.998593838360044
2994,92.2,3.200000000000001,2.500000000000001,0.6,18.933042713358407
2995,92.1,3.200000000000001,2.500000000000001,0.7000000000000001,18.862247831649736
2996,92.6,3.3000000000000016,2.500000000000001,0.1,19.096752582473353
2997,92.5,3.3000000000000016,2.500000000000001,0.2,19.052115830448706
2998,92.4,3.3000000000000016,2.500000000000001,0.3,19.000393232259707
2999,92.3,3.3000000000000016,2.500000000000001,0.4,18.942075487316906
3000,92.2,3.3000000000000016,2.500000000000001,0.5,18.877746294785197
3001,92.1,3.3000000000000016,2.500000000000001,0.6,18.80807244381229
3002,92.0,3.3000000000000016,2.500000000000001,0.7000000000000001,18.73379210816777
3003,92.5,3.4000000000000017,2.500000000000001,0.1,18.9880804561704
3004,92.4,3.4000000000000017,2.500000000000001,0.2,18.937634722783585
3005,92.3,3.4000000000000017,2.500000000000001,0.3,18.88057082399824
3006,92.2,3.4000000000000017,2.500000000000001,0.4,18.81744360793555
3007,92.1,3.4000000000000017,2.500000000000001,0.5,18.748894067805594
3008,92.0,3.4000000000000017,2.500000000000001,0.6,18.6756382985588
3009,91.9,3.4000000000000017,2.500000000000001,0.7000000000000001,18.598454832713962
3010,92.4,3.5000000000000018,2.500000000000001,0.1,18.870630452886243
3011,92.3,3.5000000000000018,2.500000000000001,0.2,18.814758778725302
3012,92.2,3.5000000000000018,2.500000000000001,0.3,18.752795644211115
3013,92.1,3.5000000000000018,2.500000000000001,0.4,18.68535491263768
3014,92.0,3.5000000000000018,2.500000000000001,0.5,18.613128846742654
3015,91.9,3.5000000000000018,2.500000000000001,0.6,18.53687605311043
3016,91.8,3.5000000000000018,2.500000000000001,0.7000000000000001,18.4574079994486
3017,92.3,3.600000000000002,2.500000000000001,0.1,18.74536971121385
3018,92.2,3.600000000000002,2.500000000000001,0.2,18.684518236490984
3019,92.1,3.600000000000002,2.500000000000001,0.3,18.618155131422114
3020,92.0,3.600000000000002,2.500000000000001,0.4,18.546947346378587
3021,91.9,3.600000000000002,2.500000000000001,0.5,18.471631702031967
3022,91.8,3.600000000000002,2.500000000000001,0.6,18.393001958060047
3023,91.7,3.600000000000002,2.500000000000001,0.7000000000000001,18.311894664237116
3024,92.2,3.700000000000002,2.500000000000001,0.1,18.61336886842323
3025,92.1,3.700000000000002,2.500000000000001,0.2,18.548039983594528
3026,92.0,3.700000000000002,2.500000000000001,0.3,18.477825686658868
3027,91.9,3.700000000000002,2.500000000000001,0.4,18.403439397385277
3028,91.8,3.700000000000002,2.500000000000001,0.5,18.325655214395685
3029,91.7,3.700000000000002,2.500000000000001,0.6,18.245294257252013
3030,91.6,3.700000000000002,2.500000000000001,0.7000000000000001,18.163210012841535
3031,92.1,3.800000000000002,2.500000000000001,0.1,18.475786079994904
3032,92.0,3.800000000000002,2.500000000000001,0.2,18.406530583783095
3033,91.9,3.800000000000002,2.500000000000001,0.3,18.333054838151945
3034,91.8,3.800000000000002,2.500000000000001,0.4,18.25611154347174
3035,91.7,3.800000000000002,2.500000000000001,0.5,18.176504357426015
3036,91.6,3.800000000000002,2.500000000000001,0.6,18.095073669130848
3037,91.5,3.800000000000002,2.500000000000001,0.7000000000000001,18.01268160824917
3038,92.0,3.900000000000002,2.500000000000001,0.1,18.333849426934982
3039,91.9,3.900000000000002,2.500000000000001,0.2,18.261257868196783
3040,91.8,3.900000000000002,2.500000000000001,0.3,18.1851421615992
3041,91.7,3.900000000000002,2.500000000000001,0.4,18.10628665718113
3042,91.6,3.900000000000002,2.500000000000001,0.5,18.025516550953196
3043,91.5,3.900000000000002,2.500000000000001,0.6,17.943683256143707
3044,91.4,3.900000000000002,2.500000000000001,0.7000000000000001,17.861649245171847
3045,91.9,4.000000000000002,2.500000000000001,0.1,18.188838095533026
3046,91.8,4.000000000000002,2.500000000000001,0.2,18.11353149344342
3047,91.7,4.000000000000002,2.500000000000001,0.3,18.035419372831623
3048,91.6,4.000000000000002,2.500000000000001,0.4,17.955309796608127
3049,91.5,4.000000000000002,2.500000000000001,0.5,17.874041317788688
3050,91.4,4.000000000000002,2.500000000000001,0.6,17.792468116178544
3051,91.3,4.000000000000002,2.500000000000001,0.7000000000000001,17.711444842772668
3052,91.8,4.100000000000002,2.500000000000001,0.1,18.042062741031128
3053,91.7,4.100000000000002,2.500000000000001,0.2,17.96468289044514
3054,91.6,4.100000000000002,2.500000000000001,0.3,17.88523002498659
3055,91.5,4.100000000000002,2.500000000000001,0.4,17.80452781798113
3056,91.4,4.100000000000002,2.500000000000001,0.5,17.72341997956949
3057,91.3,4.100000000000002,2.500000000000001,0.6,17.642755327127215
3058,91.2,4.100000000000002,2.500000000000001,0.7000000000000001,17.563372797916067
3059,91.7,4.200000000000003,2.500000000000001,0.1,17.89484546180512
3060,91.6,4.200000000000003,2.500000000000001,0.2,17.81604503713628
3061,91.5,4.200000000000003,2.500000000000001,0.3,17.735909245494557
3062,91.4,4.200000000000003,2.500000000000001,0.4,17.655269243246952
3063,91.3,4.200000000000003,2.500000000000001,0.5,17.57496581865134
3064,91.2,4.200000000000003,2.500000000000001,0.6,17.49583456113315
3065,91.1,4.200000000000003,2.500000000000001,0.7000000000000001,17.418691201244584
3066,91.6,4.3000000000000025,2.500000000000001,0.1,17.748499813869262
3067,91.5,4.3000000000000025,2.500000000000001,0.2,17.668932485333073
3068,91.4,4.3000000000000025,2.500000000000001,0.3,17.588763939474664
3069,91.3,4.3000000000000025,2.500000000000001,0.4,17.50882480136611
3070,91.2,4.3000000000000025,2.500000000000001,0.5,17.42994511285873
3071,91.1,4.3000000000000025,2.500000000000001,0.6,17.352939759654223
3072,91.0,4.3000000000000025,2.500000000000001,0.7000000000000001,17.278594288068575
3073,91.5,4.400000000000002,2.500000000000001,0.1,17.604311286963192
3074,91.4,4.400000000000002,2.500000000000001,0.2,17.5246220577077
3075,91.3,4.400000000000002,2.500000000000001,0.3,17.44505386606918
3076,91.2,4.400000000000002,2.500000000000001,0.4,17.366429036529475
3077,91.1,4.400000000000002,2.500000000000001,0.5,17.289559419311882
3078,91.0,4.400000000000002,2.500000000000001,0.6,17.21523222521652
3079,90.9,4.400000000000002,2.500000000000001,0.7000000000000001,17.144196456624226
3080,91.4,4.500000000000003,2.500000000000001,0.1,17.46351864370354
3081,91.3,4.500000000000003,2.500000000000001,0.2,17.384334605518152
3082,91.2,4.500000000000003,2.500000000000001,0.3,17.305973963731788
3083,91.1,4.500000000000003,2.500000000000001,0.4,17.22924334112264
3084,91.0,4.500000000000003,2.500000000000001,0.5,17.154929443740095
3085,90.9,4.500000000000003,2.500000000000001,0.6,17.083785442005684
3086,90.8,4.500000000000003,2.500000000000001,0.7000000000000001,17.01651813917814
3087,91.3,4.600000000000003,2.500000000000001,0.1,17.32729649318301
3088,91.2,4.600000000000003,2.500000000000001,0.2,17.249218182632145
3089,91.1,4.600000000000003,2.500000000000001,0.3,17.172638260742655
3090,91.0,4.600000000000003,2.500000000000001,0.4,17.098340727353655
3091,90.9,4.600000000000003,2.500000000000001,0.5,17.027080784133773
3092,90.8,4.600000000000003,2.500000000000001,0.6,16.959571886820985
3093,90.7,4.600000000000003,2.500000000000001,0.7000000000000001,16.89647375838948
3094,91.2,4.700000000000003,2.500000000000001,0.1,17.196739431176624
3095,91.1,4.700000000000003,2.500000000000001,0.2,17.120332947788942
3096,91.0,4.700000000000003,2.500000000000001,0.3,17.04606565973196
3097,90.9,4.700000000000003,2.500000000000001,0.4,16.97469260060539
3098,90.8,4.700000000000003,2.500000000000001,0.5,16.906931783960164
3099,90.7,4.700000000000003,2.500000000000001,0.6,16.843452036140572
3100,90.6,4.700000000000003,2.500000000000001,0.7000000000000001,16.784861944063778
3101,91.1,4.8000000000000025,2.500000000000001,0.1,17.07284803222821
3102,91.0,4.8000000000000025,2.500000000000001,0.2,16.998638056541893
3103,90.9,4.8000000000000025,2.500000000000001,0.3,16.927167831420515
3104,90.8,4.8000000000000025,2.500000000000001,0.4,16.859157741524136
3105,90.7,4.8000000000000025,2.500000000000001,0.5,16.795283672267374
3106,90.6,4.8000000000000025,2.500000000000001,0.6,16.73616571594424
3107,90.5,4.8000000000000025,2.500000000000001,0.7000000000000001,16.682358125786145
3108,91.0,4.900000000000003,2.500000000000001,0.1,16.95651692598864
3109,90.9,4.900000000000003,2.500000000000001,0.2,16.884980748647795
3110,90.8,4.900000000000003,2.500000000000001,0.3,16.81673939493146
3111,90.7,4.900000000000003,2.500000000000001,0.4,16.752473644448447
3112,90.6,4.900000000000003,2.500000000000001,0.5,16.692813107686412
3113,90.5,4.900000000000003,2.500000000000001,0.6,16.63832588036905
3114,90.4,4.900000000000003,2.500000000000001,0.7000000000000001,16.58950955673324
3115,90.9,5.000000000000004,2.500000000000001,0.1,16.84852513303389
3116,90.8,5.000000000000004,2.500000000000001,0.2,16.78008777764527
3117,90.7,5.000000000000004,2.500000000000001,0.3,16.715450501744332
3118,90.6,5.000000000000004,2.500000000000001,0.4,16.655250298880315
3119,90.5,5.000000000000004,2.500000000000001,0.5,16.600067182462016
3120,90.4,5.000000000000004,2.500000000000001,0.6,16.550414845045406
3121,90.3,5.000000000000004,2.500000000000001,0.7000000000000001,16.50673276499671
3122,90.8,5.100000000000003,2.500000000000001,0.1,16.74952877583994
3123,90.7,5.100000000000003,2.500000000000001,0.2,16.684559268843092
3124,90.6,5.100000000000003,2.500000000000001,0.3,16.623841879501416
3125,90.5,5.100000000000003,2.500000000000001,0.4,16.567966440129922
3126,90.4,5.100000000000003,2.500000000000001,0.5,16.517460882977822
3127,90.3,5.100000000000003,2.500000000000001,0.6,16.472782942796062
3128,90.2,5.100000000000003,2.500000000000001,0.7000000000000001,16.434313372637646
3129,90.7,5.200000000000003,2.500000000000001,0.1,16.66005622045753
3130,90.6,5.200000000000003,2.500000000000001,0.2,16.598865031733155
3131,90.5,5.200000000000003,2.500000000000001,0.3,16.54232233221501
3132,90.4,5.200000000000003,2.500000000000001,0.4,16.49096823674829
3133,90.3,5.200000000000003,2.500000000000001,0.5,16.445276946445976
3134,90.2,5.200000000000003,2.500000000000001,0.6,16.405649514840267
3135,90.1,5.200000000000003,2.500000000000001,0.7000000000000001,16.372408170895223
3136,90.6,5.300000000000003,2.500000000000001,0.1,16.58050564546947
3137,90.5,5.300000000000003,2.500000000000001,0.2,16.52334329466712
3138,90.4,5.300000000000003,2.500000000000001,0.3,16.471168636614188
3139,90.3,5.300000000000003,2.500000000000001,0.4,16.424470327475763
3140,90.2,5.300000000000003,2.500000000000001,0.5,16.38366800098223
3141,90.1,5.300000000000003,2.500000000000001,0.6,16.349106101101253
3142,90.0,5.300000000000003,2.500000000000001,0.7000000000000001,16.321049293743457
3143,90.5,5.400000000000004,2.500000000000001,0.1,16.511144978660873
3144,90.4,5.400000000000004,2.500000000000001,0.2,16.45820177505182
3145,90.3,5.400000000000004,2.500000000000001,0.3,16.41052772189187
3146,90.2,5.400000000000004,2.500000000000001,0.4,16.36855907055443
3147,90.1,5.400000000000004,2.500000000000001,0.5,16.33266082945118
3148,90.0,5.400000000000004,2.500000000000001,0.6,16.303121649809842
3149,89.89999999999999,5.400000000000004,2.500000000000001,0.7000000000000001,16.2801502923361
3150,90.4,5.500000000000004,2.500000000000001,0.1,16.452114089947038
3151,90.3,5.500000000000004,2.500000000000001,0.2,16.40352094870081
3152,90.2,5.500000000000004,2.500000000000001,0.3,16.36042097323155
3153,90.1,5.500000000000004,2.500000000000001,0.4,16.323197824529803
3154,90.0,5.500000000000004,2.500000000000001,0.5,16.29216255726648
3155,89.9,5.500000000000004,2.500000000000001,0.6,16.267549530217615
3156,89.8,5.500000000000004,2.500000000000001,0.7000000000000001,16.249513880553252
3157,94.3,1.5,2.600000000000001,0.1,19.318865331364627
3158,94.2,1.5,2.600000000000001,0.2,19.36414637580154
3159,94.1,1.5,2.600000000000001,0.3,19.404123905337688
3160,94.0,1.5,2.600000000000001,0.4,19.43830178287786
3161,93.9,1.5,2.600000000000001,0.5,19.466241888332927
3162,93.8,1.5,2.600000000000001,0.6,19.487572988480437
3163,93.7,1.5,2.600000000000001,0.7000000000000001,19.501998476338446
3164,94.20000000000002,1.6,2.600000000000001,0.1,19.382356180254437
3165,94.1,1.6,2.600000000000001,0.2,19.425562591693062
3166,94.0,1.6,2.600000000000001,0.3,19.4630024888862
3167,93.9,1.6,2.600000000000001,0.4,19.49419768594951
3168,93.8,1.6,2.600000000000001,0.5,19.518735260291166
3169,93.70000000000002,1.6,2.600000000000001,0.6,19.53627610400959
3170,93.6,1.6,2.600000000000001,0.7000000000000001,19.54656217666402
3171,94.1,1.7000000000000002,2.600000000000001,0.1,19.4406164353518
3172,94.0,1.7000000000000002,2.600000000000001,0.2,19.481217743412923
3173,93.9,1.7000000000000002,2.600000000000001,0.3,19.515601120916696
3174,93.8,1.7000000000000002,2.600000000000001,0.4,19.54331288122844
3175,93.7,1.7000000000000002,2.600000000000001,0.5,19.563971764219374
3176,93.6,1.7000000000000002,2.600000000000001,0.6,19.577277034464426
3177,93.5,1.7000000000000002,2.600000000000001,0.7000000000000001,19.58301511473136
3178,94.0,1.8000000000000005,2.600000000000001,0.1,19.492703310584027
3179,93.9,1.8000000000000005,2.600000000000001,0.2,19.530167305858377
3180,93.8,1.8000000000000005,2.600000000000001,0.3,19.560980425676824
3181,93.7,1.8000000000000005,2.600000000000001,0.4,19.584720125467857
3182,93.6,1.8000000000000005,2.600000000000001,0.5,19.601043248523055
3183,93.5,1.8000000000000005,2.600000000000001,0.6,19.60969353420567
3184,93.4,1.8000000000000005,2.600000000000001,0.7000000000000001,19.61050750053548
3185,93.9,1.9000000000000004,2.600000000000001,0.1,19.53769053162242
3186,93.8,1.9000000000000004,2.600000000000001,0.2,19.57149159531501
3187,93.7,1.9000000000000004,2.600000000000001,0.3,19.59823436337072
3188,93.6,1.9000000000000004,2.600000000000001,0.4,19.61753405424816
3189,93.5,1.9000000000000004,2.600000000000001,0.5,19.6290919108922
3190,93.4,1.9000000000000004,2.600000000000001,0.6,19.632701982827253
3191,93.3,1.9000000000000004,2.600000000000001,0.7000000000000001,19.628256130079233
3192,93.8,2.0000000000000004,2.600000000000001,0.1,19.57468459934857
3193,93.7,2.0000000000000004,2.600000000000001,0.2,19.60431237298766
3194,93.6,2.0000000000000004,2.600000000000001,0.3,19.626507037852406
3195,93.5,2.0000000000000004,2.600000000000001,0.4,19.64092805160201
3196,93.4,2.0000000000000004,2.600000000000001,0.5,19.647327083941107
3197,93.3,2.0000000000000004,2.600000000000001,0.6,19.64555393999302
3198,93.2,2.0000000000000004,2.600000000000001,0.7000000000000001,19.63556056453866
3199,93.70000000000002,2.1000000000000005,2.600000000000001,0.1,19.602841379364726
3200,93.6,2.1000000000000005,2.600000000000001,0.2,19.627809594333346
3201,93.5,2.1000000000000005,2.600000000000001,0.3,19.645009461389982
3202,93.4,2.1000000000000005,2.600000000000001,0.4,19.654150882342464
3203,93.3,2.1000000000000005,2.600000000000001,0.5,19.655041586583895
3204,93.20000000000002,2.1000000000000005,2.600000000000001,0.6,19.64759206958924
3205,93.1,2.1000000000000005,2.600000000000001,0.7000000000000001,19.631818486049948
3206,93.6,2.2000000000000006,2.600000000000001,0.1,19.621382651878896
3207,93.5,2.2000000000000006,2.600000000000001,0.2,19.641237925510083
3208,93.4,2.2000000000000006,2.600000000000001,0.3,19.65303588839496
3209,93.3,2.2000000000000006,2.600000000000001,0.4,19.6565426934078
3210,93.2,2.2000000000000006,2.600000000000001,0.5,19.651627245880963
3211,93.1,2.2000000000000006,2.600000000000001,0.6,19.638265040431
3212,93.0,2.2000000000000006,2.600000000000001,0.7000000000000001,19.616539843931413
3213,93.5,2.3000000000000007,2.600000000000001,0.1,19.629612238569017
3214,93.4,2.3000000000000007,2.600000000000001,0.2,19.64394263570272
3215,93.3,2.3000000000000007,2.600000000000001,0.3,19.649979322952973
3216,93.2,2.3000000000000007,2.600000000000001,0.4,19.64754998920317
3217,93.1,2.3000000000000007,2.600000000000001,0.5,19.636589198612874
3218,93.0,2.3000000000000007,2.600000000000001,0.6,19.617141021162407
3219,92.9,2.3000000000000007,2.600000000000001,0.7000000000000001,19.58935942135687
3220,93.4,2.400000000000001,2.600000000000001,0.1,19.626931315945335
3221,93.3,2.400000000000001,2.600000000000001,0.2,19.635374472646443
3222,93.2,2.400000000000001,2.600000000000001,0.3,19.635345809394927
3223,93.1,2.400000000000001,2.600000000000001,0.4,19.626739196261095
3224,93.0,2.400000000000001,2.600000000000001,0.5,19.609558598109196
3225,92.9,2.400000000000001,2.600000000000001,0.6,19.583919409074777
3226,92.8,2.400000000000001,2.600000000000001,0.7000000000000001,19.550047480173067
3227,93.3,2.500000000000001,2.600000000000001,0.1,19.612852528971565
3228,93.2,2.500000000000001,2.600000000000001,0.2,19.615103138837792
3229,93.1,2.500000000000001,2.600000000000001,0.3,19.608767131305115
3230,93.0,2.500000000000001,2.600000000000001,0.4,19.593808454642577
3231,92.9,2.500000000000001,2.600000000000001,0.5,19.570303379749078
3232,92.8,2.500000000000001,2.600000000000001,0.6,19.53844046598694
3233,92.7,2.500000000000001,2.600000000000001,0.7000000000000001,19.498518180145414
3234,93.20000000000002,2.600000000000001,2.600000000000001,0.1,19.58701253457104
3235,93.1,2.600000000000001,2.600000000000001,0.2,19.582829007789563
3236,93.0,2.600000000000001,2.600000000000001,0.3,19.57001157214793
3237,92.9,2.600000000000001,2.600000000000001,0.4,19.54859730701472
3238,92.8,2.600000000000001,2.600000000000001,0.5,19.518736777497775
3239,92.70000000000002,2.600000000000001,2.600000000000001,0.6,19.48069257831773
3240,92.6,2.600000000000001,2.600000000000001,0.7000000000000001,19.43483551745518
3241,93.1,2.700000000000001,2.600000000000001,0.1,19.549182632012066
3242,93.0,2.700000000000001,2.600000000000001,0.2,19.538392752912056
3243,92.9,2.700000000000001,2.600000000000001,0.3,19.51899242955328
3244,92.8,2.700000000000001,2.600000000000001,0.4,19.49109400050016
3245,92.7,2.700000000000001,2.600000000000001,0.5,19.45492333287423
3246,92.6,2.700000000000001,2.600000000000001,0.6,19.410816911863645
3247,92.5,2.700000000000001,2.600000000000001,0.7000000000000001,19.35921658440884
3248,93.0,2.800000000000001,2.600000000000001,0.1,19.499277175493617
3249,92.9,2.800000000000001,2.600000000000001,0.2,19.48178260542957
3250,92.8,2.800000000000001,2.600000000000001,0.3,19.45577402426091
3251,92.7,2.800000000000001,2.600000000000001,0.4,19.421440170025253
3252,92.6,2.800000000000001,2.600000000000001,0.5,19.379082195497734
3253,92.5,2.800000000000001,2.600000000000001,0.6,19.32910929304325
3254,92.4,2.800000000000001,2.600000000000001,0.7000000000000001,19.27203201637488
3255,92.9,2.900000000000001,2.600000000000001,0.1,19.437359512582002
3256,92.8,2.900000000000001,2.600000000000001,0.2,19.413139011004258
3257,92.7,2.900000000000001,2.600000000000001,0.3,19.38057500242844
3258,92.6,2.900000000000001,2.600000000000001,0.4,19.33993273346091
3259,92.5,2.900000000000001,2.600000000000001,0.5,19.29158757913884
3260,92.4,2.900000000000001,2.600000000000001,0.6,19.236019215644298
3261,92.3,2.900000000000001,2.600000000000001,0.7000000000000001,19.173803560982357
3262,92.8,3.0000000000000013,2.600000000000001,0.1,19.363645249141836
3263,92.7,3.0000000000000013,2.600000000000001,0.2,19.332756515914024
3264,92.6,3.0000000000000013,2.600000000000001,0.3,19.293768794759355
3265,92.5,3.0000000000000013,2.600000000000001,0.4,19.247022896503953
3266,92.4,3.0000000000000013,2.600000000000001,0.5,19.19296630702468
3267,92.3,3.0000000000000013,2.600000000000001,0.6,19.132145943336326
3268,92.2,3.0000000000000013,2.600000000000001,0.7000000000000001,19.06519877644828
3269,92.70000000000002,3.1000000000000014,2.600000000000001,0.1,19.278502705385506
3270,92.6,3.1000000000000014,2.600000000000001,0.2,19.24108278088109
3271,92.5,3.1000000000000014,2.600000000000001,0.3,19.195881165733113
3272,92.4,3.1000000000000014,2.600000000000001,0.4,19.143312236900705
3273,92.3,3.1000000000000014,2.600000000000001,0.5,19.08389245284813
3274,92.20000000000002,3.1000000000000014,2.600000000000001,0.6,19.018231751152637
3275,92.1,3.1000000000000014,2.600000000000001,0.7000000000000001,18.947022938281982
3276,92.6,3.200000000000001,2.600000000000001,0.1,19.182450496683543
3277,92.5,3.200000000000001,2.600000000000001,0.2,19.138714691898475
3278,92.4,3.200000000000001,2.600000000000001,0.3,19.08758485894214
3279,92.3,3.200000000000001,2.600000000000001,0.4,19.02954591101915
3280,92.2,3.200000000000001,2.600000000000001,0.5,18.965179157209427
3281,92.1,3.200000000000001,2.600000000000001,0.6,18.895152421495713
3282,92.0,3.200000000000001,2.600000000000001,0.7000000000000001,18.82020830425296
3283,92.5,3.3000000000000016,2.600000000000001,0.1,19.076152244683936
3284,92.4,3.3000000000000016,2.600000000000001,0.2,19.026391610415068
3285,92.3,3.3000000000000016,2.600000000000001,0.3,18.969691417867914
3286,92.2,3.3000000000000016,2.600000000000001,0.4,18.90660309860877
3287,92.1,3.3000000000000016,2.600000000000001,0.5,18.83776777075667
3288,92.0,3.3000000000000016,2.600000000000001,0.6,18.76390517968809
3289,91.9,3.3000000000000016,2.600000000000001,0.7000000000000001,18.68580095417083
3290,92.4,3.4000000000000017,2.600000000000001,0.1,18.960408496810448
3291,92.3,3.4000000000000017,2.600000000000001,0.2,18.90498587770669
3292,92.2,3.4000000000000017,2.600000000000001,0.3,18.843140333034494
3293,92.1,3.4000000000000017,2.600000000000001,0.4,18.775484871540552
3294,92.0,3.4000000000000017,2.600000000000001,0.5,18.70271454282805
3295,91.9,3.4000000000000017,2.600000000000001,0.6,18.625594318488414
3296,91.8,3.4000000000000017,2.600000000000001,0.7000000000000001,18.54494548162781
3297,92.3,3.5000000000000018,2.600000000000001,0.1,18.836146003051265
3298,92.2,3.5000000000000018,2.600000000000001,0.2,18.77549075788224
3299,92.1,3.5000000000000018,2.600000000000001,0.3,18.708985734099304
3300,92.0,3.5000000000000018,2.600000000000001,0.4,18.63729973719129
3301,91.9,3.5000000000000018,2.600000000000001,0.5,18.561175135817606
3302,91.8,3.5000000000000018,2.600000000000001,0.6,18.481414818322264
3303,91.7,3.5000000000000018,2.600000000000001,0.7000000000000001,18.39886786753242
3304,92.2,3.600000000000002,2.600000000000001,0.1,18.704404565866056
3305,92.1,3.600000000000002,2.600000000000001,0.2,18.639006068557244
3306,92.0,3.600000000000002,2.600000000000001,0.3,18.56838090695979
3307,91.9,3.600000000000002,2.600000000000001,0.4,18.493247164909278
3308,91.8,3.600000000000002,2.600000000000001,0.5,18.41438729890052
3309,91.7,3.600000000000002,2.600000000000001,0.6,18.33263431849787
3310,91.6,3.600000000000002,2.600000000000001,0.7000000000000001,18.24885690844671
3311,92.1,3.700000000000002,2.600000000000001,0.1,18.566321739934985
3312,92.0,3.700000000000002,2.600000000000001,0.2,18.49672180576408
3313,91.9,3.700000000000002,2.600000000000001,0.3,18.422560969475946
3314,91.8,3.700000000000002,2.600000000000001,0.4,18.344599452918803
3315,91.7,3.700000000000002,2.600000000000001,0.5,18.26365207856803
3316,91.6,3.700000000000002,2.600000000000001,0.6,18.18057383297116
3317,91.5,3.700000000000002,2.600000000000001,0.7000000000000001,18.096244605202674
3318,92.0,3.800000000000002,2.600000000000001,0.1,18.423115711472065
3319,91.9,3.800000000000002,2.600000000000001,0.2,18.34990011840828
3320,91.8,3.800000000000002,2.600000000000001,0.3,18.272824083334513
3321,91.7,3.800000000000002,2.600000000000001,0.4,18.192682331657984
3322,91.6,3.800000000000002,2.600000000000001,0.5,18.110313976389254
3323,91.5,3.800000000000002,2.600000000000001,0.6,18.02658763124525
3324,91.4,3.800000000000002,2.600000000000001,0.7000000000000001,17.942385938171885
3325,91.9,3.900000000000002,2.600000000000001,0.1,18.276066730340375
3326,91.8,3.900000000000002,2.600000000000001,0.2,18.19985602609783
3327,91.7,3.900000000000002,2.600000000000001,0.3,18.120511612658948
3328,91.6,3.900000000000002,2.600000000000001,0.4,18.038854726837084
3329,91.5,3.900000000000002,2.600000000000001,0.5,17.955740485682245
3330,91.4,3.900000000000002,2.600000000000001,0.6,17.872042720085027
3331,91.3,3.900000000000002,2.600000000000001,0.7000000000000001,17.788638464462416
3332,91.8,4.000000000000002,2.600000000000001,0.1,18.12649750099831
3333,91.7,4.000000000000002,2.600000000000001,0.2,18.047937301407984
3334,91.6,4.000000000000002,2.600000000000001,0.3,17.966987661337864
3335,91.5,4.000000000000002,2.600000000000001,0.4,17.884488120798412
3336,91.4,4.000000000000002,2.600000000000001,0.5,17.801301447888992
3337,91.3,4.000000000000002,2.600000000000001,0.6,17.71829836466716
3338,91.2,4.000000000000002,2.600000000000001,0.7000000000000001,17.636342169190236
3339,91.7,4.100000000000002,2.600000000000001,0.1,17.975752959516907
3340,91.6,4.100000000000002,2.600000000000001,0.2,17.895503952940263
3341,91.5,4.100000000000002,2.600000000000001,0.3,17.813618430253495
3342,91.4,4.100000000000002,2.600000000000001,0.4,17.730945953809282
3343,91.3,4.100000000000002,2.600000000000001,0.5,17.648348666383395
3344,91.2,4.100000000000002,2.600000000000001,0.6,17.566686078742496
3345,91.1,4.100000000000002,2.600000000000001,0.7000000000000001,17.486799988195013
3346,91.6,4.200000000000003,2.600000000000001,0.1,17.82517987308844
3347,91.5,4.200000000000003,2.600000000000001,0.2,17.74390774864919
3348,91.4,4.200000000000003,2.600000000000001,0.3,17.66175183260457
3349,91.3,4.200000000000003,2.600000000000001,0.4,17.579563497905006
3350,91.2,4.200000000000003,2.600000000000001,0.5,17.498196200569254
3351,91.1,4.200000000000003,2.600000000000001,0.6,17.41849049293138
3352,91.0,4.200000000000003,2.600000000000001,0.7000000000000001,17.341259393891985
3353,91.5,4.3000000000000025,2.600000000000001,0.1,17.676106695560332
3354,91.4,4.3000000000000025,2.600000000000001,0.2,17.594472210010153
3355,91.3,4.3000000000000025,2.600000000000001,0.3,17.512697790710316
3356,91.2,4.3000000000000025,2.600000000000001,0.4,17.43162861538351
3357,91.1,4.3000000000000025,2.600000000000001,0.5,17.352101737202492
3358,91.0,4.3000000000000025,2.600000000000001,0.6,17.274931479329876
3359,90.9,4.3000000000000025,2.600000000000001,0.7000000000000001,17.20089540045209
3360,91.4,4.400000000000002,2.600000000000001,0.1,17.529824097938494
3361,91.3,4.400000000000002,2.600000000000001,0.2,17.448473487253384
3362,91.2,4.400000000000002,2.600000000000001,0.3,17.367709611802905
3363,91.1,4.400000000000002,2.600000000000001,0.4,17.288363782968215
3364,91.0,4.400000000000002,2.600000000000001,0.5,17.211249399992038
3365,90.9,4.400000000000002,2.600000000000001,0.6,17.137147870412807
3366,90.8,4.400000000000002,2.600000000000001,0.7000000000000001,17.06679530054915
3367,91.3,4.500000000000003,2.600000000000001,0.1,17.387566567254968
3368,91.2,4.500000000000003,2.600000000000001,0.2,17.307122495010177
3369,91.1,4.500000000000003,2.600000000000001,0.3,17.22796680445581
3370,91.0,4.500000000000003,2.600000000000001,0.4,17.150909722246137
3371,90.9,4.500000000000003,2.600000000000001,0.5,17.076734314073427
3372,90.8,4.500000000000003,2.600000000000001,0.6,17.006183062273998
3373,90.7,4.500000000000003,2.600000000000001,0.7000000000000001,16.93994539509231
3374,91.2,4.600000000000003,2.600000000000001,0.1,17.25049543175992
3375,91.1,4.600000000000003,2.600000000000001,0.2,17.17154864754592
3376,91.0,4.600000000000003,2.600000000000001,0.3,17.094559652835628
3377,90.9,4.600000000000003,2.600000000000001,0.4,17.02031092875302
3378,90.8,4.600000000000003,2.600000000000001,0.5,16.949549190516464
3379,90.7,4.600000000000003,2.600000000000001,0.6,16.88297273823163
3380,90.6,4.600000000000003,2.600000000000001,0.7000000000000001,16.821219921419704
3381,91.1,4.700000000000003,2.600000000000001,0.1,17.11968362644024
3382,91.0,4.700000000000003,2.600000000000001,0.2,17.042785484783742
3383,90.9,4.700000000000003,2.600000000000001,0.3,16.968475814506032
3384,90.8,4.700000000000003,2.600000000000001,0.4,16.89750333771644
3385,90.7,4.700000000000003,2.600000000000001,0.5,16.83057313938769
3386,90.6,4.700000000000003,2.600000000000001,0.6,16.76833489055924
3387,90.5,4.700000000000003,2.600000000000001,0.7000000000000001,16.711372326203268
3388,91.0,4.8000000000000025,2.600000000000001,0.1,16.99610246197433
3389,90.9,4.8000000000000025,2.600000000000001,0.2,16.92175842623707
3390,90.8,4.8000000000000025,2.600000000000001,0.3,16.85058915082494
3391,90.7,4.8000000000000025,2.600000000000001,0.4,16.783304305802645
3392,90.6,4.8000000000000025,2.600000000000001,0.5,16.72056285989838
3393,90.5,4.8000000000000025,2.600000000000001,0.6,16.66296225745232
3394,90.4,4.8000000000000025,2.600000000000001,0.7000000000000001,16.611028968660886
3395,90.9,4.900000000000003,2.600000000000001,0.1,16.880610604149123
3396,90.8,4.900000000000003,2.600000000000001,0.2,16.80927483158558
3397,90.7,4.900000000000003,2.600000000000001,0.3,16.741650938916287
3398,90.6,4.900000000000003,2.600000000000001,0.4,16.678405027126043
3399,90.5,4.900000000000003,2.600000000000001,0.5,16.620146294712445
3400,90.4,4.900000000000003,2.600000000000001,0.6,16.567417231163716
3401,90.3,4.900000000000003,2.600000000000001,0.7000000000000001,16.520685279412124
3402,90.8,5.000000000000004,2.600000000000001,0.1,16.773945411331656
3403,90.7,5.000000000000004,2.600000000000001,0.2,16.706016485817536
3404,90.6,5.000000000000004,2.600000000000001,0.3,16.64228355264985
3405,90.5,5.000000000000004,2.600000000000001,0.4,16.583365440144846
3406,90.4,5.000000000000004,2.600000000000001,0.5,16.52981877440389
3407,90.3,5.000000000000004,2.600000000000001,0.6,16.482129233330607
3408,90.2,5.000000000000004,2.600000000000001,0.7000000000000001,16.44070434216093
3409,90.7,5.100000000000003,2.600000000000001,0.1,16.676716716666213
3410,90.6,5.100000000000003,2.600000000000001,0.2,16.612534565485763
3411,90.5,5.100000000000003,2.600000000000001,0.3,16.55297663887006
3412,90.4,5.100000000000003,2.600000000000001,0.4,16.498611621681107
3413,90.3,5.100000000000003,2.600000000000001,0.5,16.449941619083198
3414,90.2,5.100000000000003,2.600000000000001,0.6,16.407394496527377
3415,90.1,5.100000000000003,2.600000000000001,0.7000000000000001,16.37131781090901
3416,90.6,5.200000000000003,2.600000000000001,0.1,16.589403081081553
3417,90.5,5.200000000000003,2.600000000000001,0.2,16.52924708247818
3418,90.4,5.200000000000003,2.600000000000001,0.3,16.474085756016475
3419,90.3,5.200000000000003,2.600000000000001,0.4,16.42443560684328
3420,90.2,5.200000000000003,2.600000000000001,0.5,16.380743108938173
3421,90.1,5.200000000000003,2.600000000000001,0.6,16.343378138497723
3422,90.0,5.200000000000003,2.600000000000001,0.7000000000000001,16.31262902596503
3423,90.5,5.300000000000003,2.600000000000001,0.1,16.512350484666335
3424,90.4,5.300000000000003,2.600000000000001,0.2,16.456438744449265
3425,90.3,5.300000000000003,2.600000000000001,0.3,16.40583338686595
3426,90.2,5.300000000000003,2.600000000000001,0.4,16.36099752058628
3427,90.1,5.300000000000003,2.600000000000001,0.5,16.32232168524607
3428,90.00000000000001,5.300000000000003,2.600000000000001,0.6,16.290118368613047
3429,89.9,5.300000000000003,2.600000000000001,0.7000000000000001,16.264618148753126
3430,90.4,5.400000000000004,2.600000000000001,0.1,16.445773369074008
3431,90.3,5.400000000000004,2.600000000000001,0.2,16.394263118187627
3432,90.2,5.400000000000004,2.600000000000001,0.3,16.348312186786554
3433,90.1,5.400000000000004,2.600000000000001,0.4,16.308329859297192
3434,90.0,5.400000000000004,2.600000000000001,0.5,16.274651199465318
3435,89.9,5.400000000000004,2.600000000000001,0.6,16.2475326258931
3436,89.8,5.400000000000004,2.600000000000001,0.7000000000000001,16.227149099224995
3437,90.3,5.500000000000004,2.600000000000001,0.1,16.38975789373087
3438,90.2,5.500000000000004,2.600000000000001,0.2,16.342746934978106
3439,90.1,5.500000000000004,2.600000000000001,0.3,16.30149028478537
3440,90.0,5.500000000000004,2.600000000000001,0.4,16.266343720177012
3441,89.9,5.500000000000004,2.600000000000001,0.5,16.237587991203025
3442,89.80000000000001,5.500000000000004,2.600000000000001,0.6,16.215425415170024
3443,89.7,5.500000000000004,2.600000000000001,0.7000000000000001,16.19997805115712
3444,94.2,1.5,2.700000000000001,0.1,19.385757564980928
3445,94.1,1.5,2.700000000000001,0.2,19.42959619263555
3446,94.0,1.5,2.700000000000001,0.3,19.467707406398304
3447,93.9,1.5,2.700000000000001,0.4,19.49960920861961
3448,93.8,1.5,2.700000000000001,0.5,19.524884109917057
3449,93.7,1.5,2.700000000000001,0.6,19.543187717470083
3450,93.6,1.5,2.700000000000001,0.7000000000000001,19.554256042271728
3451,94.1,1.6,2.700000000000001,0.1,19.44805499191172
3452,94.0,1.6,2.700000000000001,0.2,19.48945120626071
3453,93.9,1.6,2.700000000000001,0.3,19.52465754407073
3454,93.8,1.6,2.700000000000001,0.4,19.55321485069135
3455,93.7,1.6,2.700000000000001,0.5,19.57473573937171
3456,93.6,1.6,2.700000000000001,0.6,19.58891275484787
3457,93.5,1.6,2.700000000000001,0.7000000000000001,19.59552508819468
3458,94.0,1.7000000000000002,2.700000000000001,0.1,19.504530925922015
3459,93.9,1.7000000000000002,2.700000000000001,0.2,19.542947368467903
3460,93.8,1.7000000000000002,2.700000000000001,0.3,19.574727725960372
3461,93.7,1.7000000000000002,2.700000000000001,0.4,19.599442363533512
3462,93.6,1.7000000000000002,2.700000000000001,0.5,19.616740504957992
3463,93.5,1.7000000000000002,2.700000000000001,0.6,19.626357834169657
3464,93.4,1.7000000000000002,2.700000000000001,0.7000000000000001,19.62812248478998
3465,93.9,1.8000000000000005,2.700000000000001,0.1,19.554230689214428
3466,93.8,1.8000000000000005,2.700000000000001,0.2,19.589133298191612
3467,93.7,1.8000000000000005,2.700000000000001,0.3,19.61697696582832
3468,93.6,1.8000000000000005,2.700000000000001,0.4,19.637368271505924
3469,93.5,1.8000000000000005,2.700000000000001,0.5,19.64999945205129
3470,93.4,1.8000000000000005,2.700000000000001,0.6,19.654655303719846
3471,93.3,1.8000000000000005,2.700000000000001,0.7000000000000001,19.65121831652423
3472,93.8,1.9000000000000004,2.700000000000001,0.1,19.596224717526564
3473,93.7,1.9000000000000004,2.700000000000001,0.2,19.627091369486674
3474,93.6,1.9000000000000004,2.700000000000001,0.3,19.65050675653347
3475,93.5,1.9000000000000004,2.700000000000001,0.4,19.666120262229207
3476,93.4,1.9000000000000004,2.700000000000001,0.5,19.673673309074275
3477,93.3,1.9000000000000004,2.700000000000001,0.6,19.67300542616791
3478,93.2,1.9000000000000004,2.700000000000001,0.7000000000000001,19.664058404441175
3479,93.7,2.0000000000000004,2.700000000000001,0.1,19.62962531461514
3480,93.6,2.0000000000000004,2.700000000000001,0.2,19.655954704178157
3481,93.5,2.0000000000000004,2.700000000000001,0.3,19.67447815760731
3482,93.4,2.0000000000000004,2.700000000000001,0.4,19.684894221276373
3483,93.3,2.0000000000000004,2.700000000000001,0.5,19.68699931973059
3484,93.2,2.0000000000000004,2.700000000000001,0.6,19.680692859897846
3485,93.1,2.0000000000000004,2.700000000000001,0.7000000000000001,19.665980292175327
3486,93.6,2.1000000000000005,2.700000000000001,0.1,19.653603550321453
3487,93.5,2.1000000000000005,2.700000000000001,0.2,19.67492411758376
3488,93.4,2.1000000000000005,2.700000000000001,0.3,19.688128638974845
3489,93.3,2.1000000000000005,2.700000000000001,0.4,19.69297082271388
3490,93.2,2.1000000000000005,2.700000000000001,0.5,19.689307430604327
3491,93.1,2.1000000000000005,2.700000000000001,0.6,19.6771022982715
3492,93.0,2.1000000000000005,2.700000000000001,0.7000000000000001,19.65642819873242
3493,93.5,2.2000000000000006,2.700000000000001,0.1,19.667405920371742
3494,93.4,2.2000000000000006,2.700000000000001,0.2,19.68328462526815
3495,93.3,2.2000000000000006,2.700000000000001,0.3,19.69078828243736
3496,93.2,2.2000000000000006,2.700000000000001,0.4,19.689731274802394
3497,93.1,2.2000000000000006,2.700000000000001,0.5,19.680035435270366
3498,93.0,2.2000000000000006,2.700000000000001,0.6,19.661732873960375
3499,92.9,2.2000000000000006,2.700000000000001,0.7000000000000001,19.63496655524006
3500,93.4,2.3000000000000007,2.700000000000001,0.1,19.67037037358347
3501,93.3,2.3000000000000007,2.700000000000001,0.2,19.680421111835965
3502,93.2,2.3000000000000007,2.700000000000001,0.3,19.68189494136228
3503,93.1,2.3000000000000007,2.700000000000001,0.4,19.674671824931217
3504,93.0,2.3000000000000007,2.700000000000001,0.5,19.658742686806526
3505,92.9,2.3000000000000007,2.700000000000001,0.6,19.634210952149107
3506,92.8,2.3000000000000007,2.700000000000001,0.7000000000000001,19.60129176529649
3507,93.3,2.400000000000001,2.700000000000001,0.1,19.661941310867824
3508,93.2,2.400000000000001,2.700000000000001,0.2,19.665832767389343
3509,93.1,2.400000000000001,2.700000000000001,0.3,19.661007969662464
3510,93.0,2.400000000000001,2.700000000000001,0.4,19.647416644527205
3511,92.9,2.400000000000001,2.700000000000001,0.5,19.625122013198443
3512,92.8,2.400000000000001,2.700000000000001,0.6,19.594300964742644
3513,92.7,2.400000000000001,2.700000000000001,0.7000000000000001,19.55524186229612
3514,93.2,2.500000000000001,2.700000000000001,0.1,19.64168317083198
3515,93.1,2.500000000000001,2.700000000000001,0.2,19.639145913754714
3516,93.0,2.500000000000001,2.700000000000001,0.3,19.62782015366693
3517,92.9,2.500000000000001,2.700000000000001,0.4,19.60772874310598
3518,92.8,2.500000000000001,2.700000000000001,0.5,19.57900950422074
3519,92.7,2.500000000000001,2.700000000000001,0.6,19.541913977122686
3520,92.6,2.500000000000001,2.700000000000001,0.7000000000000001,19.49680378140363
3521,93.1,2.600000000000001,2.700000000000001,0.1,19.609292238972717
3522,93.0,2.600000000000001,2.700000000000001,0.2,19.600124870786342
3523,92.9,2.600000000000001,2.700000000000001,0.3,19.582167514532312
3524,92.8,2.600000000000001,2.700000000000001,0.4,19.555518600246078
3525,92.7,2.600000000000001,2.700000000000001,0.5,19.520391883175307
3526,92.6,2.600000000000001,2.700000000000001,0.6,19.477113728504424
3527,92.5,2.600000000000001,2.700000000000001,0.7000000000000001,19.426118017502244
3528,93.0,2.700000000000001,2.700000000000001,0.1,19.564606351067276
3529,92.9,2.700000000000001,2.700000000000001,0.2,19.548680552413078
3530,92.8,2.700000000000001,2.700000000000001,0.3,19.52403669363288
3531,92.7,2.700000000000001,2.700000000000001,0.4,19.49085025406927
3532,92.6,2.700000000000001,2.700000000000001,0.5,19.449411231174473
3533,92.5,2.700000000000001,2.700000000000001,0.6,19.400119945164285
3534,92.4,2.700000000000001,2.700000000000001,0.7000000000000001,19.343480501912214
3535,92.9,2.800000000000001,2.700000000000001,0.1,19.50761220563592
3536,92.8,2.800000000000001,2.700000000000001,0.2,19.484876531622366
3537,92.7,2.800000000000001,2.700000000000001,0.3,19.453569687705308
3538,92.6,2.800000000000001,2.700000000000001,0.4,19.413944643418205
3539,92.5,2.800000000000001,2.700000000000001,0.5,19.366366893913995
3540,92.4,2.800000000000001,2.700000000000001,0.6,19.311308791027642
3541,92.3,2.800000000000001,2.700000000000001,0.7000000000000001,19.24934159811691
3542,92.8,2.900000000000001,2.700000000000001,0.1,19.438450054095963
3543,92.7,2.900000000000001,2.700000000000001,0.2,19.408932371896604
3544,92.6,2.900000000000001,2.700000000000001,0.3,19.37106576285155
3545,92.5,2.900000000000001,2.700000000000001,0.4,19.3251800666101
3546,92.4,2.900000000000001,2.700000000000001,0.5,19.271714469217287
3547,92.3,2.900000000000001,2.700000000000001,0.6,19.21121039033321
3548,92.2,2.900000000000001,2.700000000000001,0.7000000000000001,19.144302188062987
3549,92.7,3.0000000000000013,2.700000000000001,0.1,19.35741559890682
3550,92.6,3.0000000000000013,2.700000000000001,0.2,19.32122408801393
3551,92.5,3.0000000000000013,2.700000000000001,0.3,19.276980444948833
3552,92.4,3.0000000000000013,2.700000000000001,0.4,19.225089690408073
3553,92.3,3.0000000000000013,2.700000000000001,0.5,19.166061845939236
3554,92.2,3.0000000000000013,2.700000000000001,0.6,19.100503430139163
3555,92.1,3.0000000000000013,2.700000000000001,0.7000000000000001,19.029106893579492
3556,92.6,3.1000000000000014,2.700000000000001,0.1,19.26495899776833
3557,92.5,3.1000000000000014,2.700000000000001,0.2,19.22228166960511
3558,92.4,3.1000000000000014,2.700000000000001,0.3,19.17192155646533
3559,92.3,3.1000000000000014,2.700000000000001,0.4,19.114356116486288
3560,92.2,3.1000000000000014,2.700000000000001,0.5,19.050162338826
3561,92.1,3.1000000000000014,2.700000000000001,0.6,18.980006924001867
3562,92.0,3.1000000000000014,2.700000000000001,0.7000000000000001,18.904634549782426
3563,92.5,3.200000000000001,2.700000000000001,0.1,19.161680943688864
3564,92.4,3.200000000000001,2.700000000000001,0.2,19.11278367422273
3565,92.3,3.200000000000001,2.700000000000001,0.3,19.05664234386174
3566,92.2,3.200000000000001,2.700000000000001,0.4,18.993803086847944
3567,92.1,3.200000000000001,2.700000000000001,0.5,18.92490503729547
3568,92.0,3.200000000000001,2.700000000000001,0.6,18.85066928991327
3569,91.9,3.200000000000001,2.700000000000001,0.7000000000000001,18.771886116706337
3570,92.4,3.3000000000000016,2.700000000000001,0.1,19.04832586423214
3571,92.3,3.3000000000000016,2.700000000000001,0.2,18.993548970616008
3572,92.2,3.3000000000000016,2.700000000000001,0.3,18.932031813324915
3573,92.1,3.3000000000000016,2.700000000000001,0.4,18.86438448203789
3574,92.0,3.3000000000000016,2.700000000000001,0.5,18.79130255651144
3575,91.9,3.3000000000000016,2.700000000000001,0.6,18.71355496326096
3576,91.8,3.3000000000000016,2.700000000000001,0.7000000000000001,18.63197027965367
3577,92.3,3.4000000000000017,2.700000000000001,0.1,18.925772356158216
3578,92.2,3.4000000000000017,2.700000000000001,0.2,18.865525785070687
3579,92.1,3.4000000000000017,2.700000000000001,0.3,18.79910246320111
3580,92.0,3.4000000000000017,2.700000000000001,0.4,18.727170834288604
3581,91.9,3.4000000000000017,2.700000000000001,0.5,18.650476444356173
3582,91.8,3.4000000000000017,2.700000000000001,0.6,18.569828827061308
3583,91.7,3.4000000000000017,2.700000000000001,0.7000000000000001,18.486087045883345
3584,92.2,3.5000000000000018,2.700000000000001,0.1,18.795021041684592
3585,92.1,3.5000000000000018,2.700000000000001,0.2,18.72977827178861
3586,92.0,3.5000000000000018,2.700000000000001,0.3,18.65897566695208
3587,91.9,3.5000000000000018,2.700000000000001,0.4,18.583333639812327
3588,91.8,3.5000000000000018,2.700000000000001,0.5,18.50364055594001
3589,91.7,3.5000000000000018,2.700000000000001,0.6,18.420738795123764
3590,91.6,3.5000000000000018,2.700000000000001,0.7000000000000001,18.335509693543166
3591,92.1,3.600000000000002,2.700000000000001,0.1,18.657180097503527
3592,92.0,3.600000000000002,2.700000000000001,0.2,18.587470890215315
3593,91.9,3.600000000000002,2.700000000000001,0.3,18.512865018714255
3594,91.79999999999998,3.600000000000002,2.700000000000001,0.4,18.434127808398497
3595,91.7,3.600000000000002,2.700000000000001,0.5,18.352082756363608
3596,91.6,3.600000000000002,2.700000000000001,0.6,18.267596927542904
3597,91.5,3.600000000000002,2.700000000000001,0.7000000000000001,18.18156546678134
3598,92.0,3.700000000000002,2.700000000000001,0.1,18.513448765486658
3599,91.9,3.700000000000002,2.700000000000001,0.2,18.439850926070942
3600,91.8,3.700000000000002,2.700000000000001,0.3,18.36205800283409
3601,91.7,3.700000000000002,2.700000000000001,0.4,18.280872632685607
3602,91.6,3.700000000000002,2.700000000000001,0.5,18.19714535113764
3603,91.5,3.700000000000002,2.700000000000001,0.6,18.111759490746778
3604,91.4,3.700000000000002,2.700000000000001,0.7000000000000001,18.025615437712126
3605,91.9,3.800000000000002,2.700000000000001,0.1,18.365099202931845
3606,91.8,3.800000000000002,2.700000000000001,0.2,18.288229536995452
3607,91.7,3.800000000000002,2.700000000000001,0.3,18.207896387642997
3608,91.6,3.800000000000002,2.700000000000001,0.4,18.124931692696727
3609,91.5,3.800000000000002,2.700000000000001,0.5,18.04020467091232
3610,91.4,3.800000000000002,2.700000000000001,0.6,17.95460639540463
3611,91.3,3.800000000000002,2.700000000000001,0.7000000000000001,17.86903397072756
3612,91.8,3.900000000000002,2.700000000000001,0.1,18.21345706883264
3613,91.7,3.900000000000002,2.700000000000001,0.2,18.133961736928676
3614,91.6,3.900000000000002,2.700000000000001,0.3,18.051755771159034
3615,91.5,3.900000000000002,2.700000000000001,0.4,17.967692132598714
3616,91.4,3.900000000000002,2.700000000000001,0.5,17.882650252321863
3617,91.3,3.900000000000002,2.700000000000001,0.6,17.79752045438197
3618,91.2,3.900000000000002,2.700000000000001,0.7000000000000001,17.713188227315722
3619,91.7,4.000000000000002,2.700000000000001,0.1,18.05988126991841
3620,91.6,4.000000000000002,2.700000000000001,0.2,17.97842575474685
3621,91.5,4.000000000000002,2.700000000000001,0.3,17.89502472170534
3622,91.4,4.000000000000002,2.700000000000001,0.4,17.810543755719834
3623,91.3,4.000000000000002,2.700000000000001,0.5,17.72586405958041
3624,91.2,4.000000000000002,2.700000000000001,0.6,17.641866899604686
3625,91.1,4.000000000000002,2.700000000000001,0.7000000000000001,17.55941814025618
3626,91.6,4.100000000000002,2.700000000000001,0.1,17.90574330546926
3627,91.5,4.100000000000002,2.700000000000001,0.2,17.82300221182407
3628,91.4,4.100000000000002,2.700000000000001,0.3,17.73908395937839
3629,91.29999999999998,4.100000000000002,2.700000000000001,0.4,17.654858380619377
3630,91.2,4.100000000000002,2.700000000000001,0.5,17.57120018215897
3631,91.1,4.100000000000002,2.700000000000001,0.6,17.488973581546027
3632,91.0,4.100000000000002,2.700000000000001,0.7000000000000001,17.40901726539478
3633,91.5,4.200000000000003,2.700000000000001,0.1,17.752406652917493
3634,91.4,4.200000000000003,2.700000000000001,0.2,17.669053560049214
3635,91.3,4.200000000000003,2.700000000000001,0.3,17.585286015068647
3636,91.2,4.200000000000003,2.700000000000001,0.4,17.501969885829432
3637,91.1,4.200000000000003,2.700000000000001,0.5,17.419965423011156
3638,91.0,4.200000000000003,2.700000000000001,0.6,17.34011224884813
3639,90.9,4.200000000000003,2.700000000000001,0.7000000000000001,17.263214888086196
3640,91.4,4.3000000000000025,2.700000000000001,0.1,17.60120662718041
3641,91.3,4.3000000000000025,2.700000000000001,0.2,17.517904206791837
3642,91.2,4.3000000000000025,2.700000000000001,0.3,17.43493578290846
3643,91.1,4.3000000000000025,2.700000000000001,0.4,17.35315534455287
3644,91.0,4.3000000000000025,2.700000000000001,0.5,17.273401160344683
3645,90.9,4.3000000000000025,2.700000000000001,0.6,17.196481269435388
3646,90.8,4.3000000000000025,2.700000000000001,0.7000000000000001,17.12315972108152
3647,91.3,4.400000000000002,2.700000000000001,0.1,17.45343112610298
3648,91.2,4.400000000000002,2.700000000000001,0.2,17.370821727133038
3649,91.1,4.400000000000002,2.700000000000001,0.3,17.289272350541914
3650,91.0,4.400000000000002,2.700000000000001,0.4,17.209617614215528
3651,90.9,4.400000000000002,2.700000000000001,0.5,17.132666825113724
3652,90.8,4.400000000000002,2.700000000000001,0.6,17.059190109763506
3653,90.7,4.400000000000002,2.700000000000001,0.7000000000000001,16.989905482628302
3654,91.2,4.500000000000003,2.700000000000001,0.1,17.31030264325151
3655,91.1,4.500000000000003,2.700000000000001,0.2,17.228999527465046
3656,91.0,4.500000000000003,2.700000000000001,0.3,17.149452450740252
3657,90.9,4.500000000000003,2.700000000000001,0.4,17.07246970072827
3658,90.8,4.500000000000003,2.700000000000001,0.5,16.998825287753544
3659,90.7,4.500000000000003,2.700000000000001,0.6,16.929245837189164
3660,90.6,4.500000000000003,2.700000000000001,0.7000000000000001,16.864398589532165
3661,91.1,4.600000000000003,2.700000000000001,0.1,17.1729618888388
3662,91.0,4.600000000000003,2.700000000000001,0.2,17.09354127970856
3663,90.9,4.600000000000003,2.700000000000001,0.3,17.01653582914086
3664,90.79999999999998,4.600000000000003,2.700000000000001,0.4,16.942721165248564
3665,90.7,4.600000000000003,2.700000000000001,0.5,16.872830392905616
3666,90.6,4.600000000000003,2.700000000000001,0.6,16.807541853616264
3667,90.5,4.600000000000003,2.700000000000001,0.7000000000000001,16.747468141717558
3668,91.0,4.700000000000003,2.700000000000001,0.1,17.042453311282
3669,90.9,4.700000000000003,2.700000000000001,0.2,16.965447393516914
3670,90.8,4.700000000000003,2.700000000000001,0.3,16.89147276798497
3671,90.7,4.700000000000003,2.700000000000001,0.4,16.82126678392464
3672,90.6,4.700000000000003,2.700000000000001,0.5,16.75551682182536
3673,90.5,4.700000000000003,2.700000000000001,0.6,16.694849008441448
3674,90.4,4.700000000000003,2.700000000000001,0.7000000000000001,16.639818314286696
3675,90.9,4.8000000000000025,2.700000000000001,0.1,16.919712757491737
3676,90.8,4.8000000000000025,2.700000000000001,0.2,16.84560373671392
3677,90.7,4.8000000000000025,2.700000000000001,0.3,16.77509394650926
3678,90.6,4.8000000000000025,2.700000000000001,0.4,16.708877610440297
3679,90.5,4.8000000000000025,2.700000000000001,0.5,16.64759240072288
3680,90.4,4.8000000000000025,2.700000000000001,0.6,16.59180917726896
3681,90.3,4.8000000000000025,2.700000000000001,0.7000000000000001,16.542023212071438
3682,90.8,4.900000000000003,2.700000000000001,0.1,16.805557451291484
3683,90.7,4.900000000000003,2.700000000000001,0.2,16.73477275371921
3684,90.6,4.900000000000003,2.700000000000001,0.3,16.66810275700839
3685,90.5,4.900000000000003,2.700000000000001,0.4,16.606194529057248
3686,90.4,4.900000000000003,2.700000000000001,0.5,16.549632911340012
3687,90.3,4.900000000000003,2.700000000000001,0.6,16.498931331739996
3688,90.2,4.900000000000003,2.700000000000001,0.7000000000000001,16.45452418198318
3689,90.7,5.000000000000004,2.700000000000001,0.1,16.700678408249765
3690,90.6,5.000000000000004,2.700000000000001,0.2,16.63358706974708
3691,90.5,5.000000000000004,2.700000000000001,0.3,16.57107013341921
3692,90.4,5.000000000000004,2.700000000000001,0.4,16.513724324132266
3693,90.3,5.000000000000004,2.700000000000001,0.5,16.462079399428426
3694,90.2,5.000000000000004,2.700000000000001,0.6,16.41659006686195
3695,90.1,5.000000000000004,2.700000000000001,0.7000000000000001,16.377629521745977
3696,90.6,5.100000000000003,2.700000000000001,0.1,16.60563534354658
3697,90.5,5.100000000000003,2.700000000000001,0.2,16.542545606977804
3698,90.4,5.100000000000003,2.700000000000001,0.3,16.48443188839534
3699,90.29999999999998,5.100000000000003,2.700000000000001,0.4,16.43183823252797
3700,90.2,5.100000000000003,2.700000000000001,0.5,16.38523791913874
3701,90.1,5.100000000000003,2.700000000000001,0.6,16.34502649701441
3702,89.99999999999999,5.100000000000003,2.700000000000001,0.7000000000000001,16.31151647132422
3703,90.5,5.200000000000003,2.700000000000001,0.1,16.520854069090134
3704,90.4,5.200000000000003,2.700000000000001,0.2,16.462012179442723
3705,90.3,5.200000000000003,2.700000000000001,0.3,16.408488496931223
3706,90.2,5.200000000000003,2.700000000000001,0.4,16.360772889534946
3707,90.1,5.200000000000003,2.700000000000001,0.5,16.319281598160313
3708,90.0,5.200000000000003,2.700000000000001,0.6,16.284351381736393
3709,89.89999999999999,5.200000000000003,2.700000000000001,0.7000000000000001,16.256235326784985
3710,90.4,5.300000000000003,2.700000000000001,0.1,16.446626318618208
3711,90.3,5.300000000000003,2.700000000000001,0.2,16.3922164776359
3712,90.2,5.300000000000003,2.700000000000001,0.3,16.343407211158556
3713,90.1,5.300000000000003,2.700000000000001,0.4,16.300633528279448
3714,90.0,5.300000000000003,2.700000000000001,0.5,16.264254861045437
3715,89.9,5.300000000000003,2.700000000000001,0.6,16.23455029861127
3716,89.8,5.300000000000003,2.700000000000001,0.7000000000000001,16.211715476480805
3717,90.3,5.400000000000004,2.700000000000001,0.1,16.383111886457296
3718,90.2,5.400000000000004,2.700000000000001,0.2,16.3332573032586
3719,90.1,5.400000000000004,2.700000000000001,0.3,16.289226343263405
3720,89.99999999999999,5.400000000000004,2.700000000000001,0.4,16.25139924826928
3721,89.89999999999999,5.400000000000004,2.700000000000001,0.5,16.22007960753927
3722,89.8,5.400000000000004,2.700000000000001,0.6,16.195490643956223
3723,89.69999999999999,5.400000000000004,2.700000000000001,0.7000000000000001,16.177773127048052
3724,90.2,5.500000000000004,2.700000000000001,0.1,16.330342918244497
3725,90.1,5.500000000000004,2.700000000000001,0.2,16.28510787018261
3726,90.0,5.500000000000004,2.700000000000001,0.3,16.24586151259595
3727,89.89999999999999,5.500000000000004,2.700000000000001,0.4,16.21293013163075
3728,89.8,5.500000000000004,2.700000000000001,0.5,16.186563109684155
3729,89.7,5.500000000000004,2.700000000000001,0.6,16.166930213209454
3730,89.6,5.500000000000004,2.700000000000001,0.7000000000000001,16.1541204622643
3731,94.1,1.5,2.800000000000001,0.1,19.449395256034222
3732,94.0,1.5,2.800000000000001,0.2,19.491409113517822
3733,93.9,1.5,2.800000000000001,0.3,19.527281786840604
3734,93.8,1.5,2.800000000000001,0.4,19.556550473302554
3735,93.7,1.5,2.800000000000001,0.5,19.57882325393115
3736,93.6,1.5,2.800000000000001,0.6,19.593787291573523
3737,93.5,1.5,2.800000000000001,0.7000000000000001,19.60121560067
3738,94.0,1.6,2.800000000000001,0.1,19.510017649809477
3739,93.9,1.6,2.800000000000001,0.2,19.54921852502826
3740,93.8,1.6,2.800000000000001,0.3,19.581820507003073
3741,93.7,1.6,2.800000000000001,0.4,19.607388605768396
3742,93.6,1.6,2.800000000000001,0.5,19.62556590819976
3743,93.5,1.6,2.800000000000001,0.6,19.636081243555648
3744,93.4,1.6,2.800000000000001,0.7000000000000001,19.63875525567979
3745,93.9,1.7000000000000002,2.800000000000001,0.1,19.564225011348938
3746,93.8,1.7000000000000002,2.800000000000001,0.2,19.600072993545297
3747,93.7,1.7000000000000002,2.800000000000001,0.3,19.62888544898132
3748,93.6,1.7000000000000002,2.800000000000001,0.4,19.650261938370413
3749,93.5,1.7000000000000002,2.800000000000001,0.5,19.66388703432887
3750,93.4,1.7000000000000002,2.800000000000001,0.6,19.669537316104375
3751,93.3,1.7000000000000002,2.800000000000001,0.7000000000000001,19.66708661280411
3752,93.8,1.8000000000000005,2.800000000000001,0.1,19.61105737540485
3753,93.7,1.8000000000000005,2.800000000000001,0.2,19.643021129592654
3754,93.6,1.8000000000000005,2.800000000000001,0.3,19.66754103987558
3755,93.5,1.8000000000000005,2.800000000000001,0.4,19.684257891580177
3756,93.4,1.8000000000000005,2.800000000000001,0.5,19.69290403311195
3757,93.3,1.8000000000000005,2.800000000000001,0.6,19.693309563498904
3758,93.2,1.8000000000000005,2.800000000000001,0.7000000000000001,19.685406620394186
3759,93.7,1.9000000000000004,2.800000000000001,0.1,19.649588832830897
3760,93.6,1.9000000000000004,2.800000000000001,0.2,19.677154475148985
3761,93.5,1.9000000000000004,2.800000000000001,0.3,19.69690350758532
3762,93.4,1.9000000000000004,2.800000000000001,0.4,19.708524423595538
3763,93.3,1.9000000000000004,2.800000000000001,0.5,19.711803320686222
3764,93.2,1.9000000000000004,2.800000000000001,0.6,19.706629149229844
3765,93.1,1.9000000000000004,2.800000000000001,0.7000000000000001,19.692996927060506
3766,93.6,2.0000000000000004,2.800000000000001,0.1,19.67894464631758
3767,93.5,2.0000000000000004,2.800000000000001,0.2,19.701624747544617
3768,93.4,2.0000000000000004,2.800000000000001,0.3,19.71615810381976
3769,93.3,2.0000000000000004,2.800000000000001,0.4,19.722287080770947
3770,93.2,2.0000000000000004,2.800000000000001,0.5,19.719857054964436
3771,93.1,2.0000000000000004,2.800000000000001,0.6,19.70882060025238
3772,93.0,2.0000000000000004,2.800000000000001,0.7000000000000001,19.689239521723792
3773,93.5,2.1000000000000005,2.800000000000001,0.1,19.698318315173836
3774,93.4,2.1000000000000005,2.800000000000001,0.2,19.715660833609583
3775,93.3,2.1000000000000005,2.800000000000001,0.3,19.724575874420182
3776,93.2,2.1000000000000005,2.800000000000001,0.4,19.724865391478502
3777,93.1,2.1000000000000005,2.800000000000001,0.5,19.71643900395931
3778,93.0,2.1000000000000005,2.800000000000001,0.6,19.69931700721975
3779,92.9,2.1000000000000005,2.800000000000001,0.7000000000000001,19.673631132557965
3780,93.4,2.2000000000000006,2.800000000000001,0.1,19.706988194609814
3781,93.3,2.2000000000000006,2.800000000000001,0.2,19.71858513243407
3782,93.2,2.2000000000000006,2.800000000000001,0.3,19.721529572317554
3783,93.1,2.2000000000000006,2.800000000000001,0.4,19.715688199868662
3784,93.0,2.2000000000000006,2.800000000000001,0.5,19.701039157835094
3785,92.9,2.2000000000000006,2.800000000000001,0.6,19.677673782064314
3786,92.8,2.2000000000000006,2.800000000000001,0.7000000000000001,19.645796009747798
3787,93.3,2.3000000000000007,2.800000000000001,0.1,19.704333268162
3788,93.2,2.3000000000000007,2.800000000000001,0.2,19.709828844108028
3789,93.1,2.3000000000000007,2.800000000000001,0.3,19.706508313448715
3790,93.0,2.3000000000000007,2.800000000000001,0.4,19.69430754706237
3791,92.9,2.3000000000000007,2.800000000000001,0.5,19.67327670360863
3792,92.8,2.3000000000000007,2.800000000000001,0.6,19.643580607258368
3793,92.7,2.3000000000000007,2.800000000000001,0.7000000000000001,19.6054967455726
3794,93.2,2.400000000000001,2.800000000000001,0.1,19.6898476767283
3795,93.1,2.400000000000001,2.800000000000001,0.2,19.68894581270912
3796,93.0,2.400000000000001,2.800000000000001,0.3,19.679130592966295
3797,92.9,2.400000000000001,2.800000000000001,0.4,19.660410730352513
3798,92.8,2.400000000000001,2.800000000000001,0.5,19.632911010316167
3799,92.7,2.400000000000001,2.800000000000001,0.6,19.596871245537166
3800,92.6,2.400000000000001,2.800000000000001,0.7000000000000001,19.552642824942478
3801,93.1,2.500000000000001,2.800000000000001,0.1,19.663153624429256
3802,93.0,2.500000000000001,2.800000000000001,0.2,19.6556245546756
3803,92.9,2.500000000000001,2.800000000000001,0.3,19.639155307950578
3804,92.8,2.500000000000001,2.800000000000001,0.4,19.613830205647403
3805,92.7,2.500000000000001,2.800000000000001,0.5,19.579850312570365
3806,92.6,2.500000000000001,2.800000000000001,0.6,19.53753092399933
3807,92.5,2.500000000000001,2.800000000000001,0.7000000000000001,19.487296649152597
3808,93.0,2.600000000000001,2.800000000000001,0.1,19.6240123100361
3809,92.9,2.600000000000001,2.800000000000001,0.2,19.609698138165033
3810,92.8,2.600000000000001,2.800000000000001,0.3,19.586490472975367
3811,92.7,2.600000000000001,2.800000000000001,0.4,19.554551043847145
3812,92.6,2.600000000000001,2.800000000000001,0.5,19.514157830740007
3813,92.5,2.600000000000001,2.800000000000001,0.6,19.465701061106245
3814,92.4,2.600000000000001,2.800000000000001,0.7000000000000001,19.409676833897077
3815,92.9,2.700000000000001,2.800000000000001,0.1,19.572332572428586
3816,92.8,2.700000000000001,2.800000000000001,0.2,19.551151624262722
3817,92.7,2.700000000000001,2.800000000000001,0.3,19.521199365283234
3818,92.6,2.700000000000001,2.800000000000001,0.4,19.482715706889962
3819,92.5,2.700000000000001,2.800000000000001,0.5,19.436055125090817
3820,92.4,2.700000000000001,2.800000000000001,0.6,19.38168116760927
3821,92.3,2.700000000000001,2.800000000000001,0.7000000000000001,19.320158647777486
3822,92.8,2.800000000000001,2.800000000000001,0.1,19.50817698846553
3823,92.7,2.800000000000001,2.800000000000001,0.2,19.480126835756863
3824,92.6,2.800000000000001,2.800000000000001,0.3,19.443503895583298
3825,92.5,2.800000000000001,2.800000000000001,0.4,19.398625972256013
3826,92.4,2.800000000000001,2.800000000000001,0.5,19.345922547384603
3827,92.3,2.800000000000001,2.800000000000001,0.6,19.285927820962762
3828,92.2,2.800000000000001,2.800000000000001,0.7000000000000001,19.219271527661043
3829,92.7,2.900000000000001,2.800000000000001,0.1,19.431765220379027
3830,92.6,2.900000000000001,2.800000000000001,0.2,19.396924282063466
3831,92.5,2.900000000000001,2.800000000000001,0.3,19.353785066851
3832,92.4,2.900000000000001,2.800000000000001,0.4,19.302741903875244
3833,92.3,2.900000000000001,2.800000000000001,0.5,19.24429672462796
3834,92.2,2.900000000000001,2.800000000000001,0.6,19.179050685213998
3835,92.1,2.900000000000001,2.800000000000001,0.7000000000000001,19.10769368010375
3836,92.6,3.0000000000000013,2.800000000000001,0.1,19.343474475609575
3837,92.5,3.0000000000000013,2.800000000000001,0.2,19.30200213787461
3838,92.4,3.0000000000000013,2.800000000000001,0.3,19.252580454957457
3839,92.3,3.0000000000000013,2.800000000000001,0.4,19.19567784051824
3840,92.2,3.0000000000000013,2.800000000000001,0.5,19.131865083670334
3841,92.1,3.0000000000000013,2.800000000000001,0.6,19.061805622425588
3842,92.0,3.0000000000000013,2.800000000000001,0.7000000000000001,18.986243851358473
3843,92.5,3.1000000000000014,2.800000000000001,0.1,19.243837012875595
3844,92.4,3.1000000000000014,2.800000000000001,0.2,19.19597224608701
3845,92.3,3.1000000000000014,2.800000000000001,0.3,19.140578719260883
3846,92.2,3.1000000000000014,2.800000000000001,0.4,19.078195447559224
3847,92.1,3.1000000000000014,2.800000000000001,0.5,19.009457499842096
3848,92.0,3.1000000000000014,2.800000000000001,0.6,18.93508501504133
3849,91.9,3.1000000000000014,2.800000000000001,0.7000000000000001,18.855870419916286
3850,92.4,3.200000000000001,2.800000000000001,0.1,19.133534702008053
3851,92.3,3.200000000000001,2.800000000000001,0.2,19.079593190255075
3852,92.2,3.200000000000001,2.800000000000001,0.3,19.018611226110085
3853,92.1,3.200000000000001,2.800000000000001,0.4,18.951193952123266
3854,92.0,3.200000000000001,2.800000000000001,0.5,18.878035225439387
3855,91.9,3.200000000000001,2.800000000000001,0.6,18.799905488931735
3856,91.8,3.200000000000001,2.800000000000001,0.7000000000000001,18.717638032829672
3857,92.3,3.3000000000000016,2.800000000000001,0.1,19.013390719354266
3858,92.2,3.3000000000000016,2.800000000000001,0.2,18.953760555841075
3859,92.1,3.3000000000000016,2.800000000000001,0.3,18.887640941172386
3860,92.0,3.3000000000000016,2.800000000000001,0.4,18.815697752721935
3861,91.9,3.3000000000000016,2.800000000000001,0.5,18.738677322311883
3862,91.8,3.3000000000000016,2.800000000000001,0.6,18.657393291942956
3863,91.7,3.3000000000000016,2.800000000000001,0.7000000000000001,18.572712068137413
3864,92.2,3.4000000000000017,2.800000000000001,0.1,18.884358533012318
3865,92.1,3.4000000000000017,2.800000000000001,0.2,18.819494570562387
3866,92.0,3.4000000000000017,2.800000000000001,0.3,18.748748815303685
3867,91.9,3.4000000000000017,2.800000000000001,0.4,18.672841660307547
3868,91.8,3.4000000000000017,2.800000000000001,0.5,18.59256488495591
3869,91.7,3.4000000000000017,2.800000000000001,0.6,18.508767640606848
3870,91.6,3.4000000000000017,2.800000000000001,0.7000000000000001,18.422341258682373
3871,92.1,3.5000000000000018,2.800000000000001,0.1,18.747508400510924
3872,92.0,3.5000000000000018,2.800000000000001,0.2,18.67792537993016
3873,91.9,3.5000000000000018,2.800000000000001,0.3,18.603117951175363
3874,91.8,3.5000000000000018,2.800000000000001,0.4,18.523854086198003
3875,91.7,3.5000000000000018,2.800000000000001,0.5,18.440963394453775
3876,91.6,3.5000000000000018,2.800000000000001,0.6,18.355322396501894
3877,91.5,3.5000000000000018,2.800000000000001,0.7000000000000001,18.267838855913833
3878,92.0,3.600000000000002,2.800000000000001,0.1,18.60401166366338
3879,91.9,3.600000000000002,2.800000000000001,0.2,18.53027627259402
3880,91.8,3.600000000000002,2.800000000000001,0.3,18.45201589214676
3881,91.7,3.600000000000002,2.800000000000001,0.4,18.370038541771212
3882,91.6,3.600000000000002,2.800000000000001,0.5,18.285203587727437
3883,91.5,3.600000000000002,2.800000000000001,0.6,18.19840647216827
3884,91.4,3.600000000000002,2.800000000000001,0.7000000000000001,18.11056274467136
3885,91.9,3.700000000000002,2.800000000000001,0.1,18.455123179290613
3886,91.8,3.700000000000002,2.800000000000001,0.2,18.377845219583552
3887,91.7,3.700000000000002,2.800000000000001,0.3,18.29677541930753
3888,91.6,3.700000000000002,2.800000000000001,0.4,18.21275385376227
3889,91.5,3.700000000000002,2.800000000000001,0.5,18.126661259646223
3890,91.4,3.700000000000002,2.800000000000001,0.6,18.03940339342916
3891,91.3,3.700000000000002,2.800000000000001,0.7000000000000001,17.95189494062997
3892,91.8,3.800000000000002,2.800000000000001,0.1,18.302162268722114
3893,91.7,3.800000000000002,2.800000000000001,0.2,18.221985130528143
3894,91.6,3.800000000000002,2.800000000000001,0.3,18.138774275954717
3895,91.5,3.800000000000002,2.800000000000001,0.4,18.053393526360363
3896,91.4,3.800000000000002,2.800000000000001,0.5,17.966736436690383
3897,91.3,3.800000000000002,2.800000000000001,0.6,17.87971045982263
3898,91.2,3.800000000000002,2.800000000000001,0.7000000000000001,17.793220910622853
3899,91.7,3.900000000000002,2.800000000000001,0.1,18.146492602191717
3900,91.6,3.900000000000002,2.800000000000001,0.2,18.064083257379966
3901,91.5,3.900000000000002,2.800000000000001,0.3,17.979414260156876
3902,91.4,3.900000000000002,2.800000000000001,0.4,17.893364696444642
3903,91.3,3.900000000000002,2.800000000000001,0.5,17.806832369696547
3904,91.2,3.900000000000002,2.800000000000001,0.6,17.72071794738332
3905,91.1,3.900000000000002,2.800000000000001,0.7000000000000001,17.635909152445358
3906,91.6,4.000000000000002,2.800000000000001,0.1,17.989501455589494
3907,91.5,4.000000000000002,2.800000000000001,0.2,17.905540191409276
3908,91.4,4.000000000000002,2.800000000000001,0.3,17.820100135048435
3909,91.3,4.000000000000002,2.800000000000001,0.4,17.734067130998184
3910,91.2,4.000000000000002,2.800000000000001,0.5,17.648334789682977
3911,91.1,4.000000000000002,2.800000000000001,0.6,17.56378878843166
3912,91.0,4.000000000000002,2.800000000000001,0.7000000000000001,17.48129145538247
3913,91.5,4.100000000000002,2.800000000000001,0.1,17.832578786070997
3914,91.4,4.100000000000002,2.800000000000001,0.2,17.74774890205434
3915,91.3,4.100000000000002,2.800000000000001,0.3,17.66221880308081
3916,91.2,4.100000000000002,2.800000000000001,0.4,17.576872706188723
3917,91.1,4.100000000000002,2.800000000000001,0.5,17.492591855274103
3918,91.0,4.100000000000002,2.800000000000001,0.6,17.41023914192512
3919,90.9,4.100000000000002,2.800000000000001,0.7000000000000001,17.330644236364623
3920,91.4,4.200000000000003,2.800000000000001,0.1,17.67709656973777
3921,91.3,4.200000000000003,2.800000000000001,0.2,17.592074256784542
3922,91.2,4.200000000000003,2.800000000000001,0.3,17.507119175024872
3923,91.1,4.200000000000003,2.800000000000001,0.4,17.42310578640056
3924,91.0,4.200000000000003,2.800000000000001,0.5,17.34089519359836
3925,90.9,4.200000000000003,2.800000000000001,0.6,17.261320236254576
3926,90.8,4.200000000000003,2.800000000000001,0.7000000000000001,17.185171310455665
3927,91.3,4.3000000000000025,2.800000000000001,0.1,17.524388829381458
3928,91.2,4.3000000000000025,2.800000000000001,0.2,17.43983344006081
3929,91.1,4.3000000000000025,2.800000000000001,0.3,17.356093137855623
3930,91.0,4.3000000000000025,2.800000000000001,0.4,17.274024889605432
3931,90.9,4.3000000000000025,2.800000000000001,0.5,17.194462399841537
3932,90.8,4.3000000000000025,2.800000000000001,0.6,17.11820182539878
3933,90.7,4.3000000000000025,2.800000000000001,0.7000000000000001,17.045988409704407
3934,91.2,4.400000000000002,2.800000000000001,0.1,17.375732753896333
3935,91.1,4.400000000000002,2.800000000000001,0.2,17.292277657708464
3936,91.0,4.400000000000002,2.800000000000001,0.3,17.21035798887911
3937,90.9,4.400000000000002,2.800000000000001,0.4,17.130805984145503
3938,90.8,4.400000000000002,2.800000000000001,0.5,17.05442131531382
3939,90.7,4.400000000000002,2.800000000000001,0.6,16.98195755060608
3940,90.6,4.400000000000002,2.800000000000001,0.7000000000000001,16.914109712862473
3941,91.1,4.500000000000003,2.800000000000001,0.1,17.23233127452554
3942,91.0,4.500000000000003,2.800000000000001,0.2,17.1505754718271
3943,90.9,4.500000000000003,2.800000000000001,0.3,17.071040657995354
3944,90.8,4.500000000000003,2.800000000000001,0.4,16.994527712808328
3945,90.7,4.500000000000003,2.800000000000001,0.5,16.921796351568755
3946,90.6,4.500000000000003,2.800000000000001,0.6,16.853552444969733
3947,90.5,4.500000000000003,2.800000000000001,0.7000000000000001,16.790436591859272
3948,91.0,4.600000000000003,2.800000000000001,0.1,17.09529741801655
3949,90.9,4.600000000000003,2.800000000000001,0.2,17.015798062278623
3950,90.8,4.600000000000003,2.800000000000001,0.3,16.939163987474018
3951,90.7,4.600000000000003,2.800000000000001,0.4,16.866158784731333
3952,90.6,4.600000000000003,2.800000000000001,0.5,16.797497070594204
3953,90.5,4.600000000000003,2.800000000000001,0.6,16.733832759244486
3954,90.4,4.600000000000003,2.800000000000001,0.7000000000000001,16.67574872108632
3955,90.9,4.700000000000003,2.800000000000001,0.1,16.965640704647054
3956,90.8,4.700000000000003,2.800000000000001,0.2,16.88890665554763
3957,90.7,4.700000000000003,2.800000000000001,0.3,16.815635280853297
3958,90.6,4.700000000000003,2.800000000000001,0.4,16.746547716039526
3959,90.5,4.700000000000003,2.800000000000001,0.5,16.682309170267782
3960,90.4,4.700000000000003,2.800000000000001,0.6,16.62351822590836
3961,90.3,4.700000000000003,2.800000000000001,0.7000000000000001,16.570697634361046
3962,90.8,4.8000000000000025,2.800000000000001,0.1,16.844255801734295
3963,90.7,4.8000000000000025,2.800000000000001,0.2,16.77074230220887
3964,90.6,4.8000000000000025,2.800000000000001,0.3,16.701237271452076
3965,90.5,4.8000000000000025,2.800000000000001,0.4,16.63641503810845
3966,90.4,4.8000000000000025,2.800000000000001,0.5,16.576887962038054
3967,90.3,4.8000000000000025,2.800000000000001,0.6,16.52319681669129
3968,90.2,4.8000000000000025,2.800000000000001,0.7000000000000001,16.475802753744706
3969,90.7,4.900000000000003,2.800000000000001,0.1,16.731913582537505
3970,90.6,4.900000000000003,2.800000000000001,0.2,16.662018122274272
3971,90.5,4.900000000000003,2.800000000000001,0.3,16.596621598427653
3972,90.4,4.900000000000003,2.800000000000001,0.4,16.5363480298535
3973,90.3,4.900000000000003,2.800000000000001,0.5,16.48175436602516
3974,90.2,4.900000000000003,2.800000000000001,0.6,16.43332198837295
3975,90.1,4.900000000000003,2.800000000000001,0.7000000000000001,16.39144985591114
3976,90.6,5.000000000000004,2.800000000000001,0.1,16.629254678306335
3977,90.5,5.000000000000004,2.800000000000001,0.2,16.563314075226003
3978,90.4,5.000000000000004,2.800000000000001,0.3,16.50230481618591
3979,90.3,5.000000000000004,2.800000000000001,0.4,16.446797969304537
3980,90.2,5.000000000000004,2.800000000000001,0.5,16.39729338918503
3981,90.1,5.000000000000004,2.800000000000001,0.6,16.354212354270732
3982,90.0,5.000000000000004,2.800000000000001,0.7000000000000001,16.31789188707465
3983,90.5,5.100000000000003,2.800000000000001,0.1,16.536785549478257
3984,90.4,5.100000000000003,2.800000000000001,0.2,16.47507425039244
3985,90.3,5.100000000000003,2.800000000000001,0.3,16.418666903027905
3986,90.2,5.100000000000003,2.800000000000001,0.4,16.368079841619675
3987,90.1,5.100000000000003,2.800000000000001,0.5,16.323754996450525
3988,90.0,5.100000000000003,2.800000000000001,0.6,16.286053665987232
3989,89.89999999999999,5.100000000000003,2.800000000000001,0.7000000000000001,16.255251987955134
3990,90.4,5.200000000000003,2.800000000000001,0.1,16.454877042436898
3991,90.3,5.200000000000003,2.800000000000001,0.2,16.39760661518483
3992,90.2,5.200000000000003,2.800000000000001,0.3,16.345952178800918
3993,90.1,5.200000000000003,2.800000000000001,0.4,16.300374387134973
3994,90.0,5.200000000000003,2.800000000000001,0.5,16.261257234247456
3995,89.9,5.200000000000003,2.800000000000001,0.6,16.228902942933082
3996,89.8,5.200000000000003,2.800000000000001,0.7000000000000001,16.20352854702474
3997,90.3,5.300000000000003,2.800000000000001,0.1,16.383765342413007
3998,90.2,5.300000000000003,2.800000000000001,0.2,16.331085105089763
3999,90.1,5.300000000000003,2.800000000000001,0.3,16.284272490419806
4000,90.0,5.300000000000003,2.800000000000001,0.4,16.243732325324924
4001,89.9,5.300000000000003,2.800000000000001,0.5,16.20979142163924
4002,89.80000000000001,5.300000000000003,2.800000000000001,0.6,16.18269454690896
4003,89.7,5.300000000000003,2.800000000000001,0.7000000000000001,16.162602064217122
4004,90.2,5.400000000000004,2.800000000000001,0.1,16.32355518243395
4005,90.1,5.400000000000004,2.800000000000001,0.2,16.275553891496102
4006,90.0,5.400000000000004,2.800000000000001,0.3,16.233612479603345
4007,89.89999999999999,5.400000000000004,2.800000000000001,0.4,16.198080549695895
4008,89.8,5.400000000000004,2.800000000000001,0.5,16.169229187480195
4009,89.7,5.400000000000004,2.800000000000001,0.6,16.147247966369516
4010,89.6,5.400000000000004,2.800000000000001,0.7000000000000001,16.132243578995357
4011,90.1,5.500000000000004,2.800000000000001,0.1,16.274225123870032
4012,90.0,5.500000000000004,2.800000000000001,0.2,16.23093362246365
4013,89.9,5.500000000000004,2.800000000000001,0.3,16.193836709933283
4014,89.8,5.500000000000004,2.800000000000001,0.4,16.16323005541857
4015,89.7,5.500000000000004,2.800000000000001,0.5,16.139331102972573
4016,89.60000000000001,5.500000000000004,2.800000000000001,0.6,16.122277050378905
4017,89.5,5.500000000000004,2.800000000000001,0.7000000000000001,16.112124396495027
4018,94.0,1.5,2.900000000000001,0.1,19.509150042660337
4019,93.9,1.5,2.900000000000001,0.2,19.54896141225476
4020,93.8,1.5,2.900000000000001,0.3,19.582233039580725
4021,93.7,1.5,2.900000000000001,0.4,19.608526352225052
4022,93.6,1.5,2.900000000000001,0.5,19.627479828352982
4023,93.5,1.5,2.900000000000001,0.6,19.638816696549256
4024,93.4,1.5,2.900000000000001,0.7000000000000001,19.642351065853454
4025,93.9,1.6,2.900000000000001,0.1,19.56761438638686
4026,93.8,1.6,2.900000000000001,0.2,19.604243894478504
4027,93.7,1.6,2.900000000000001,0.3,19.633885037219386
4028,93.6,1.6,2.900000000000001,0.4,19.65613203205335
4029,93.5,1.6,2.900000000000001,0.5,19.67066319118862
4030,93.4,1.6,2.900000000000001,0.6,19.67724798122324
4031,93.3,1.6,2.900000000000001,0.7000000000000001,19.675752352894577
4032,93.8,1.7000000000000002,2.900000000000001,0.1,19.619073871094002
4033,93.7,1.7000000000000002,2.900000000000001,0.2,19.651983593436704
4034,93.6,1.7000000000000002,2.900000000000001,0.3,19.67748230941366
4035,93.5,1.7000000000000002,2.900000000000001,0.4,19.695203753914647
4036,93.4,1.7000000000000002,2.900000000000001,0.5,19.704872451656016
4037,93.3,1.7000000000000002,2.900000000000001,0.6,19.70630999921253
4038,93.2,1.7000000000000002,2.900000000000001,0.7000000000000001,19.699439466438147
4039,93.7,1.8000000000000005,2.900000000000001,0.1,19.662570157753976
4040,93.6,1.8000000000000005,2.900000000000001,0.2,19.691236197821006
4041,93.5,1.8000000000000005,2.900000000000001,0.3,19.71210188393058
4042,93.4,1.8000000000000005,2.900000000000001,0.4,19.72484704698734
4043,93.3,1.8000000000000005,2.900000000000001,0.5,19.72924852659054
4044,93.2,1.8000000000000005,2.900000000000001,0.6,19.72518554208671
4045,93.1,1.8000000000000005,2.900000000000001,0.7000000000000001,19.712643044875744
4046,93.6,1.9000000000000004,2.900000000000001,0.1,19.697188138445792
4047,93.5,1.9000000000000004,2.900000000000001,0.2,19.72110965144019
4048,93.4,1.9000000000000004,2.900000000000001,0.3,19.736881968703152
4049,93.29999999999998,1.9000000000000004,2.900000000000001,0.4,19.74423731761646
4050,93.2,1.9000000000000004,2.900000000000001,0.5,19.743010551346728
4051,93.1,1.9000000000000004,2.900000000000001,0.6,19.733143482509792
4052,93.0,1.9000000000000004,2.900000000000001,0.7000000000000001,19.71468707573833
4053,93.5,2.0000000000000004,2.900000000000001,0.1,19.722073273224726
4054,93.4,2.0000000000000004,2.900000000000001,0.2,19.740781501744696
4055,93.3,2.0000000000000004,2.900000000000001,0.3,19.751039158860195
4056,93.2,2.0000000000000004,2.900000000000001,0.4,19.752636761100714
4057,93.1,2.0000000000000004,2.900000000000001,0.5,19.74547234499756
4058,93.0,2.0000000000000004,2.900000000000001,0.6,19.72955464689547
4059,92.9,2.0000000000000004,2.900000000000001,0.7000000000000001,19.705004038124866
4060,93.4,2.1000000000000005,2.900000000000001,0.1,19.736448672069052
4061,93.3,2.1000000000000005,2.900000000000001,0.2,19.749515788559563
4062,93.2,2.1000000000000005,2.900000000000001,0.3,19.753884977388303
4063,93.1,2.1000000000000005,2.900000000000001,0.4,19.74941040214175
4064,93.0,2.1000000000000005,2.900000000000001,0.5,19.736057804169963
4065,92.9,2.1000000000000005,2.900000000000001,0.6,19.713906424893576
4066,92.8,2.1000000000000005,2.900000000000001,0.7000000000000001,19.683148601508737
4067,93.3,2.2000000000000006,2.900000000000001,0.1,19.739631518489297
4068,93.2,2.2000000000000006,2.900000000000001,0.2,19.746679065845242
4069,93.1,2.2000000000000006,2.900000000000001,0.3,19.744841342686986
4070,93.0,2.2000000000000006,2.900000000000001,0.4,19.73404086192714
4071,92.9,2.2000000000000006,2.900000000000001,0.5,19.714314832437374
4072,92.8,2.2000000000000006,2.900000000000001,0.6,19.685815735692902
4073,92.7,2.2000000000000006,2.900000000000001,0.7000000000000001,19.64880951787527
4074,93.2,2.3000000000000007,2.900000000000001,0.1,19.731048430578337
4075,93.1,2.3000000000000007,2.900000000000001,0.2,19.731755154531285
4076,93.0,2.3000000000000007,2.900000000000001,0.3,19.723454567627655
4077,92.9,2.3000000000000007,2.900000000000001,0.4,19.706141467275103
4078,92.8,2.3000000000000007,2.900000000000001,0.5,19.679927435624798
4079,92.7,2.3000000000000007,2.900000000000001,0.6,19.645040000303485
4080,92.6,2.3000000000000007,2.900000000000001,0.7000000000000001,19.601819378724862
4081,93.1,2.400000000000001,2.900000000000001,0.1,19.710249366416896
4082,93.0,2.400000000000001,2.900000000000001,0.2,19.704358241772518
4083,92.9,2.400000000000001,2.900000000000001,0.3,19.689407518145426
4084,92.79999999999998,2.400000000000001,2.900000000000001,0.4,19.665467346634543
4085,92.7,2.400000000000001,2.900000000000001,0.5,19.632725648421495
4086,92.6,2.400000000000001,2.900000000000001,0.6,19.59148580931695
4087,92.5,2.400000000000001,2.900000000000001,0.7000000000000001,19.542161953636406
4088,93.0,2.500000000000001,2.900000000000001,0.1,19.67691970388687
4089,92.9,2.500000000000001,2.900000000000001,0.2,19.664243971198196
4090,92.8,2.500000000000001,2.900000000000001,0.3,19.642529594493002
4091,92.7,2.500000000000001,2.900000000000001,0.4,19.611924198402452
4092,92.6,2.500000000000001,2.900000000000001,0.5,19.57269300351787
4093,92.5,2.500000000000001,2.900000000000001,0.6,19.525215026111457
4094,92.4,2.500000000000001,2.900000000000001,0.7000000000000001,19.469976881609963
4095,92.9,2.600000000000001,2.900000000000001,0.1,19.630890159707363
4096,92.8,2.600000000000001,2.900000000000001,0.2,19.611318209261142
4097,92.7,2.600000000000001,2.900000000000001,0.3,19.582804244248315
4098,92.6,2.600000000000001,2.900000000000001,0.4,19.545574467959266
4099,92.5,2.600000000000001,2.900000000000001,0.5,19.499971309857504
4100,92.4,2.600000000000001,2.900000000000001,0.6,19.446448124655525
4101,92.3,2.600000000000001,2.900000000000001,0.7000000000000001,19.38556154872207
4102,92.8,2.700000000000001,2.900000000000001,0.1,19.57214425808475
4103,92.7,2.700000000000001,2.900000000000001,0.2,19.54564322361948
4104,92.6,2.700000000000001,2.900000000000001,0.3,19.51037377175966
4105,92.5,2.700000000000001,2.900000000000001,0.4,19.46664072960895
4106,92.4,2.700000000000001,2.900000000000001,0.5,19.414862569924093
4107,92.3,2.700000000000001,2.900000000000001,0.6,19.355564627223735
4108,92.2,2.700000000000001,2.900000000000001,0.7000000000000001,19.28937005385438
4109,92.7,2.800000000000001,2.900000000000001,0.1,19.500823114539497
4110,92.6,2.800000000000001,2.900000000000001,0.2,19.46744106918001
4111,92.5,2.800000000000001,2.900000000000001,0.3,19.42554127233241
4112,92.4,2.800000000000001,2.900000000000001,0.4,19.375506136477604
4113,92.3,2.800000000000001,2.900000000000001,0.5,19.317827935361013
4114,92.2,2.800000000000001,2.900000000000001,0.6,19.253100578445014
4115,92.1,2.800000000000001,2.900000000000001,0.7000000000000001,19.182009236287175
4116,92.6,2.900000000000001,2.900000000000001,0.1,19.417227363649502
4117,92.5,2.900000000000001,2.900000000000001,0.2,19.37709404423763
4118,92.4,2.900000000000001,2.900000000000001,0.3,19.328769589195055
4119,92.29999999999998,2.900000000000001,2.900000000000001,0.4,19.27271187333109
4120,92.2,2.900000000000001,2.900000000000001,0.5,19.209483673503627
4121,92.1,2.900000000000001,2.900000000000001,0.6,19.139743065943406
4122,92.0,2.900000000000001,2.900000000000001,0.7000000000000001,19.06423181252342
4123,92.5,3.0000000000000013,2.900000000000001,0.1,19.321816128733325
4124,92.4,3.0000000000000013,2.900000000000001,0.2,19.27514215101899
4125,92.3,3.0000000000000013,2.900000000000001,0.3,19.220677264975556
4126,92.2,3.0000000000000013,2.900000000000001,0.4,19.15895162197571
4127,92.1,3.0000000000000013,2.900000000000001,0.5,19.090594192291306
4128,92.0,3.0000000000000013,2.900000000000001,0.6,19.016321872075263
4129,91.9,3.0000000000000013,2.900000000000001,0.7000000000000001,18.936926742499928
4130,92.4,3.1000000000000014,2.900000000000001,0.1,19.21520300474532
4131,92.3,3.1000000000000014,2.900000000000001,0.2,19.16227756964146
4132,92.2,3.1000000000000014,2.900000000000001,0.3,19.1020315347589
4133,92.1,3.1000000000000014,2.900000000000001,0.4,19.035063124051646
4134,92.0,3.1000000000000014,2.900000000000001,0.5,18.962062245151664
4135,91.9,3.1000000000000014,2.900000000000001,0.6,18.88379841356562
4136,91.8,3.1000000000000014,2.900000000000001,0.7000000000000001,18.801107015050842
4137,92.3,3.200000000000001,2.900000000000001,0.1,19.09814910057118
4138,92.2,3.200000000000001,2.900000000000001,0.2,19.03933622967439
4139,92.1,3.200000000000001,2.900000000000001,0.3,18.97373848240145
4140,92.0,3.200000000000001,2.900000000000001,0.4,18.90201699924075
4141,91.9,3.200000000000001,2.900000000000001,0.5,18.824916508469336
4142,91.8,3.200000000000001,2.900000000000001,0.6,18.74325219392268
4143,91.7,3.200000000000001,2.900000000000001,0.7000000000000001,18.657895106926933
4144,92.2,3.3000000000000016,2.900000000000001,0.1,18.971553261127248
4145,92.1,3.3000000000000016,2.900000000000001,0.2,18.90728663676023
4146,92.0,3.3000000000000016,2.900000000000001,0.3,18.836830553290206
4147,91.9,3.3000000000000016,2.900000000000001,0.4,18.76090304587772
4148,91.8,3.3000000000000016,2.900000000000001,0.5,18.68029678993833
4149,91.7,3.3000000000000016,2.900000000000001,0.6,18.595865055239326
4150,91.6,3.3000000000000016,2.900000000000001,0.7000000000000001,18.508506426849873
4151,92.1,3.4000000000000017,2.900000000000001,0.1,18.83643966083349
4152,92.0,3.4000000000000017,2.900000000000001,0.2,18.76721618080842
4153,91.9,3.4000000000000017,2.900000000000001,0.3,18.692451682908423
4154,91.79999999999998,3.4000000000000017,2.900000000000001,0.4,18.6129143135278
4155,91.7,3.4000000000000017,2.900000000000001,0.5,18.52943718441802
4156,91.6,3.4000000000000017,2.900000000000001,0.6,18.44290356948623
4157,91.5,3.4000000000000017,2.900000000000001,0.7000000000000001,18.354231104271296
4158,92.0,3.5000000000000018,2.900000000000001,0.1,18.69394302591413
4159,91.9,3.5000000000000018,2.900000000000001,0.2,18.620315214958282
4160,91.8,3.5000000000000018,2.900000000000001,0.3,18.541840359356783
4161,91.7,3.5000000000000018,2.900000000000001,0.4,18.459329291358454
4162,91.6,3.5000000000000018,2.900000000000001,0.5,18.373647543108568
4163,91.5,3.5000000000000018,2.900000000000001,0.6,18.2856999530782
4164,91.4,3.5000000000000018,2.900000000000001,0.7000000000000001,18.196414520313674
4165,91.9,3.600000000000002,2.900000000000001,0.1,18.545291801539534
4166,91.79999999999998,3.600000000000002,2.900000000000001,0.2,18.467859248900304
4167,91.7,3.600000000000002,2.900000000000001,0.3,18.386310987606123
4168,91.59999999999998,3.600000000000002,2.900000000000001,0.4,18.30149260047754
4169,91.5,3.600000000000002,2.900000000000001,0.5,18.21429366050738
4170,91.4,3.600000000000002,2.900000000000001,0.6,18.12563192112365
4171,91.29999999999998,3.600000000000002,2.900000000000001,0.7000000000000001,18.036437004777152
4172,91.8,3.700000000000002,2.900000000000001,0.1,18.39178962929061
4173,91.7,3.700000000000002,2.900000000000001,0.2,18.311189644632968
4174,91.6,3.700000000000002,2.900000000000001,0.3,18.227233962282934
4175,91.5,3.700000000000002,2.900000000000001,0.4,18.140794611589374
4176,91.4,3.700000000000002,2.900000000000001,0.5,18.052776610656192
4177,91.3,3.700000000000002,2.900000000000001,0.6,17.96410191851602
4178,91.2,3.700000000000002,2.900000000000001,0.7000000000000001,17.875693137483424
4179,91.7,3.800000000000002,2.900000000000001,0.1,18.234795539364324
4180,91.6,3.800000000000002,2.900000000000001,0.2,18.15169323605974
4181,91.5,3.800000000000002,2.900000000000001,0.3,18.06601488315704
4182,91.4,3.800000000000002,2.900000000000001,0.4,17.97865043047986
4183,91.3,3.800000000000002,2.900000000000001,0.5,17.89051167900797
4184,91.2,3.800000000000002,2.900000000000001,0.6,17.802516173477073
4185,91.1,3.800000000000002,2.900000000000001,0.7000000000000001,17.71557109439561
4186,91.6,3.900000000000002,2.900000000000001,0.1,18.075703289289514
4187,91.5,3.900000000000002,2.900000000000001,0.2,17.990781315144066
4188,91.4,3.900000000000002,2.900000000000001,0.3,17.90407336256448
4189,91.29999999999998,3.900000000000002,2.900000000000001,0.4,17.816478702559813
4190,91.2,3.900000000000002,2.900000000000001,0.5,17.728907338620694
4191,91.1,3.900000000000002,2.900000000000001,0.6,17.642264015319874
4192,91.0,3.900000000000002,2.900000000000001,0.7000000000000001,17.557432469116396
4193,91.5,4.000000000000002,2.900000000000001,0.1,17.91592029604061
4194,91.4,4.000000000000002,2.900000000000001,0.2,17.829868436203046
4195,91.3,4.000000000000002,2.900000000000001,0.3,17.742821876544273
4196,91.2,4.000000000000002,2.900000000000001,0.4,17.655680683964558
4197,91.1,4.000000000000002,2.900000000000001,0.5,17.569344709531354
4198,91.0,4.000000000000002,2.900000000000001,0.6,17.48469788247844
4199,90.9,4.000000000000002,2.900000000000001,0.7000000000000001,17.402592979124236
4200,91.4,4.100000000000002,2.900000000000001,0.1,17.756846611098904
4201,91.29999999999998,4.100000000000002,2.900000000000001,0.2,17.670351486328283
4202,91.2,4.100000000000002,2.900000000000001,0.3,17.58364510169636
4203,91.09999999999998,4.100000000000002,2.900000000000001,0.4,17.497620010942022
4204,91.0,4.100000000000002,2.900000000000001,0.5,17.41315791868848
4205,90.9,4.100000000000002,2.900000000000001,0.6,17.331114420040493
4206,90.79999999999998,4.100000000000002,2.900000000000001,0.7000000000000001,17.252304434424854
4207,91.3,4.200000000000003,2.900000000000001,0.1,17.599854378418037
4208,91.2,4.200000000000003,2.900000000000001,0.2,17.513589454278446
4209,91.1,4.200000000000003,2.900000000000001,0.3,17.427880158287284
4210,91.0,4.200000000000003,2.900000000000001,0.4,17.343603572258093
4211,90.9,4.200000000000003,2.900000000000001,0.5,17.261615745693028
4212,90.8,4.200000000000003,2.900000000000001,0.6,17.1827370292527
4213,90.7,4.200000000000003,2.900000000000001,0.7000000000000001,17.10773830543878
4214,91.2,4.3000000000000025,2.900000000000001,0.1,17.446268193997657
4215,91.1,4.3000000000000025,2.900000000000001,0.2,17.360884303283726
4216,91.0,4.3000000000000025,2.900000000000001,0.3,17.276798147913976
4217,90.9,4.3000000000000025,2.900000000000001,0.4,17.194863852240267
4218,90.8,4.3000000000000025,2.900000000000001,0.5,17.115904898106304
4219,90.7,4.3000000000000025,2.900000000000001,0.6,17.04070018615799
4220,90.6,4.3000000000000025,2.900000000000001,0.7000000000000001,16.969971178437717
4221,91.1,4.400000000000002,2.900000000000001,0.1,17.29734675381998
4222,91.0,4.400000000000002,2.900000000000001,0.2,17.21346331617512
4223,90.9,4.400000000000002,2.900000000000001,0.3,17.1315873323714
4224,90.79999999999998,4.400000000000002,2.900000000000001,0.4,17.052543066303464
4225,90.7,4.400000000000002,2.900000000000001,0.5,16.977115210771547
4226,90.6,4.400000000000002,2.900000000000001,0.6,16.90603579431097
4227,90.5,4.400000000000002,2.900000000000001,0.7000000000000001,16.839972332394634
4228,91.0,4.500000000000003,2.900000000000001,0.1,17.154266135539338
4229,90.9,4.500000000000003,2.900000000000001,0.2,17.072463235519933
4230,90.8,4.500000000000003,2.900000000000001,0.3,16.993338250810012
4231,90.7,4.500000000000003,2.900000000000001,0.4,16.91767935800353
4232,90.6,4.500000000000003,2.900000000000001,0.5,16.846227008200888
4233,90.5,4.500000000000003,2.900000000000001,0.6,16.779661779196918
4234,90.4,4.500000000000003,2.900000000000001,0.7000000000000001,16.718593612551754
4235,90.9,4.600000000000003,2.900000000000001,0.1,17.018105010069906
4236,90.79999999999998,4.600000000000003,2.900000000000001,0.2,16.93891646866675
4237,90.7,4.600000000000003,2.900000000000001,0.3,16.863031016556228
4238,90.59999999999998,4.600000000000003,2.900000000000001,0.4,16.79119526866245
4239,90.5,4.600000000000003,2.900000000000001,0.5,16.72410080946222
4240,90.4,4.600000000000003,2.900000000000001,0.6,16.66237307143241
4241,90.29999999999998,4.600000000000003,2.900000000000001,0.7000000000000001,16.606561715222984
4242,90.8,4.700000000000003,2.900000000000001,0.1,16.88983202382659
4243,90.7,4.700000000000003,2.900000000000001,0.2,16.81373956958687
4244,90.6,4.700000000000003,2.900000000000001,0.3,16.741524974973558
4245,90.5,4.700000000000003,2.900000000000001,0.4,16.673888629307378
4246,90.4,4.700000000000003,2.900000000000001,0.5,16.61146949307313
4247,90.3,4.700000000000003,2.900000000000001,0.6,16.554835063956197
4248,90.2,4.700000000000003,2.900000000000001,0.7000000000000001,16.504472937195956
4249,90.7,4.8000000000000025,2.900000000000001,0.1,16.770295532694508
4250,90.6,4.8000000000000025,2.900000000000001,0.2,16.69772414804829
4251,90.5,4.8000000000000025,2.900000000000001,0.3,16.629550841388845
4252,90.4,4.8000000000000025,2.900000000000001,0.4,16.56642596198353
4253,90.3,4.8000000000000025,2.900000000000001,0.5,16.50893297707355
4254,90.2,4.8000000000000025,2.900000000000001,0.6,16.45757956707864
4255,90.1,4.8000000000000025,2.900000000000001,0.7000000000000001,16.412790383373665
4256,90.6,4.900000000000003,2.900000000000001,0.1,16.660215806746717
4257,90.5,4.900000000000003,2.900000000000001,0.2,16.591530293896984
4258,90.4,4.900000000000003,2.900000000000001,0.3,16.527705375305413
4259,90.29999999999998,4.900000000000003,2.900000000000001,0.4,16.46933841532074
4260,90.2,4.900000000000003,2.900000000000001,0.5,16.416955408524156
4261,90.1,4.900000000000003,2.900000000000001,0.6,16.37100322619435
4262,89.99999999999999,4.900000000000003,2.900000000000001,0.7000000000000001,16.331843569652897
4263,90.5,5.000000000000004,2.900000000000001,0.1,16.560179762198587
4264,90.4,5.000000000000004,2.900000000000001,0.2,16.495682541922687
4265,90.3,5.000000000000004,2.900000000000001,0.3,16.436448585709392
4266,90.2,5.000000000000004,2.900000000000001,0.4,16.38302019931734
4267,90.1,5.000000000000004,2.900000000000001,0.5,16.33586479885005
4268,90.0,5.000000000000004,2.900000000000001,0.6,16.2953683117634
4269,89.89999999999999,5.000000000000004,2.900000000000001,0.7000000000000001,16.261830305944045
4270,90.4,5.100000000000003,2.900000000000001,0.1,16.470638215902355
4271,90.29999999999998,5.100000000000003,2.900000000000001,0.2,16.410568342727046
4272,90.2,5.100000000000003,2.900000000000001,0.3,16.35610340394163
4273,90.09999999999998,5.100000000000003,2.900000000000001,0.4,16.307729428265432
4274,89.99999999999999,5.100000000000003,2.900000000000001,0.5,16.265854988221953
4275,89.89999999999999,5.100000000000003,2.900000000000001,0.6,16.230805741210236
4276,89.79999999999998,5.100000000000003,2.900000000000001,0.7000000000000001,16.202820697950568
4277,90.3,5.200000000000003,2.900000000000001,0.1,16.39190559953991
4278,90.2,5.200000000000003,2.900000000000001,0.2,16.336438948797618
4279,90.1,5.200000000000003,2.900000000000001,0.3,16.286857706870887
4280,89.99999999999999,5.200000000000003,2.900000000000001,0.4,16.243591229979184
4281,89.89999999999999,5.200000000000003,2.900000000000001,0.5,16.20698977481526
4282,89.8,5.200000000000003,2.900000000000001,0.6,16.17732014882325
4283,89.69999999999999,5.200000000000003,2.900000000000001,0.7000000000000001,16.154763066843163
4284,90.2,5.300000000000003,2.900000000000001,0.1,16.324162017070876
4285,90.1,5.300000000000003,2.900000000000001,0.2,16.273412574028907
4286,90.0,5.300000000000003,2.900000000000001,0.3,16.228768525253926
4287,89.89999999999999,5.300000000000003,2.900000000000001,0.4,16.19060293516214
4288,89.8,5.300000000000003,2.900000000000001,0.5,16.159209004337846
4289,89.7,5.300000000000003,2.900000000000001,0.6,16.134796783438873
4290,89.6,5.300000000000003,2.900000000000001,0.7000000000000001,16.11749155401889
4291,90.1,5.400000000000004,2.900000000000001,0.1,16.267457481223758
4292,89.99999999999999,5.400000000000004,2.900000000000001,0.2,16.2214796403889
4293,89.89999999999999,5.400000000000004,2.900000000000001,0.3,16.1817682312392
4294,89.79999999999998,5.400000000000004,2.900000000000001,0.4,16.148641123761802
4295,89.69999999999999,5.400000000000004,2.900000000000001,0.5,16.1223363824216
4296,89.6,5.400000000000004,2.900000000000001,0.6,16.103009985270912
4297,89.49999999999999,5.400000000000004,2.900000000000001,0.7000000000000001,16.090735154185182
4298,90.0,5.500000000000004,2.900000000000001,0.1,16.221718123915394
4299,89.89999999999999,5.500000000000004,2.900000000000001,0.2,16.180509888205776
4300,89.8,5.500000000000004,2.900000000000001,0.3,16.14567246572872
4301,89.69999999999999,5.500000000000004,2.900000000000001,0.4,16.117470276126
4302,89.6,5.500000000000004,2.900000000000001,0.5,16.0960887478045
4303,89.5,5.500000000000004,2.900000000000001,0.6,16.08163297302172
4304,89.39999999999999,5.500000000000004,2.900000000000001,0.7000000000000001,16.074127904234487
4305,93.9,1.5,3.0000000000000013,0.1,19.564412138606244
4306,93.8,1.5,3.0000000000000013,0.2,19.60165369403073
4307,93.7,1.5,3.0000000000000013,0.3,19.631977241084815
4308,93.6,1.5,3.0000000000000013,0.4,19.654973364531116
4309,93.5,1.5,3.0000000000000013,0.5,19.67031556464468
4310,93.4,1.5,3.0000000000000013,0.6,19.67776735350043
4311,93.3,1.5,3.0000000000000013,0.7000000000000001,19.677187648262656
4312,93.8,1.6,3.0000000000000013,0.1,19.620240903293066
4313,93.7,1.6,3.0000000000000013,0.2,19.65393803577408
4314,93.6,1.6,3.0000000000000013,0.3,19.68028199729533
4315,93.5,1.6,3.0000000000000013,0.4,19.698901073300785
4316,93.4,1.6,3.0000000000000013,0.5,19.709513276649023
4317,93.3,1.6,3.0000000000000013,0.6,19.711932698046628
4318,93.2,1.6,3.0000000000000013,0.7000000000000001,19.70607400064896
4319,93.7,1.7000000000000002,3.0000000000000013,0.1,19.668485270545002
4320,93.6,1.7000000000000002,3.0000000000000013,0.2,19.69810670953734
4321,93.5,1.7000000000000002,3.0000000000000013,0.3,19.719970718874993
4322,93.4,1.7000000000000002,3.0000000000000013,0.4,19.73374992781966
4323,93.3,1.7000000000000002,3.0000000000000013,0.5,19.73921306436006
4324,93.2,1.7000000000000002,3.0000000000000013,0.6,19.73623042515125
4325,93.1,1.7000000000000002,3.0000000000000013,0.7000000000000001,19.724777348583487
4326,93.6,1.8000000000000005,3.0000000000000013,0.1,19.70819564544079
4327,93.5,1.8000000000000005,3.0000000000000013,0.2,19.73322969643157
4328,93.4,1.8000000000000005,3.0000000000000013,0.3,19.750140268868353
4329,93.3,1.8000000000000005,3.0000000000000013,0.4,19.75865074300961
4330,93.2,1.8000000000000005,3.0000000000000013,0.5,19.758586401906243
4331,93.1,1.8000000000000005,3.0000000000000013,0.6,19.749878892333957
4332,93.0,1.8000000000000005,3.0000000000000013,0.7000000000000001,19.732568562831947
4333,93.5,1.9000000000000004,3.0000000000000013,0.1,19.738474954431453
4334,93.4,1.9000000000000004,3.0000000000000013,0.2,19.758438581057508
4335,93.3,1.9000000000000004,3.0000000000000013,0.3,19.769958000935553
4336,93.2,1.9000000000000004,3.0000000000000013,0.4,19.77281338640878
4337,93.1,1.9000000000000004,3.0000000000000013,0.5,19.766891926294655
4338,93.0,1.9000000000000004,3.0000000000000013,0.6,19.752191158410806
4339,92.9,1.9000000000000004,3.0000000000000013,0.7000000000000001,19.7288200712767
4340,93.4,2.0000000000000004,3.0000000000000013,0.1,19.758496055187837
4341,93.3,2.0000000000000004,3.0000000000000013,0.2,19.772943851807568
4342,93.2,2.0000000000000004,3.0000000000000013,0.3,19.778678794700838
4343,93.1,2.0000000000000004,3.0000000000000013,0.4,19.775543394697884
4344,93.0,2.0000000000000004,3.0000000000000013,0.5,19.76349148582195
4345,92.9,2.0000000000000004,3.0000000000000013,0.6,19.74259032203494
4346,92.8,2.0000000000000004,3.0000000000000013,0.7000000000000001,19.713020356173775
4347,93.3,2.1000000000000005,3.0000000000000013,0.1,19.767518681060245
4348,93.2,2.1000000000000005,3.0000000000000013,0.2,19.776051527238643
4349,93.1,2.1000000000000005,3.0000000000000013,0.3,19.775661209480845
4350,93.0,2.1000000000000005,3.0000000000000013,0.4,19.76625750514189
4351,92.9,2.1000000000000005,3.0000000000000013,0.5,19.747864907503114
4352,92.8,2.1000000000000005,3.0000000000000013,0.6,19.720623394142322
4353,92.7,2.1000000000000005,3.0000000000000013,0.7000000000000001,19.684786814000173
4354,93.2,2.2000000000000006,3.0000000000000013,0.1,19.764905511975318
4355,93.1,2.2000000000000006,3.0000000000000013,0.2,19.76717870007261
4356,93.0,2.2000000000000006,3.0000000000000013,0.3,19.760382351980898
4357,92.9,2.2000000000000006,3.0000000000000013,0.4,19.744497705859473
4358,92.8,2.2000000000000006,3.0000000000000013,0.5,19.71962309994672
4359,92.7,2.2000000000000006,3.0000000000000013,0.6,19.685973337247802
4360,92.6,2.2000000000000006,3.0000000000000013,0.7000000000000001,19.64387663107434
4361,93.1,2.3000000000000007,3.0000000000000013,0.1,19.750136969035335
4362,93.0,2.3000000000000007,3.0000000000000013,0.2,19.7458676019847
4363,92.9,2.3000000000000007,3.0000000000000013,0.3,19.732451071318376
4364,92.8,2.3000000000000007,3.0000000000000013,0.4,19.70994343266345
4365,92.7,2.3000000000000007,3.0000000000000013,0.5,19.67851913777912
4366,92.6,2.3000000000000007,3.0000000000000013,0.6,19.638468939730085
4367,92.5,2.3000000000000007,3.0000000000000013,0.7000000000000001,19.590195368424645
4368,93.0,2.400000000000001,3.0000000000000013,0.1,19.7228243476254
4369,92.9,2.400000000000001,3.0000000000000013,0.2,19.71179781605262
4370,92.8,2.400000000000001,3.0000000000000013,0.3,19.691619124471533
4371,92.7,2.400000000000001,3.0000000000000013,0.4,19.662421575726327
4372,92.6,2.400000000000001,3.0000000000000013,0.5,19.624457014641465
4373,92.5,2.400000000000001,3.0000000000000013,0.6,19.578092239118124
4374,92.4,2.400000000000001,3.0000000000000013,0.7000000000000001,19.52380299966001
4375,92.9,2.500000000000001,3.0000000000000013,0.1,19.682720933302736
4376,92.8,2.500000000000001,3.0000000000000013,0.2,19.664796299163715
4377,92.7,2.500000000000001,3.0000000000000013,0.3,19.63778999634036
4378,92.6,2.500000000000001,3.0000000000000013,0.4,19.60191400567891
4379,92.5,2.500000000000001,3.0000000000000013,0.5,19.557497802908664
4380,92.4,2.500000000000001,3.0000000000000013,0.6,19.504983263707125
4381,92.3,2.500000000000001,3.0000000000000013,0.7000000000000001,19.44491720445121
4382,92.8,2.600000000000001,3.0000000000000013,0.1,19.62973078552728
4383,92.7,2.600000000000001,3.0000000000000013,0.2,19.604844922982032
4384,92.6,2.600000000000001,3.0000000000000013,0.3,19.57102510999629
4385,92.5,2.600000000000001,3.0000000000000013,0.4,19.528562384698354
4386,92.4,2.600000000000001,3.0000000000000013,0.5,19.477863018173842
4387,92.3,2.600000000000001,3.0000000000000013,0.6,19.419441924991514
4388,92.2,2.600000000000001,3.0000000000000013,0.7000000000000001,19.353913785917936
4389,92.7,2.700000000000001,3.0000000000000013,0.1,19.563914925359196
4390,92.6,2.700000000000001,3.0000000000000013,0.2,19.532085298016277
4391,92.5,2.700000000000001,3.0000000000000013,0.3,19.491547222951286
4392,92.4,2.700000000000001,3.0000000000000013,0.4,19.442670092068763
4393,92.3,2.700000000000001,3.0000000000000013,0.5,19.385935053433904
4394,92.2,2.700000000000001,3.0000000000000013,0.6,19.321926962499305
4395,92.1,2.700000000000001,3.0000000000000013,0.7000000000000001,19.251324150724727
4396,92.6,2.800000000000001,3.0000000000000013,0.1,19.48549472316713
4397,92.5,2.800000000000001,3.0000000000000013,0.2,19.44682070929008
4398,92.4,2.800000000000001,3.0000000000000013,0.3,19.399740872611513
4399,92.3,2.800000000000001,3.0000000000000013,0.4,19.344701163676447
4400,92.2,2.800000000000001,3.0000000000000013,0.5,19.282254619755268
4401,92.1,2.800000000000001,3.0000000000000013,0.6,19.213051915510054
4402,92.0,2.800000000000001,3.0000000000000013,0.7000000000000001,19.13782986381966
4403,92.5,2.900000000000001,3.0000000000000013,0.1,19.39485234939173
4404,92.4,2.900000000000001,3.0000000000000013,0.2,19.349515062170067
4405,92.3,2.900000000000001,3.0000000000000013,0.3,19.296149806439555
4406,92.2,2.900000000000001,3.0000000000000013,0.4,19.235276218769233
4407,92.1,2.900000000000001,3.0000000000000013,0.5,19.167515204752693
4408,92.0,2.900000000000001,3.0000000000000013,0.6,19.093578170549563
4409,91.9,2.900000000000001,3.0000000000000013,0.7000000000000001,19.014254363195526
4410,92.4,3.0000000000000013,3.0000000000000013,0.1,19.292528223443895
4411,92.3,3.0000000000000013,3.0000000000000013,0.2,19.240788810891154
4412,92.2,3.0000000000000013,3.0000000000000013,0.3,19.181471407474177
4413,92.1,3.0000000000000013,3.0000000000000013,0.4,19.11516542274593
4414,92.0,3.0000000000000013,3.0000000000000013,0.5,19.04255463512886
4415,91.9,3.0000000000000013,3.0000000000000013,0.6,18.964405207125203
4416,91.8,3.0000000000000013,3.0000000000000013,0.7000000000000001,18.881551991493133
4417,92.3,3.1000000000000014,3.0000000000000013,0.1,19.17921547064148
4418,92.2,3.1000000000000014,3.0000000000000013,0.2,19.121411917909214
4419,92.1,3.1000000000000014,3.0000000000000013,0.3,19.05654820138046
4420,92.0,3.1000000000000014,3.0000000000000013,0.4,18.985278609365572
4421,91.9,3.1000000000000014,3.0000000000000013,0.5,18.9083439024278
4422,91.8,3.1000000000000014,3.0000000000000013,0.6,18.826558234573962
4423,91.7,3.1000000000000014,3.0000000000000013,0.7000000000000001,18.740794568449147
4424,92.2,3.200000000000001,3.0000000000000013,0.1,19.05575147234239
4425,92.1,3.200000000000001,3.0000000000000013,0.2,18.992293967020004
4426,92.0,3.200000000000001,3.0000000000000013,0.3,18.92235660473798
4427,91.9,3.200000000000001,3.0000000000000013,0.4,18.84665275721728
4428,91.8,3.200000000000001,3.0000000000000013,0.5,18.765973479755687
4429,91.7,3.200000000000001,3.0000000000000013,0.6,18.6811734779324
4430,91.6,3.200000000000001,3.0000000000000013,0.7000000000000001,18.593155789023623
4431,92.1,3.3000000000000016,3.0000000000000013,0.1,18.92310666773584
4432,92.0,3.3000000000000016,3.0000000000000013,0.2,18.854471624847797
4433,91.9,3.3000000000000016,3.0000000000000013,0.3,18.779993143502118
4434,91.8,3.3000000000000016,3.0000000000000013,0.4,18.70043708133094
4435,91.7,3.3000000000000016,3.0000000000000013,0.5,18.61663741938039
4436,91.6,3.3000000000000016,3.0000000000000013,0.6,18.52948142839501
4437,91.5,3.3000000000000016,3.0000000000000013,0.7000000000000001,18.43989378466953
4438,92.0,3.4000000000000017,3.0000000000000013,0.1,18.782370834797856
4439,91.9,3.4000000000000017,3.0000000000000013,0.2,18.709093711576912
4440,91.8,3.4000000000000017,3.0000000000000013,0.3,18.63065843333763
4441,91.7,3.4000000000000017,3.0000000000000013,0.4,18.54787605939586
4442,91.6,3.4000000000000017,3.0000000000000013,0.5,18.461615574937156
4443,91.5,3.4000000000000017,3.0000000000000013,0.6,18.372788422470745
4444,91.4,3.4000000000000017,3.0000000000000013,0.7000000000000001,18.28233222806947
4445,91.9,3.5000000000000018,3.0000000000000013,0.1,18.634737140547596
4446,91.8,3.5000000000000018,3.0000000000000013,0.2,18.557404200628294
4447,91.7,3.5000000000000018,3.0000000000000013,0.3,18.475639267905283
4448,91.6,3.5000000000000018,3.0000000000000013,0.4,18.39029076142355
4449,91.5,3.5000000000000018,3.0000000000000013,0.5,18.30225433585237
4450,91.4,3.5000000000000018,3.0000000000000013,0.6,18.212456951971433
4451,91.3,3.5000000000000018,3.0000000000000013,0.7000000000000001,18.121840393567286
4452,91.8,3.600000000000002,3.0000000000000013,0.1,18.481484305043647
4453,91.7,3.600000000000002,3.0000000000000013,0.2,18.400723516596642
4454,91.6,3.600000000000002,3.0000000000000013,0.3,18.316289205571557
4455,91.5,3.600000000000002,3.0000000000000013,0.4,18.229058890415942
4456,91.4,3.600000000000002,3.0000000000000013,0.5,18.13994629431601
4457,91.3,3.600000000000002,3.0000000000000013,0.6,18.049885133451564
4458,91.2,3.600000000000002,3.0000000000000013,0.7000000000000001,17.959812605652267
4459,91.7,3.700000000000002,3.0000000000000013,0.1,18.32395726792504
4460,91.6,3.700000000000002,3.0000000000000013,0.2,18.24042853972539
4461,91.5,3.700000000000002,3.0000000000000013,0.3,18.1540080781636
4462,91.4,3.700000000000002,3.0000000000000013,0.4,18.06559396863552
4463,91.3,3.700000000000002,3.0000000000000013,0.5,17.976109285859998
4464,91.2,3.700000000000002,3.0000000000000013,0.6,17.88648578004951
4465,91.1,3.700000000000002,3.0000000000000013,0.7000000000000001,17.79764751581783
4466,91.6,3.800000000000002,3.0000000000000013,0.1,18.16354677948205
4467,91.5,3.800000000000002,3.0000000000000013,0.2,18.077931752456497
4468,91.4,3.800000000000002,3.0000000000000013,0.3,17.990220866458905
4469,91.3,3.800000000000002,3.0000000000000013,0.4,17.901324118792918
4470,91.2,3.800000000000002,3.0000000000000013,0.5,17.812165252919062
4471,91.1,3.800000000000002,3.0000000000000013,0.6,17.723665520664078
4472,91.0,3.800000000000002,3.0000000000000013,0.7000000000000001,17.636727643935966
4473,91.5,3.900000000000002,3.0000000000000013,0.1,18.001668359391402
4474,91.4,3.900000000000002,3.0000000000000013,0.2,17.91465997850952
4475,91.3,3.900000000000002,3.0000000000000013,0.3,17.826356395665055
4476,91.2,3.900000000000002,3.0000000000000013,0.4,17.73767089166556
4477,91.1,3.900000000000002,3.0000000000000013,0.5,17.64951937667865
4478,91.0,3.900000000000002,3.0000000000000013,0.6,17.56280440126253
4479,90.9,3.900000000000002,3.0000000000000013,0.7000000000000001,17.478399604385327
4480,91.4,4.000000000000002,3.0000000000000013,0.1,17.839741074940672
4481,91.3,4.000000000000002,3.0000000000000013,0.2,17.75203316731435
4482,91.2,4.000000000000002,3.0000000000000013,0.3,17.66382630021262
4483,91.1,4.000000000000002,3.0000000000000013,0.4,17.57602858155774
4484,91.0,4.000000000000002,3.0000000000000013,0.5,17.489539906476573
4485,90.9,4.000000000000002,3.0000000000000013,0.6,17.40523638147252
4486,90.8,4.000000000000002,3.0000000000000013,0.7000000000000001,17.32395541034469
4487,91.3,4.100000000000002,3.0000000000000013,0.1,17.679166586802044
4488,91.2,4.100000000000002,3.0000000000000013,0.2,17.591443666654186
4489,91.1,4.100000000000002,3.0000000000000013,0.3,17.504004691176767
4490,91.0,4.100000000000002,3.0000000000000013,0.4,17.417744449230803
4491,90.9,4.100000000000002,3.0000000000000013,0.5,17.333539088825457
4492,90.8,4.100000000000002,3.0000000000000013,0.6,17.25223110744187
4493,90.7,4.100000000000002,3.0000000000000013,0.7000000000000001,17.17461521304488
4494,91.2,4.200000000000003,3.0000000000000013,0.1,17.521308894606552
4495,91.1,4.200000000000003,3.0000000000000013,0.2,17.43423640468672
4496,91.0,4.200000000000003,3.0000000000000013,0.3,17.348208932368383
4497,90.9,4.200000000000003,3.0000000000000013,0.4,17.2641002394534
4498,90.8,4.200000000000003,3.0000000000000013,0.5,17.18275556091169
4499,90.7,4.200000000000003,3.0000000000000013,0.6,17.10497730054432
4500,90.6,4.200000000000003,3.0000000000000013,0.7000000000000001,17.031511787771542
4501,91.1,4.3000000000000025,3.0000000000000013,0.1,17.367475187516384
4502,91.0,4.3000000000000025,3.0000000000000013,0.2,17.281690370085183
4503,90.9,4.3000000000000025,3.0000000000000013,0.3,17.197681893741265
4504,90.8,4.3000000000000025,3.0000000000000013,0.4,17.116295338450517
4505,90.7,4.3000000000000025,3.0000000000000013,0.5,17.038338527634064
4506,90.6,4.3000000000000025,3.0000000000000013,0.6,16.964568052409337
4507,90.5,4.3000000000000025,3.0000000000000013,0.7000000000000001,16.895677026659705
4508,91.0,4.400000000000002,3.0000000000000013,0.1,17.218898167836695
4509,90.9,4.400000000000002,3.0000000000000013,0.2,17.135001737172473
4510,90.8,4.400000000000002,3.0000000000000013,0.3,17.05357600468953
4511,90.7,4.400000000000002,3.0000000000000013,0.4,16.97543186682365
4512,90.6,4.400000000000002,3.0000000000000013,0.5,16.90133398852931
4513,90.5,4.400000000000002,3.0000000000000013,0.6,16.831988261692526
4514,90.4,4.400000000000002,3.0000000000000013,0.7000000000000001,16.768030641597736
4515,90.9,4.500000000000003,3.0000000000000013,0.1,17.0767201698765
4516,90.8,4.500000000000003,3.0000000000000013,0.2,16.995268933172195
4517,90.7,4.500000000000003,3.0000000000000013,0.3,16.91693937672349
4518,90.6,4.500000000000003,3.0000000000000013,0.4,16.842501947724102
4519,90.5,4.500000000000003,3.0000000000000013,0.5,16.77267322310615
4520,90.4,4.500000000000003,3.0000000000000013,0.6,16.708104388828332
4521,90.3,4.500000000000003,3.0000000000000013,0.7000000000000001,16.64937122073284
4522,90.8,4.600000000000003,3.0000000000000013,0.1,16.94197934341904
4523,90.7,4.600000000000003,3.0000000000000013,0.2,16.86347988881964
4524,90.6,4.600000000000003,3.0000000000000013,0.3,16.78870420673667
4525,90.5,4.600000000000003,3.0000000000000013,0.4,16.718377330062292
4526,90.4,4.600000000000003,3.0000000000000013,0.5,16.653163682071632
4527,90.3,4.600000000000003,3.0000000000000013,0.6,16.593656643624733
4528,90.2,4.600000000000003,3.0000000000000013,0.7000000000000001,16.540369721020177
4529,90.7,4.700000000000003,3.0000000000000013,0.1,16.815598113108706
4530,90.6,4.700000000000003,3.0000000000000013,0.2,16.740501653438674
4531,90.5,4.700000000000003,3.0000000000000013,0.3,16.66967761052564
4532,90.4,4.700000000000003,3.0000000000000013,0.4,16.603801484251434
4533,90.3,4.700000000000003,3.0000000000000013,0.5,16.543482369603403
4534,90.2,4.700000000000003,3.0000000000000013,0.6,16.48925365885146
4535,90.1,4.700000000000003,3.0000000000000013,0.7000000000000001,16.441565418816467
4536,90.6,4.8000000000000025,3.0000000000000013,0.1,16.698374063707988
4537,90.5,4.8000000000000025,3.0000000000000013,0.2,16.6270724931275
4538,90.4,4.8000000000000025,3.0000000000000013,0.3,16.560534973325346
4539,90.3,4.8000000000000025,3.0000000000000013,0.4,16.49938422532771
4540,90.2,4.8000000000000025,3.0000000000000013,0.5,16.444171740063805
4541,90.1,4.8000000000000025,3.0000000000000013,0.6,16.395369642745163
4542,90.0,4.8000000000000025,3.0000000000000013,0.7000000000000001,16.353364282409668
4543,90.5,4.900000000000003,3.0000000000000013,0.1,16.590973338447668
4544,90.4,4.900000000000003,3.0000000000000013,0.2,16.523796527817755
4545,90.3,4.900000000000003,3.0000000000000013,0.3,16.461815841762213
4546,90.2,4.900000000000003,3.0000000000000013,0.4,16.405598857087856
4547,90.1,4.900000000000003,3.0000000000000013,0.5,16.355638073125427
4548,90.0,4.900000000000003,3.0000000000000013,0.6,16.312343946275398
4549,89.89999999999999,4.900000000000003,3.0000000000000013,0.7000000000000001,16.27603967615851
4550,90.4,5.000000000000004,3.0000000000000013,0.1,16.493926575459767
4551,90.3,5.000000000000004,3.0000000000000013,0.2,16.43114090151578
4552,90.2,5.000000000000004,3.0000000000000013,0.3,16.373922321574554
4553,90.1,5.000000000000004,3.0000000000000013,0.4,16.322781772833046
4554,90.0,5.000000000000004,3.0000000000000013,0.5,16.278152235778393
4555,89.9,5.000000000000004,3.0000000000000013,0.6,16.24038292856386
4556,89.8,5.000000000000004,3.0000000000000013,0.7000000000000001,16.209735256948367
4557,90.3,5.100000000000003,3.0000000000000013,0.1,16.407627347316552
4558,90.2,5.100000000000003,3.0000000000000013,0.2,16.349435421696732
4559,90.1,5.100000000000003,3.0000000000000013,0.3,16.29711988931699
4560,89.99999999999999,5.100000000000003,3.0000000000000013,0.4,16.251134394911467
4561,89.89999999999999,5.100000000000003,3.0000000000000013,0.5,16.211852689503154
4562,89.8,5.100000000000003,3.0000000000000013,0.6,16.179563957286554
4563,89.69999999999999,5.100000000000003,3.0000000000000013,0.7000000000000001,16.15446988106906
4564,90.2,5.200000000000003,3.0000000000000013,0.1,16.33233301260366
4565,90.1,5.200000000000003,3.0000000000000013,0.2,16.278874550115216
4566,90.0,5.200000000000003,3.0000000000000013,0.3,16.231540475455407
4567,89.89999999999999,5.200000000000003,3.0000000000000013,0.4,16.190727287789038
4568,89.8,5.200000000000003,3.0000000000000013,0.5,16.156750557167474
4569,89.7,5.200000000000003,3.0000000000000013,0.6,16.1298413412165
4570,89.6,5.200000000000003,3.0000000000000013,0.7000000000000001,16.110144304245495
4571,90.1,5.300000000000003,3.0000000000000013,0.1,16.26816783763334
4572,90.0,5.300000000000003,3.0000000000000013,0.2,16.21952157950757
4573,89.9,5.300000000000003,3.0000000000000013,0.3,16.177187631930217
4574,89.8,5.300000000000003,3.0000000000000013,0.4,16.14150623887505
4575,89.7,5.300000000000003,3.0000000000000013,0.5,16.112736527821184
4576,89.60000000000001,5.300000000000003,3.0000000000000013,0.6,16.091053960017955
4577,89.5,5.300000000000003,3.0000000000000013,0.7000000000000001,16.076549429983082
4578,90.0,5.400000000000004,3.0000000000000013,0.1,16.215128202016416
4579,89.89999999999999,5.400000000000004,3.0000000000000013,0.2,16.171314789821327
4580,89.8,5.400000000000004,3.0000000000000013,0.3,16.13394356031518
4581,89.69999999999999,5.400000000000004,3.0000000000000013,0.4,16.103300068535837
4582,89.6,5.400000000000004,3.0000000000000013,0.5,16.079589349122358
4583,89.5,5.400000000000004,3.0000000000000013,0.6,16.062934332434132
4584,89.39999999999999,5.400000000000004,3.0000000000000013,0.7000000000000001,16.053375841934503
4585,89.9,5.500000000000004,3.0000000000000013,0.1,16.17308966475391
4586,89.8,5.500000000000004,3.0000000000000013,0.2,16.13407534447742
4587,89.7,5.500000000000004,3.0000000000000013,0.3,16.101577747740084
4588,89.6,5.500000000000004,3.0000000000000013,0.4,16.075829906114528
4589,89.5,5.500000000000004,3.0000000000000013,0.5,16.05698563695314
4590,89.4,5.500000000000004,3.0000000000000013,0.6,16.045118848295672
4591,89.3,5.500000000000004,3.0000000000000013,0.7000000000000001,16.040224344686358
4592,93.8,1.5,3.1000000000000014,0.1,19.61460025447115
4593,93.7,1.5,3.1000000000000014,0.2,19.648920835369363
4594,93.6,1.5,3.1000000000000014,0.3,19.67597041055792
4595,93.5,1.5,3.1000000000000014,0.4,19.69537345090503
4596,93.4,1.5,3.1000000000000014,0.5,19.706842814083583
4597,93.3,1.5,3.1000000000000014,0.6,19.710186136931434
4598,93.2,1.5,3.1000000000000014,0.7000000000000001,19.705310402358094
4599,93.70000000000002,1.6,3.1000000000000014,0.1,19.66732844102519
4600,93.6,1.6,3.1000000000000014,0.2,19.69775304303333
4601,93.5,1.6,3.1000000000000014,0.3,19.720489276535965
4602,93.4,1.6,3.1000000000000014,0.4,19.735204082417546
4603,93.3,1.6,3.1000000000000014,0.5,19.741659285365312
4604,93.20000000000002,1.6,3.1000000000000014,0.6,19.739717138641115
4605,93.1,1.6,3.1000000000000014,0.7000000000000001,19.729343900038813
4606,93.6,1.7000000000000002,3.1000000000000014,0.1,19.711909660256698
4607,93.5,1.7000000000000002,3.1000000000000014,0.2,19.737918382074923
4608,93.4,1.7000000000000002,3.1000000000000014,0.3,19.755857140911825
4609,93.29999999999998,1.7000000000000002,3.1000000000000014,0.4,19.765441831133952
4610,93.2,1.7000000000000002,3.1000000000000014,0.5,19.76648919704769
4611,93.1,1.7000000000000002,3.1000000000000014,0.6,19.758921400047804
4612,93.0,1.7000000000000002,3.1000000000000014,0.7000000000000001,19.742768487786797
4613,93.5,1.8000000000000005,3.1000000000000014,0.1,19.74741027017398
4614,93.4,1.8000000000000005,3.1000000000000014,0.2,19.768508350085362
4615,93.3,1.8000000000000005,3.1000000000000014,0.3,19.781197862908723
4616,93.2,1.8000000000000005,3.1000000000000014,0.4,19.785249816624844
4617,93.1,1.8000000000000005,3.1000000000000014,0.5,19.78054137988398
4618,93.0,1.8000000000000005,3.1000000000000014,0.6,19.767059349750113
4619,92.9,1.8000000000000005,3.1000000000000014,0.7000000000000001,19.74490140961712
4620,93.4,1.9000000000000004,3.1000000000000014,0.1,19.772958431955946
4621,93.3,1.9000000000000004,3.1000000000000014,0.2,19.7886852937518
4622,93.2,1.9000000000000004,3.1000000000000014,0.3,19.795714904266944
4623,93.1,1.9000000000000004,3.1000000000000014,0.4,19.793879092418834
4624,93.0,1.9000000000000004,3.1000000000000014,0.5,19.783120384148546
4625,92.9,1.9000000000000004,3.1000000000000014,0.6,19.76349426017523
4626,92.8,1.9000000000000004,3.1000000000000014,0.7000000000000001,19.735169112307634
4627,93.3,2.0000000000000004,3.1000000000000014,0.1,19.78776143916685
4628,93.2,2.0000000000000004,3.1000000000000014,0.2,19.79769950460333
4629,93.1,2.0000000000000004,3.1000000000000014,0.3,19.798708035799283
4630,93.0,2.0000000000000004,3.1000000000000014,0.4,19.79068481137146
4631,92.9,2.0000000000000004,3.1000000000000014,0.5,19.773641958574082
4632,92.8,2.0000000000000004,3.1000000000000014,0.6,19.74770690448161
4633,92.7,2.0000000000000004,3.1000000000000014,0.7000000000000001,19.713120956982205
4634,93.20000000000002,2.1000000000000005,3.1000000000000014,0.1,19.79112236779634
4635,93.1,2.1000000000000005,3.1000000000000014,0.2,19.794905425909544
4636,93.0,2.1000000000000005,3.1000000000000014,0.3,19.789588948907625
4637,92.9,2.1000000000000005,3.1000000000000014,0.4,19.775141096673437
4638,92.8,2.1000000000000005,3.1000000000000014,0.5,19.751647045765477
4639,92.70000000000002,2.1000000000000005,3.1000000000000014,0.6,19.719308554042325
4640,92.6,2.1000000000000005,3.1000000000000014,0.7000000000000001,19.678441111490176
4641,93.1,2.2000000000000006,3.1000000000000014,0.1,19.782455638500153
4642,93.0,2.2000000000000006,3.1000000000000014,0.2,19.779776565442756
4643,92.9,2.2000000000000006,3.1000000000000014,0.3,19.767895374436986
4644,92.79999999999998,2.2000000000000006,3.1000000000000014,0.4,19.746854232790913
4645,92.7,2.2000000000000006,3.1000000000000014,0.5,19.716813924380908
4646,92.6,2.2000000000000006,3.1000000000000014,0.6,19.67805196661898
4647,92.5,2.2000000000000006,3.1000000000000014,0.7000000000000001,19.630958296990443
4648,93.0,2.3000000000000007,3.1000000000000014,0.1,19.76130109423768
4649,92.9,2.3000000000000007,3.1000000000000014,0.2,19.751918726842764
4650,92.8,2.3000000000000007,3.1000000000000014,0.3,19.73330333539106
4651,92.7,2.3000000000000007,3.1000000000000014,0.4,19.70557382070171
4652,92.6,2.3000000000000007,3.1000000000000014,0.5,19.66896816405984
4653,92.5,2.3000000000000007,3.1000000000000014,0.6,19.6238400562368
4654,92.4,2.3000000000000007,3.1000000000000014,0.7000000000000001,19.5706531077617
4655,92.9,2.400000000000001,3.1000000000000014,0.1,19.727336220429123
4656,92.8,2.400000000000001,3.1000000000000014,0.2,19.71108120233389
4657,92.7,2.400000000000001,3.1000000000000014,0.3,19.68563719589407
4658,92.6,2.400000000000001,3.1000000000000014,0.4,19.651201583158535
4659,92.5,2.400000000000001,3.1000000000000014,0.5,19.60809010550809
4660,92.4,2.400000000000001,3.1000000000000014,0.6,19.55673198673031
4661,92.3,2.400000000000001,3.1000000000000014,0.7000000000000001,19.497662678135594
4662,92.8,2.500000000000001,3.1000000000000014,0.1,19.680386170378867
4663,92.7,2.500000000000001,3.1000000000000014,0.2,19.657165610907455
4664,92.6,2.500000000000001,3.1000000000000014,0.3,19.624877215506434
4665,92.5,2.500000000000001,3.1000000000000014,0.4,19.58379755731392
4666,92.4,2.500000000000001,3.1000000000000014,0.5,19.534319634065618
4667,92.3,2.500000000000001,3.1000000000000014,0.6,19.476946490512546
4668,92.2,2.500000000000001,3.1000000000000014,0.7000000000000001,19.4122825329938
4669,92.70000000000002,2.600000000000001,3.1000000000000014,0.1,19.620431305192415
4670,92.6,2.600000000000001,3.1000000000000014,0.2,19.590232117740857
4671,92.5,2.600000000000001,3.1000000000000014,0.3,19.551164374325456
4672,92.4,2.600000000000001,3.1000000000000014,0.4,19.503583472430293
4673,92.3,2.600000000000001,3.1000000000000014,0.5,19.447958078863827
4674,92.20000000000002,2.600000000000001,3.1000000000000014,0.6,19.384862280560842
4675,92.1,2.600000000000001,3.1000000000000014,0.7000000000000001,19.3149655265942
4676,92.6,2.700000000000001,3.1000000000000014,0.1,19.547612013498252
4677,92.5,2.700000000000001,3.1000000000000014,0.2,19.51050283112815
4678,92.4,2.700000000000001,3.1000000000000014,0.3,19.46480229859625
4679,92.29999999999998,2.700000000000001,3.1000000000000014,0.4,19.410943177784358
4680,92.2,2.700000000000001,3.1000000000000014,0.5,19.34946713940008
4681,92.1,2.700000000000001,3.1000000000000014,0.6,19.281015494873834
4682,92.0,2.700000000000001,3.1000000000000014,0.7000000000000001,19.20631784647987
4683,92.5,2.800000000000001,3.1000000000000014,0.1,19.462230640352963
4684,92.4,2.800000000000001,3.1000000000000014,0.2,19.41836224075387
4685,92.3,2.800000000000001,3.1000000000000014,0.3,19.36625618688402
4686,92.2,2.800000000000001,3.1000000000000014,0.4,19.306420058194224
4687,92.1,2.800000000000001,3.1000000000000014,0.5,19.23946481485971
4688,92.0,2.800000000000001,3.1000000000000014,0.6,19.16609418651463
4689,91.9,2.800000000000001,3.1000000000000014,0.7000000000000001,19.087092132615116
4690,92.4,2.900000000000001,3.1000000000000014,0.1,19.364750424824965
4691,92.3,2.900000000000001,3.1000000000000014,0.2,19.31435463368685
4692,92.2,2.900000000000001,3.1000000000000014,0.3,19.256148711040233
4693,92.1,2.900000000000001,3.1000000000000014,0.4,19.19071144959383
4694,92.0,2.900000000000001,3.1000000000000014,0.5,19.118718386493192
4695,91.9,2.900000000000001,3.1000000000000014,0.6,19.040929946482116
4696,91.8,2.900000000000001,3.1000000000000014,0.7000000000000001,18.958177834366474
4697,92.3,3.0000000000000013,3.1000000000000014,0.1,19.255791419753294
4698,92.2,3.0000000000000013,3.1000000000000014,0.2,19.19917849973974
4699,92.1,3.0000000000000013,3.1000000000000014,0.3,19.135252941903456
4700,92.0,3.0000000000000013,3.1000000000000014,0.4,19.064660142389418
4701,91.9,3.0000000000000013,3.1000000000000014,0.5,18.988134577437016
4702,91.8,3.0000000000000013,3.1000000000000014,0.6,18.906486818705236
4703,91.7,3.0000000000000013,3.1000000000000014,0.7000000000000001,18.820588997214212
4704,92.20000000000002,3.1000000000000014,3.1000000000000014,0.1,19.136123442738032
4705,92.1,3.1000000000000014,3.1000000000000014,0.2,19.073678013460416
4706,92.0,3.1000000000000014,3.1000000000000014,0.3,19.004482424519274
4707,91.9,3.1000000000000014,3.1000000000000014,0.4,18.92924313357331
4708,91.8,3.1000000000000014,3.1000000000000014,0.5,18.848747085213624
4709,91.70000000000002,3.1000000000000014,3.1000000000000014,0.6,18.763847734163214
4710,91.6,3.1000000000000014,3.1000000000000014,0.7000000000000001,18.675449734970876
4711,92.1,3.200000000000001,3.1000000000000014,0.1,19.006656182151882
4712,92.0,3.200000000000001,3.1000000000000014,0.2,18.938831753603782
4713,91.9,3.200000000000001,3.1000000000000014,0.3,18.864878599278082
4714,91.79999999999998,3.200000000000001,3.1000000000000014,0.4,18.78555785743799
4715,91.7,3.200000000000001,3.1000000000000014,0.5,18.701701747537832
4716,91.6,3.200000000000001,3.1000000000000014,0.6,18.614198752391296
4717,91.5,3.200000000000001,3.1000000000000014,0.7000000000000001,18.523977699828343
4718,92.0,3.3000000000000016,3.1000000000000014,0.1,18.86842665350853
4719,91.9,3.3000000000000016,3.1000000000000014,0.2,18.79573889015792
4720,91.8,3.3000000000000016,3.1000000000000014,0.3,18.717595831511602
4721,91.7,3.3000000000000016,3.1000000000000014,0.4,18.634806187082905
4722,91.6,3.3000000000000016,3.1000000000000014,0.5,18.54823965997676
4723,91.5,3.3000000000000016,3.1000000000000014,0.6,18.45881145157059
4724,91.4,3.3000000000000016,3.1000000000000014,0.7000000000000001,18.36746591005265
4725,91.9,3.4000000000000017,3.1000000000000014,0.1,18.722584267637888
4726,91.8,3.4000000000000017,3.1000000000000014,0.2,18.645603131712807
4727,91.7,3.4000000000000017,3.1000000000000014,0.3,18.563884370716732
4728,91.6,3.4000000000000017,3.1000000000000014,0.4,18.478276552835784
4729,91.5,3.4000000000000017,3.1000000000000014,0.5,18.389678612717884
4730,91.4,3.4000000000000017,3.1000000000000014,0.6,18.299023851455697
4731,91.3,3.4000000000000017,3.1000000000000014,0.7000000000000001,18.207263332231626
4732,91.8,3.5000000000000018,3.1000000000000014,0.1,18.570373830762897
4733,91.7,3.5000000000000018,3.1000000000000014,0.2,18.48971478024884
4734,91.6,3.5000000000000018,3.1000000000000014,0.3,18.405071609925535
4735,91.5,3.5000000000000018,3.1000000000000014,0.4,18.3173245676289
4736,91.4,3.5000000000000018,3.1000000000000014,0.5,18.227393251789113
4737,91.3,3.5000000000000018,3.1000000000000014,0.6,18.13622028536962
4738,91.2,3.5000000000000018,3.1000000000000014,0.7000000000000001,18.044754640660113
4739,91.7,3.600000000000002,3.1000000000000014,0.1,18.413116845979374
4740,91.59999999999998,3.600000000000002,3.1000000000000014,0.2,18.32943128468118
4741,91.5,3.600000000000002,3.1000000000000014,0.3,18.24254205439034
4742,91.39999999999998,3.600000000000002,3.1000000000000014,0.4,18.153352582047887
4743,91.29999999999998,3.600000000000002,3.1000000000000014,0.5,18.06279439652844
4744,91.2,3.600000000000002,3.1000000000000014,0.6,17.971810657579187
4745,91.09999999999998,3.600000000000002,3.1000000000000014,0.7000000000000001,17.881339590134218
4746,91.6,3.700000000000002,3.1000000000000014,0.1,18.252191524384564
4747,91.5,3.700000000000002,3.1000000000000014,0.2,18.166156717487546
4748,91.4,3.700000000000002,3.1000000000000014,0.3,18.077716435662765
4749,91.29999999999998,3.700000000000002,3.1000000000000014,0.4,17.987788612384335
4750,91.2,3.700000000000002,3.1000000000000014,0.5,17.89730795930785
4751,91.1,3.700000000000002,3.1000000000000014,0.6,17.80720953017153
4752,91.0,3.700000000000002,3.1000000000000014,0.7000000000000001,17.718412439949336
4753,91.5,3.800000000000002,3.1000000000000014,0.1,18.089011941139418
4754,91.4,3.800000000000002,3.1000000000000014,0.2,18.00132061963155
4755,91.3,3.800000000000002,3.1000000000000014,0.3,17.91203042169713
4756,91.2,3.800000000000002,3.1000000000000014,0.4,17.822065093166692
4757,91.1,3.800000000000002,3.1000000000000014,0.5,17.7323539152931
4758,91.0,3.800000000000002,3.1000000000000014,0.6,17.643815479113282
4759,90.9,3.800000000000002,3.1000000000000014,0.7000000000000001,17.5573418564914
4760,91.4,3.900000000000002,3.1000000000000014,0.1,17.92500678645468
4761,91.3,3.900000000000002,3.1000000000000014,0.2,17.83635666736493
4762,91.2,3.900000000000002,3.1000000000000014,0.3,17.746913375605374
4763,91.1,3.900000000000002,3.1000000000000014,0.4,17.657597901343493
4764,91.0,3.900000000000002,3.1000000000000014,0.5,17.569325759605498
4765,90.9,3.900000000000002,3.1000000000000014,0.6,17.482991142924135
4766,90.8,3.900000000000002,3.1000000000000014,0.7000000000000001,17.3994517001076
4767,91.3,4.000000000000002,3.1000000000000014,0.1,17.7615981636653
4768,91.2,4.000000000000002,3.1000000000000014,0.2,17.672681610359792
4769,91.1,4.000000000000002,3.1000000000000014,0.3,17.583767605362947
4770,91.0,4.000000000000002,3.1000000000000014,0.4,17.495766082982826
4771,90.9,4.000000000000002,3.1000000000000014,0.5,17.40957086727056
4772,90.8,4.000000000000002,3.1000000000000014,0.6,17.326044360152054
4773,90.7,4.000000000000002,3.1000000000000014,0.7000000000000001,17.246003069917283
4774,91.2,4.100000000000002,3.1000000000000014,0.1,17.600180876419582
4775,91.09999999999998,4.100000000000002,3.1000000000000014,0.2,17.511674914421462
4776,91.0,4.100000000000002,3.1000000000000014,0.3,17.423948524745047
4777,90.89999999999998,4.100000000000002,3.1000000000000014,0.4,17.337892685851475
4778,90.79999999999998,4.100000000000002,3.1000000000000014,0.5,17.25437213878982
4779,90.7,4.100000000000002,3.1000000000000014,0.6,17.17421075474566
4780,90.59999999999998,4.100000000000002,3.1000000000000014,0.7000000000000001,17.098177939163246
4781,91.1,4.200000000000003,3.1000000000000014,0.1,17.442102625183935
4782,91.0,4.200000000000003,3.1000000000000014,0.2,17.354659514577925
4783,90.9,4.200000000000003,3.1000000000000014,0.3,17.268746113053158
4784,90.79999999999998,4.200000000000003,3.1000000000000014,0.4,17.18522706370764
4785,90.7,4.200000000000003,3.1000000000000014,0.5,17.104931272357202
4786,90.6,4.200000000000003,3.1000000000000014,0.6,17.028638082910167
4787,90.5,4.200000000000003,3.1000000000000014,0.7000000000000001,16.957064665139352
4788,91.0,4.3000000000000025,3.1000000000000014,0.1,17.288645500738646
4789,90.9,4.3000000000000025,3.1000000000000014,0.2,17.202884046788842
4790,90.8,4.3000000000000025,3.1000000000000014,0.3,17.119368019086433
4791,90.7,4.3000000000000025,3.1000000000000014,0.4,17.03892897202492
4792,90.6,4.3000000000000025,3.1000000000000014,0.5,16.962353954220184
4793,90.5,4.3000000000000025,3.1000000000000014,0.6,16.89037260275643
4794,90.4,4.3000000000000025,3.1000000000000014,0.7000000000000001,16.823645603374644
4795,90.9,4.400000000000002,3.1000000000000014,0.1,17.141009120416168
4796,90.8,4.400000000000002,3.1000000000000014,0.2,17.057506880315568
4797,90.7,4.400000000000002,3.1000000000000014,0.3,16.976924604888353
4798,90.6,4.400000000000002,3.1000000000000014,0.4,16.90005472183569
4799,90.5,4.400000000000002,3.1000000000000014,0.5,16.82763720320621
4800,90.4,4.400000000000002,3.1000000000000014,0.6,16.760347670806222
4801,90.3,4.400000000000002,3.1000000000000014,0.7000000000000001,16.698786997443534
4802,90.8,4.500000000000003,3.1000000000000014,0.1,17.00029570307341
4803,90.7,4.500000000000003,3.1000000000000014,0.2,16.91958221960932
4804,90.6,4.500000000000003,3.1000000000000014,0.3,16.842416168815287
4805,90.5,4.500000000000003,3.1000000000000014,0.4,16.769545600258773
4806,90.4,4.500000000000003,3.1000000000000014,0.5,16.70165904585959
4807,90.3,4.500000000000003,3.1000000000000014,0.6,16.63937470908835
4808,90.2,4.500000000000003,3.1000000000000014,0.7000000000000001,16.583231255376177
4809,90.7,4.600000000000003,3.1000000000000014,0.1,16.86749732294421
4810,90.59999999999998,4.600000000000003,3.1000000000000014,0.2,16.79004848623996
4811,90.5,4.600000000000003,3.1000000000000014,0.3,16.716722527312196
4812,90.39999999999998,4.600000000000003,3.1000000000000014,0.4,16.648218704972948
4813,90.29999999999998,4.600000000000003,3.1000000000000014,0.5,16.585170636882406
4814,90.2,4.600000000000003,3.1000000000000014,0.6,16.52813662504259
4815,90.09999999999998,4.600000000000003,3.1000000000000014,0.7000000000000001,16.477591663026125
4816,90.6,4.700000000000003,3.1000000000000014,0.1,16.743485522461718
4817,90.5,4.700000000000003,3.1000000000000014,0.2,16.669719129814872
4818,90.4,4.700000000000003,3.1000000000000014,0.3,16.600595072370247
4819,90.29999999999998,4.700000000000003,3.1000000000000014,0.4,16.536760277338313
4820,90.2,4.700000000000003,3.1000000000000014,0.5,16.478790877537254
4821,90.1,4.700000000000003,3.1000000000000014,0.6,16.427183705590114
4822,89.99999999999999,4.700000000000003,3.1000000000000014,0.7000000000000001,16.382349525686248
4823,90.5,4.8000000000000025,3.1000000000000014,0.1,16.629003401800066
4824,90.4,4.8000000000000025,3.1000000000000014,0.2,16.55927595395668
4825,90.3,4.8000000000000025,3.1000000000000014,0.3,16.494651358899382
4826,90.2,4.8000000000000025,3.1000000000000014,0.4,16.435721556924335
4827,90.1,4.8000000000000025,3.1000000000000014,0.5,16.383003524165588
4828,90.0,4.8000000000000025,3.1000000000000014,0.6,16.33693194826405
4829,89.89999999999999,4.8000000000000025,3.1000000000000014,0.7000000000000001,16.297853673365626
4830,90.4,4.900000000000003,3.1000000000000014,0.1,16.524660240167364
4831,90.3,4.900000000000003,3.1000000000000014,0.2,16.459264981105065
4832,90.2,4.900000000000003,3.1000000000000014,0.3,16.399372215003982
4833,90.1,4.900000000000003,3.1000000000000014,0.4,16.34551712064211
4834,90.0,4.900000000000003,3.1000000000000014,0.5,16.298156721678616
4835,89.9,4.900000000000003,3.1000000000000014,0.6,16.257663737790004
4836,89.8,4.900000000000003,3.1000000000000014,0.7000000000000001,16.22432221390264
4837,90.3,5.000000000000004,3.1000000000000014,0.1,16.430928642620014
4838,90.2,5.000000000000004,3.1000000000000014,0.2,16.370094819947354
4839,90.1,5.000000000000004,3.1000000000000014,0.3,16.315101310096757
4840,90.0,5.000000000000004,3.1000000000000014,0.4,16.26642561409375
4841,89.9,5.000000000000004,3.1000000000000014,0.5,16.22446484427074
4842,89.80000000000001,5.000000000000004,3.1000000000000014,0.6,16.189530727329405
4843,89.7,5.000000000000004,3.1000000000000014,0.7000000000000001,16.161846372718585
4844,90.2,5.100000000000003,3.1000000000000014,0.1,16.348144148050416
4845,90.09999999999998,5.100000000000003,3.1000000000000014,0.2,16.292037443275206
4846,89.99999999999999,5.100000000000003,3.1000000000000014,0.3,16.242047062429354
4847,89.89999999999998,5.100000000000003,3.1000000000000014,0.4,16.198592732533008
4848,89.79999999999998,5.100000000000003,3.1000000000000014,0.5,16.16201247895313
4849,89.69999999999999,5.100000000000003,3.1000000000000014,0.6,16.132558740865747
4850,89.59999999999998,5.100000000000003,3.1000000000000014,0.7000000000000001,16.11039621948804
4851,90.1,5.200000000000003,3.1000000000000014,0.1,16.27650718053225
4852,89.99999999999999,5.200000000000003,3.1000000000000014,0.2,16.225231233407044
4853,89.89999999999999,5.200000000000003,3.1000000000000014,0.3,16.180286720233447
4854,89.79999999999998,5.200000000000003,3.1000000000000014,0.4,16.14203626512422
4855,89.69999999999999,5.200000000000003,3.1000000000000014,0.5,16.11076034780612
4856,89.6,5.200000000000003,3.1000000000000014,0.6,16.08665447778481
4857,89.49999999999999,5.200000000000003,3.1000000000000014,0.7000000000000001,16.069828051022117
4858,90.0,5.300000000000003,3.1000000000000014,0.1,16.216087178669998
4859,89.89999999999999,5.300000000000003,3.1000000000000014,0.2,16.169686108161404
4860,89.8,5.300000000000003,3.1000000000000014,0.3,16.129772410275166
4861,89.69999999999999,5.300000000000003,3.1000000000000014,0.4,16.096652979865908
4862,89.6,5.300000000000003,3.1000000000000014,0.5,16.070552932836268
4863,89.5,5.300000000000003,3.1000000000000014,0.6,16.051613773151153
4864,89.39999999999999,5.300000000000003,3.1000000000000014,0.7000000000000001,16.039893176655717
4865,89.9,5.400000000000004,3.1000000000000014,0.1,16.166828697013525
4866,89.8,5.400000000000004,3.1000000000000014,0.2,16.12529050360567
4867,89.7,5.400000000000004,3.1000000000000014,0.3,16.09033891497218
4868,89.6,5.400000000000004,3.1000000000000014,0.4,16.06222709821221
4869,89.5,5.400000000000004,3.1000000000000014,0.5,16.041127543444357
4870,89.4,5.400000000000004,3.1000000000000014,0.6,16.027131147815368
4871,89.3,5.400000000000004,3.1000000000000014,0.7000000000000001,16.020247837555537
4872,89.80000000000001,5.500000000000004,3.1000000000000014,0.1,16.128559240718563
4873,89.7,5.500000000000004,3.1000000000000014,0.2,16.091819961043345
4874,89.60000000000001,5.500000000000004,3.1000000000000014,0.3,16.061712914769128
4875,89.5,5.500000000000004,3.1000000000000014,0.4,16.038440088390594
4876,89.4,5.500000000000004,3.1000000000000014,0.5,16.022124550931952
4877,89.30000000000001,5.500000000000004,3.1000000000000014,0.6,16.01281037132525
4878,89.2,5.500000000000004,3.1000000000000014,0.7000000000000001,16.010463984509716
4879,93.7,1.5,3.200000000000001,0.1,19.659171350369654
4880,93.6,1.5,3.200000000000001,0.2,19.690241627976757
4881,93.5,1.5,3.200000000000001,0.3,19.713717944058875
4882,93.4,1.5,3.200000000000001,0.4,19.729263098045074
4883,93.3,1.5,3.200000000000001,0.5,19.736633265799135
4884,93.2,1.5,3.200000000000001,0.6,19.73568359475563
4885,93.1,1.5,3.200000000000001,0.7000000000000001,19.726371864196718
4886,93.6,1.6,3.200000000000001,0.1,19.708353531137004
4887,93.5,1.6,3.200000000000001,0.2,19.735191932041634
4888,93.4,1.6,3.200000000000001,0.3,19.75404103343346
4889,93.3,1.6,3.200000000000001,0.4,19.764610657627106
4890,93.2,1.6,3.200000000000001,0.5,19.766710105305567
4891,93.1,1.6,3.200000000000001,0.6,19.760252807094332
4892,93.0,1.6,3.200000000000001,0.7000000000000001,19.74525890852806
4893,93.5,1.7000000000000002,3.200000000000001,0.1,19.748849802042766
4894,93.4,1.7000000000000002,3.200000000000001,0.2,19.770952474361685
4895,93.3,1.7000000000000002,3.200000000000001,0.3,19.784711010428357
4896,93.2,1.7000000000000002,3.200000000000001,0.4,19.789888504438863
4897,93.1,1.7000000000000002,3.200000000000001,0.5,19.78635301256948
4898,93.0,1.7000000000000002,3.200000000000001,0.6,19.77408113739751
4899,92.9,1.7000000000000002,3.200000000000001,0.7000000000000001,19.753159430450843
4900,93.4,1.8000000000000005,3.200000000000001,0.1,19.779749654957627
4901,93.3,1.8000000000000005,3.200000000000001,0.2,19.796643381239576
4902,93.2,1.8000000000000005,3.200000000000001,0.3,19.804885694749572
4903,93.1,1.8000000000000005,3.200000000000001,0.4,19.80429880095761
4904,93.0,1.8000000000000005,3.200000000000001,0.5,19.794814611875534
4905,92.9,1.8000000000000005,3.200000000000001,0.6,19.77647715006336
4906,92.8,1.8000000000000005,3.200000000000001,0.7000000000000001,19.749442674954327
4907,93.3,1.9000000000000004,3.200000000000001,0.1,19.800213530526555
4908,93.2,1.9000000000000004,3.200000000000001,0.2,19.811464641273535
4909,93.1,1.9000000000000004,3.200000000000001,0.3,19.813811292097984
4910,93.0,1.9000000000000004,3.200000000000001,0.4,19.807140102454614
4911,92.9,1.9000000000000004,3.200000000000001,0.5,19.791451290742597
4912,92.8,1.9000000000000004,3.200000000000001,0.6,19.7668597978147
4913,92.7,1.9000000000000004,3.200000000000001,0.7000000000000001,19.73359405915847
4914,93.2,2.0000000000000004,3.200000000000001,0.1,19.809489910479723
4915,93.1,2.0000000000000004,3.200000000000001,0.2,19.814712839642326
4916,93.0,2.0000000000000004,3.200000000000001,0.3,19.810838616395
4917,92.9,2.0000000000000004,3.200000000000001,0.4,19.797822919047505
4918,92.8,2.0000000000000004,3.200000000000001,0.5,19.77573796257262
4919,92.7,2.0000000000000004,3.200000000000001,0.6,19.74477225737201
4920,92.6,2.0000000000000004,3.200000000000001,0.7000000000000001,19.705227967599846
4921,93.1,2.1000000000000005,3.200000000000001,0.1,19.806931516999676
4922,93.0,2.1000000000000005,3.200000000000001,0.2,19.805796791268783
4923,92.9,2.1000000000000005,3.200000000000001,0.3,19.795438008845036
4924,92.8,2.1000000000000005,3.200000000000001,0.4,19.7758837820298
4925,92.7,2.1000000000000005,3.200000000000001,0.5,19.747281153686504
4926,92.6,2.1000000000000005,3.200000000000001,0.6,19.70989392523889
4927,92.5,2.1000000000000005,3.200000000000001,0.7000000000000001,19.664098561599737
4928,93.0,2.2000000000000006,3.200000000000001,0.1,19.792010214494606
4929,92.9,2.2000000000000006,3.200000000000001,0.2,19.78425167519103
4930,92.8,2.2000000000000006,3.200000000000001,0.3,19.767212567436328
4931,92.7,2.2000000000000006,3.200000000000001,0.4,19.740997443497122
4932,92.6,2.2000000000000006,3.200000000000001,0.5,19.705830063091046
4933,92.5,2.2000000000000006,3.200000000000001,0.6,19.66205024485055
4934,92.4,2.2000000000000006,3.200000000000001,0.7000000000000001,19.610108300052172
4935,92.9,2.3000000000000007,3.200000000000001,0.1,19.764330227352
4936,92.8,2.3000000000000007,3.200000000000001,0.2,19.74975129685365
4937,92.7,2.3000000000000007,3.200000000000001,0.3,19.725909330847415
4938,92.6,2.3000000000000007,3.200000000000001,0.4,19.692986874352094
4939,92.5,2.3000000000000007,3.200000000000001,0.5,19.651285284690577
4940,92.4,2.3000000000000007,3.200000000000001,0.6,19.601220082527743
4941,92.3,2.3000000000000007,3.200000000000001,0.7000000000000001,19.54331391941573
4942,92.8,2.400000000000001,3.200000000000001,0.1,19.723639317424453
4943,92.7,2.400000000000001,3.200000000000001,0.2,19.70211814111566
4944,92.6,2.400000000000001,3.200000000000001,0.3,19.671428102394554
4945,92.5,2.400000000000001,3.200000000000001,0.4,19.631830772595
4946,92.4,2.400000000000001,3.200000000000001,0.5,19.583704933118447
4947,92.3,2.400000000000001,3.200000000000001,0.6,19.527540425174717
4948,92.2,2.400000000000001,3.200000000000001,0.7000000000000001,19.463929679552322
4949,92.7,2.500000000000001,3.200000000000001,0.1,19.669837606490535
4950,92.6,2.500000000000001,3.200000000000001,0.2,19.641330925697183
4951,92.5,2.500000000000001,3.200000000000001,0.3,19.60382765155326
4952,92.4,2.500000000000001,3.200000000000001,0.4,19.55766835012372
4953,92.3,2.500000000000001,3.200000000000001,0.5,19.50330797446534
4954,92.2,2.500000000000001,3.200000000000001,0.6,19.44130823584643
4955,92.1,2.500000000000001,3.200000000000001,0.7000000000000001,19.37232774757861
4956,92.6,2.600000000000001,3.200000000000001,0.1,19.60298378067299
4957,92.5,2.600000000000001,3.200000000000001,0.2,19.567529421282323
4958,92.4,2.600000000000001,3.200000000000001,0.3,19.523329091253064
4959,92.3,2.600000000000001,3.200000000000001,0.4,19.470801230440827
4960,92.2,2.600000000000001,3.200000000000001,0.5,19.41047463013757
4961,92.1,2.600000000000001,3.200000000000001,0.6,19.34297937227656
4962,92.0,2.600000000000001,3.200000000000001,0.7000000000000001,19.269035662071563
4963,92.5,2.700000000000001,3.200000000000001,0.1,19.5232984743298
4964,92.4,2.700000000000001,3.200000000000001,0.2,19.481016368922823
4965,92.3,2.700000000000001,3.200000000000001,0.3,19.430316296778546
4966,92.2,2.700000000000001,3.200000000000001,0.4,19.371692359757418
4967,92.1,2.700000000000001,3.200000000000001,0.5,19.305743793837138
4968,92.0,2.700000000000001,3.200000000000001,0.6,19.23316454606693
4969,91.9,2.700000000000001,3.200000000000001,0.7000000000000001,19.154730892605045
4970,92.4,2.800000000000001,3.200000000000001,0.1,19.431164698465036
4971,92.3,2.800000000000001,3.200000000000001,0.2,19.382256395801935
4972,92.2,2.800000000000001,3.200000000000001,0.3,19.325333304639784
4973,92.1,2.800000000000001,3.200000000000001,0.4,19.260961907822278
4974,92.0,2.800000000000001,3.200000000000001,0.5,19.189807475975236
4975,91.9,2.800000000000001,3.200000000000001,0.6,19.11262237420812
4976,91.8,2.800000000000001,3.200000000000001,0.7000000000000001,19.030232582397872
4977,92.3,2.900000000000001,3.200000000000001,0.1,19.32712525116998
4978,92.2,2.900000000000001,3.200000000000001,0.2,19.271871904639625
4979,92.1,2.900000000000001,3.200000000000001,0.3,19.209078704937266
4980,92.0,2.900000000000001,3.200000000000001,0.4,19.13938021007194
4981,91.9,2.900000000000001,3.200000000000001,0.5,19.063502364367526
4982,91.8,2.900000000000001,3.200000000000001,0.6,18.982249647592774
4983,91.7,2.900000000000001,3.200000000000001,0.7000000000000001,18.896490632523196
4984,92.2,3.0000000000000013,3.200000000000001,0.1,19.211877122738606
4985,92.1,3.0000000000000013,3.200000000000001,0.2,19.150635987718154
4986,92.0,3.0000000000000013,3.200000000000001,0.3,19.082397116170853
4987,91.9,3.0000000000000013,3.200000000000001,0.4,19.007857877013073
4988,91.8,3.0000000000000013,3.200000000000001,0.5,18.927798662456905
4989,91.7,3.0000000000000013,3.200000000000001,0.6,18.843069010893046
4990,91.6,3.0000000000000013,3.200000000000001,0.7000000000000001,18.754572352439627
4991,92.1,3.1000000000000014,3.200000000000001,0.1,19.08626298353645
4992,92.0,3.1000000000000014,3.200000000000001,0.2,19.019462491291186
4993,91.9,3.1000000000000014,3.200000000000001,0.3,18.94626790474441
4994,91.8,3.1000000000000014,3.200000000000001,0.4,18.86743326776812
4995,91.7,3.1000000000000014,3.200000000000001,0.5,18.7837864342895
4996,91.6,3.1000000000000014,3.200000000000001,0.6,18.696214312417816
4997,91.5,3.1000000000000014,3.200000000000001,0.7000000000000001,18.605646961495193
4998,92.0,3.200000000000001,3.200000000000001,0.1,18.951259916055395
4999,91.9,3.200000000000001,3.200000000000001,0.2,18.879393427646804
5000,91.8,3.200000000000001,3.200000000000001,0.3,18.801791380291608
5001,91.7,3.200000000000001,3.200000000000001,0.4,18.71925759021406
5002,91.6,3.200000000000001,3.200000000000001,0.5,18.63265974691712
5003,91.5,3.200000000000001,3.200000000000001,0.6,18.542913939366272
5004,91.4,3.200000000000001,3.200000000000001,0.7000000000000001,18.450968277700234
5005,91.9,3.3000000000000016,3.200000000000001,0.1,18.807965621548334
5006,91.8,3.3000000000000016,3.200000000000001,0.2,18.731583998088
5007,91.7,3.3000000000000016,3.200000000000001,0.3,18.650172760251223
5008,91.6,3.3000000000000016,3.200000000000001,0.4,18.564577948103626
5009,91.5,3.3000000000000016,3.200000000000001,0.5,18.475698953945102
5010,91.4,3.3000000000000016,3.200000000000001,0.6,18.384472501544746
5011,91.3,3.3000000000000016,3.200000000000001,0.7000000000000001,18.29185597194792
5012,91.8,3.4000000000000017,3.200000000000001,0.1,18.65758239406346
5013,91.7,3.4000000000000017,3.200000000000001,0.2,18.57728554853777
5014,91.6,3.4000000000000017,3.200000000000001,0.3,18.492704250954194
5015,91.5,3.4000000000000017,3.200000000000001,0.4,18.404718704239965
5016,91.4,3.4000000000000017,3.200000000000001,0.5,18.31425150702313
5017,91.3,3.4000000000000017,3.200000000000001,0.6,18.22225126374861
5018,91.2,3.4000000000000017,3.200000000000001,0.7000000000000001,18.129675796813917
5019,91.7,3.5000000000000018,3.200000000000001,0.1,18.50139920868473
5020,91.6,3.5000000000000018,3.200000000000001,0.2,18.417826828614764
5021,91.5,3.5000000000000018,3.200000000000001,0.3,18.330745636264183
5022,91.4,3.5000000000000018,3.200000000000001,0.4,18.241061566777496
5023,91.3,3.5000000000000018,3.200000000000001,0.5,18.149711713992986
5024,91.2,3.5000000000000018,3.200000000000001,0.6,18.057647752638033
5025,91.1,3.5000000000000018,3.200000000000001,0.7000000000000001,17.965819218317435
5026,91.6,3.600000000000002,3.200000000000001,0.1,18.34077231474011
5027,91.5,3.600000000000002,3.200000000000001,0.2,18.254593963446784
5028,91.4,3.600000000000002,3.200000000000001,0.3,18.16570379731595
5029,91.29999999999998,3.600000000000002,3.200000000000001,0.4,18.075024832032636
5030,91.2,3.600000000000002,3.200000000000001,0.5,17.98349988235774
5031,91.1,3.600000000000002,3.200000000000001,0.6,17.892074977475097
5032,91.0,3.600000000000002,3.200000000000001,0.7000000000000001,17.801682886213154
5033,91.5,3.700000000000002,3.200000000000001,0.1,18.177104757438027
5034,91.4,3.700000000000002,3.200000000000001,0.2,18.089009574163054
5035,91.3,3.700000000000002,3.200000000000001,0.3,17.99901160730771
5036,91.2,3.700000000000002,3.200000000000001,0.4,17.90804223120521
5037,91.1,3.700000000000002,3.200000000000001,0.5,17.81704129434302
5038,91.0,3.700000000000002,3.200000000000001,0.6,17.72694070537956
5039,90.9,3.700000000000002,3.200000000000001,0.7000000000000001,17.63864837355369
5040,91.4,3.800000000000002,3.200000000000001,0.1,18.011825272006487
5041,91.3,3.800000000000002,3.200000000000001,0.2,17.922511497324436
5042,91.2,3.800000000000002,3.200000000000001,0.3,17.83210665322834
5043,91.1,3.800000000000002,3.200000000000001,0.4,17.74154182996115
5044,91.0,3.800000000000002,3.200000000000001,0.5,17.651745455125056
5045,90.9,3.800000000000002,3.200000000000001,0.6,17.56362722104815
5046,90.8,3.800000000000002,3.200000000000001,0.7000000000000001,17.478062599866945
5047,91.3,3.900000000000002,3.200000000000001,0.1,17.846367002542777
5048,91.2,3.900000000000002,3.200000000000001,0.2,17.75653155532687
5049,91.1,3.900000000000002,3.200000000000001,0.3,17.66641023187292
5050,91.0,3.900000000000002,3.200000000000001,0.4,17.576925419158133
5051,90.9,3.900000000000002,3.200000000000001,0.5,17.488986039249017
5052,90.8,3.900000000000002,3.200000000000001,0.6,17.403471978812043
5053,90.7,3.900000000000002,3.200000000000001,0.7000000000000001,17.321219325147084
5054,91.2,4.000000000000002,3.200000000000001,0.1,17.682146493455882
5055,91.1,4.000000000000002,3.200000000000001,0.2,17.592474819287837
5056,91.0,4.000000000000002,3.200000000000001,0.3,17.503307050967532
5057,90.9,4.000000000000002,3.200000000000001,0.4,17.415548812745804
5058,90.8,4.000000000000002,3.200000000000001,0.5,17.33008193268511
5059,90.7,4.000000000000002,3.200000000000001,0.6,17.247749522472557
5060,90.6,4.000000000000002,3.200000000000001,0.7000000000000001,17.169342065106875
5061,91.1,4.100000000000002,3.200000000000001,0.1,17.520543385038565
5062,91.0,4.100000000000002,3.200000000000001,0.2,17.431699783738374
5063,90.9,4.100000000000002,3.200000000000001,0.3,17.344126038512805
5064,90.79999999999998,4.100000000000002,3.200000000000001,0.4,17.258703436051753
5065,90.7,4.100000000000002,3.200000000000001,0.5,17.176279730529743
5066,90.6,4.100000000000002,3.200000000000001,0.6,17.09765500685774
5067,90.5,4.100000000000002,3.200000000000001,0.7000000000000001,17.02356873320227
5068,91.0,4.200000000000003,3.200000000000001,0.1,17.3628812171646
5069,90.9,4.200000000000003,3.200000000000001,0.2,17.275499839594325
5070,90.8,4.200000000000003,3.200000000000001,0.3,17.190122625736695
5071,90.7,4.200000000000003,3.200000000000001,0.4,17.107599545585288
5072,90.6,4.200000000000003,3.200000000000001,0.5,17.028738004498837
5073,90.5,4.200000000000003,3.200000000000001,0.6,16.954289606032297
5074,90.4,4.200000000000003,3.200000000000001,0.7000000000000001,16.88493826344483
5075,90.9,4.3000000000000025,3.200000000000001,0.1,17.210409707526697
5076,90.8,4.3000000000000025,3.200000000000001,0.2,17.125086389689383
5077,90.7,4.3000000000000025,3.200000000000001,0.3,17.042462822771657
5078,90.6,4.3000000000000025,3.200000000000001,0.4,16.96335137172393
5079,90.5,4.3000000000000025,3.200000000000001,0.5,16.888513601743433
5080,90.4,4.3000000000000025,3.200000000000001,0.6,16.818648038299248
5081,90.3,4.3000000000000025,3.200000000000001,0.7000000000000001,16.754379411745358
5082,90.8,4.400000000000002,3.200000000000001,0.1,17.064288824662835
5083,90.7,4.400000000000002,3.200000000000001,0.2,16.9815739011894
5084,90.6,4.400000000000002,3.200000000000001,0.3,16.902209353016097
5085,90.5,4.400000000000002,3.200000000000001,0.4,16.82696441994955
5086,90.4,4.400000000000002,3.200000000000001,0.5,16.756550178954438
5087,90.3,4.400000000000002,3.200000000000001,0.6,16.691608379403895
5088,90.2,4.400000000000002,3.200000000000001,0.7000000000000001,16.63270187433448
5089,90.7,4.500000000000003,3.200000000000001,0.1,16.925574922931013
5090,90.6,4.500000000000003,3.200000000000001,0.2,16.845967133233877
5091,90.5,4.500000000000003,3.200000000000001,0.3,16.770310053934587
5092,90.4,4.500000000000003,3.200000000000001,0.4,16.699325106543014
5093,90.3,4.500000000000003,3.200000000000001,0.5,16.633669115111932
5094,90.2,4.500000000000003,3.200000000000001,0.6,16.573924274576694
5095,90.1,4.500000000000003,3.200000000000001,0.7000000000000001,16.520589801549587
5096,90.6,4.600000000000003,3.200000000000001,0.1,16.79520914841022
5097,90.5,4.600000000000003,3.200000000000001,0.2,16.71915071804835
5098,90.4,4.600000000000003,3.200000000000001,0.3,16.64758869070659
5099,90.29999999999998,4.600000000000003,3.200000000000001,0.4,16.58119284275371
5100,90.2,4.600000000000003,3.200000000000001,0.5,16.52056288447836
5101,90.1,4.600000000000003,3.200000000000001,0.6,16.466219599102974
5102,89.99999999999999,4.600000000000003,3.200000000000001,0.7000000000000001,16.418597725775175
5103,90.5,4.700000000000003,3.200000000000001,0.1,16.67400826333956
5104,90.4,4.700000000000003,3.200000000000001,0.2,16.60188121146751
5105,90.3,4.700000000000003,3.200000000000001,0.3,16.534738266579204
5106,90.2,4.700000000000003,3.200000000000001,0.4,16.473194619330236
5107,90.1,4.700000000000003,3.200000000000001,0.5,16.417790910388113
5108,90.0,4.700000000000003,3.200000000000001,0.6,16.368985557769328
5109,89.89999999999999,4.700000000000003,3.200000000000001,0.7000000000000001,16.32714886527055
5110,90.4,4.8000000000000025,3.200000000000001,0.1,16.56265797408007
5111,90.3,4.8000000000000025,3.200000000000001,0.2,16.4947816662177
5112,90.2,4.8000000000000025,3.200000000000001,0.3,16.432316851886373
5113,90.1,4.8000000000000025,3.200000000000001,0.4,16.375822082748616
5114,90.0,4.8000000000000025,3.200000000000001,0.5,16.32577786178906
5115,89.9,4.8000000000000025,3.200000000000001,0.6,16.282580157451
5116,89.8,4.8000000000000025,3.200000000000001,0.7000000000000001,16.24653571255176
5117,90.3,4.900000000000003,3.200000000000001,0.1,16.461708785571936
5118,90.2,4.900000000000003,3.200000000000001,0.2,16.39833872025246
5119,90.1,4.900000000000003,3.200000000000001,0.3,16.340745894227542
5120,89.99999999999999,4.900000000000003,3.200000000000001,0.4,16.28943103718165
5121,89.89999999999999,4.900000000000003,3.200000000000001,0.5,16.244814299914115
5122,89.8,4.900000000000003,3.200000000000001,0.6,16.20722993573023
5123,89.69999999999999,4.900000000000003,3.200000000000001,0.7000000000000001,16.1769227682374
5124,90.2,5.000000000000004,3.200000000000001,0.1,16.371574345621514
5125,90.1,5.000000000000004,3.200000000000001,0.2,16.31290213460441
5126,90.0,5.000000000000004,3.200000000000001,0.3,16.260310916846745
5127,89.89999999999999,5.000000000000004,3.200000000000001,0.4,16.214243253697866
5128,89.8,5.000000000000004,3.200000000000001,0.5,16.175059533269298
5129,89.7,5.000000000000004,3.200000000000001,0.6,16.143033782998035
5130,89.6,5.000000000000004,3.200000000000001,0.7000000000000001,16.118351239908513
5131,90.1,5.100000000000003,3.200000000000001,0.1,16.292532186686618
5132,89.99999999999999,5.100000000000003,3.200000000000001,0.2,16.238686662109075
5133,89.89999999999999,5.100000000000003,3.200000000000001,0.3,16.19116446220039
5134,89.79999999999998,5.100000000000003,3.200000000000001,0.4,16.150350421623
5135,89.69999999999999,5.100000000000003,3.200000000000001,0.5,16.11654649643397
5136,89.6,5.100000000000003,3.200000000000001,0.6,16.08996865696781
5137,89.49999999999999,5.100000000000003,3.200000000000001,0.7000000000000001,16.070745491393495
5138,90.0,5.200000000000003,3.200000000000001,0.1,16.224726722522277
5139,89.89999999999999,5.200000000000003,3.200000000000001,0.2,16.175776081238112
5140,89.8,5.200000000000003,3.200000000000001,0.3,16.133331094189295
5141,89.69999999999999,5.200000000000003,3.200000000000001,0.4,16.09772003743478
5142,89.6,5.200000000000003,3.200000000000001,0.5,16.0691884328348
5143,89.5,5.200000000000003,3.200000000000001,0.6,16.047896957617713
5144,89.39999999999999,5.200000000000003,3.200000000000001,0.7000000000000001,16.03392100151905
5145,89.9,5.300000000000003,3.200000000000001,0.1,16.168174313245437
5146,89.8,5.300000000000003,3.200000000000001,0.2,16.124129189164783
5147,89.7,5.300000000000003,3.200000000000001,0.3,16.086714236425852
5148,89.6,5.300000000000003,3.200000000000001,0.4,16.05620299471929
5149,89.5,5.300000000000003,3.200000000000001,0.5,16.03278713424716
5150,89.4,5.300000000000003,3.200000000000001,0.6,16.016575307701885
5151,89.3,5.300000000000003,3.200000000000001,0.7000000000000001,16.007593573039486
5152,89.8,5.400000000000004,3.200000000000001,0.1,16.1227701759564
5153,89.69999999999999,5.400000000000004,3.200000000000001,0.2,16.083587515807633
5154,89.6,5.400000000000004,3.200000000000001,0.3,16.051104595802112
5155,89.49999999999999,5.400000000000004,3.200000000000001,0.4,16.025542615033576
5156,89.39999999999999,5.400000000000004,3.200000000000001,0.5,16.00704247058893
5157,89.3,5.400000000000004,3.200000000000001,0.6,15.995664469273507
5158,89.19999999999999,5.400000000000004,3.200000000000001,0.7000000000000001,15.991389522172007
5159,89.7,5.500000000000004,3.200000000000001,0.1,16.088296889612444
5160,89.6,5.500000000000004,3.200000000000001,0.2,16.053884496413488
5161,89.5,5.500000000000004,3.200000000000001,0.3,16.02618990082354
5162,89.39999999999999,5.500000000000004,3.200000000000001,0.4,16.005384844153685
5163,89.3,5.500000000000004,3.200000000000001,0.5,15.991562932618661
5164,89.2,5.500000000000004,3.200000000000001,0.6,15.98474012002419
5165,89.1,5.500000000000004,3.200000000000001,0.7000000000000001,15.984856576675654
5166,93.6,1.5,3.3000000000000016,0.1,19.697629995358653
5167,93.5,1.5,3.3000000000000016,0.2,19.725147900363638
5168,93.4,1.5,3.3000000000000016,0.3,19.744783398710677
5169,93.3,1.5,3.3000000000000016,0.4,19.75624168912629
5170,93.2,1.5,3.3000000000000016,0.5,19.759325772521432
5171,93.1,1.5,3.3000000000000016,0.6,19.753941165733185
5172,93.0,1.5,3.3000000000000016,0.7000000000000001,19.740098586174707
5173,93.5,1.6,3.3000000000000016,0.1,19.742847201459245
5174,93.4,1.6,3.3000000000000016,0.2,19.76581751092168
5175,93.3,1.6,3.3000000000000016,0.3,19.7805361323359
5176,93.2,1.6,3.3000000000000016,0.4,19.78675955072796
5177,93.1,1.6,3.3000000000000016,0.5,19.784347684193403
5178,93.0,1.6,3.3000000000000016,0.6,19.773267565651988
5179,92.9,1.6,3.3000000000000016,0.7000000000000001,19.753594877363586
5180,93.4,1.7000000000000002,3.3000000000000016,0.1,19.778869690641436
5181,93.3,1.7000000000000002,3.3000000000000016,0.2,19.796809161574956
5182,93.2,1.7000000000000002,3.3000000000000016,0.3,19.806172691997826
5183,93.1,1.7000000000000002,3.3000000000000016,0.4,19.80677399495557
5184,93.0,1.7000000000000002,3.3000000000000016,0.5,19.79853514607689
5185,92.9,1.7000000000000002,3.3000000000000016,0.6,19.78148911796008
5186,92.8,1.7000000000000002,3.3000000000000016,0.7000000000000001,19.755780067786155
5187,93.3,1.8000000000000005,3.3000000000000016,0.1,19.804817120104545
5188,93.2,1.8000000000000005,3.3000000000000016,0.2,19.81727848525544
5189,93.1,1.8000000000000005,3.3000000000000016,0.3,19.820891503829607
5190,93.0,1.8000000000000005,3.3000000000000016,0.4,19.815532565408624
5191,92.9,1.8000000000000005,3.3000000000000016,0.5,19.80119053506687
5192,92.8,1.8000000000000005,3.3000000000000016,0.6,19.777968037320157
5193,92.7,1.8000000000000005,3.3000000000000016,0.7000000000000001,19.74608041514997
5194,93.2,1.9000000000000004,3.3000000000000016,0.1,19.819888976239113
5195,93.1,1.9000000000000004,3.3000000000000016,0.2,19.82646962901295
5196,93.0,1.9000000000000004,3.3000000000000016,0.3,19.823987707782628
5197,92.9,1.9000000000000004,3.3000000000000016,0.4,19.812387111034507
5198,92.8,1.9000000000000004,3.3000000000000016,0.5,19.79172740342183
5199,92.7,1.9000000000000004,3.3000000000000016,0.6,19.762183761227558
5200,92.6,1.9000000000000004,3.3000000000000016,0.7000000000000001,19.724044538589038
5201,93.1,2.0000000000000004,3.3000000000000016,0.1,19.82338127403627
5202,93.0,2.0000000000000004,3.3000000000000016,0.2,19.823731472361946
5203,92.9,2.0000000000000004,3.3000000000000016,0.3,19.814868744581723
5204,92.8,2.0000000000000004,3.3000000000000016,0.4,19.796808599437504
5205,92.7,2.0000000000000004,3.3000000000000016,0.5,19.769684387103826
5206,92.6,2.0000000000000004,3.3000000000000016,0.6,19.733745835601013
5207,92.5,2.0000000000000004,3.3000000000000016,0.7000000000000001,19.68935517955596
5208,93.0,2.1000000000000005,3.3000000000000016,0.1,19.81470215322845
5209,92.9,2.1000000000000005,3.3000000000000016,0.2,19.80853253833172
5210,92.8,2.1000000000000005,3.3000000000000016,0.3,19.79306844011659
5211,92.7,2.1000000000000005,3.3000000000000016,0.4,19.768400244369868
5212,92.6,2.1000000000000005,3.3000000000000016,0.5,19.73473726009263
5213,92.5,2.1000000000000005,3.3000000000000016,0.6,19.692404795922155
5214,92.4,2.1000000000000005,3.3000000000000016,0.7000000000000001,19.64183882798902
5215,92.9,2.2000000000000006,3.3000000000000016,0.1,19.793385974932967
5216,92.8,2.2000000000000006,3.3000000000000016,0.2,19.780474211582693
5217,92.7,2.2000000000000006,3.3000000000000016,0.3,19.758259216415794
5218,92.6,2.2000000000000006,3.3000000000000016,0.4,19.72690859531014
5219,92.5,2.2000000000000006,3.3000000000000016,0.5,19.68670880500901
5220,92.4,2.2000000000000006,3.3000000000000016,0.6,19.638060739974573
5221,92.3,2.2000000000000006,3.3000000000000016,0.7000000000000001,19.581472938352963
5222,92.8,2.3000000000000007,3.3000000000000016,0.1,19.759105547104017
5223,92.7,2.3000000000000007,3.3000000000000016,0.2,19.739301908506285
5224,92.6,2.3000000000000007,3.3000000000000016,0.3,19.710262094659665
5225,92.5,2.3000000000000007,3.3000000000000016,0.4,19.672232278728398
5226,92.4,2.3000000000000007,3.3000000000000016,0.5,19.625576216991714
5227,92.3,2.3000000000000007,3.3000000000000016,0.6,19.57076933920252
5228,92.2,2.3000000000000007,3.3000000000000016,0.7000000000000001,19.508390514851126
5229,92.7,2.400000000000001,3.3000000000000016,0.1,19.71168214327905
5230,92.6,2.400000000000001,3.3000000000000016,0.2,19.684913886046104
5231,92.5,2.400000000000001,3.3000000000000016,0.3,19.649054202741357
5232,92.4,2.400000000000001,3.3000000000000016,0.4,19.60442813241923
5233,92.3,2.400000000000001,3.3000000000000016,0.5,19.551475813693365
5234,92.2,2.400000000000001,3.3000000000000016,0.6,19.490745095107766
5235,92.1,2.400000000000001,3.3000000000000016,0.7000000000000001,19.422881907264514
5236,92.6,2.500000000000001,3.3000000000000016,0.1,19.651093026064185
5237,92.5,2.500000000000001,3.3000000000000016,0.2,19.61736742798395
5238,92.4,2.500000000000001,3.3000000000000016,0.3,19.574773556400284
5239,92.3,2.500000000000001,3.3000000000000016,0.4,19.52371453468755
5240,92.2,2.500000000000001,3.3000000000000016,0.5,19.46470488786366
5241,92.1,2.500000000000001,3.3000000000000016,0.6,19.398361713160934
5242,92.0,2.500000000000001,3.3000000000000016,0.7000000000000001,19.325393726606283
5243,92.5,2.600000000000001,3.3000000000000016,0.1,19.577476243265448
5244,92.4,2.600000000000001,3.3000000000000016,0.2,19.53688220815618
5245,92.3,2.600000000000001,3.3000000000000016,0.3,19.487720947286178
5246,92.2,2.600000000000001,3.3000000000000016,0.4,19.430471797402095
5247,92.1,2.600000000000001,3.3000000000000016,0.5,19.36572060834712
5248,92.0,2.600000000000001,3.3000000000000016,0.6,19.29414953739325
5249,91.9,2.600000000000001,3.3000000000000016,0.7000000000000001,19.216524860984606
5250,92.4,2.700000000000001,3.3000000000000016,0.1,19.49113252889769
5251,92.3,2.700000000000001,3.3000000000000016,0.2,19.44384069770083
5252,92.2,2.700000000000001,3.3000000000000016,0.3,19.388358841518258
5253,92.1,2.700000000000001,3.3000000000000016,0.4,19.325239563923937
5254,92.0,2.700000000000001,3.3000000000000016,0.5,19.25513594828746
5255,91.9,2.700000000000001,3.3000000000000016,0.6,19.178790061944348
5256,91.8,2.700000000000001,3.3000000000000016,0.7000000000000001,19.097019644503774
5257,92.3,2.800000000000001,3.3000000000000016,0.1,19.39252421154769
5258,92.2,2.800000000000001,3.3000000000000016,0.2,19.338785555909645
5259,92.1,2.800000000000001,3.3000000000000016,0.3,19.277307266206485
5260,92.0,2.800000000000001,3.3000000000000016,0.4,19.208711227423443
5261,91.9,2.800000000000001,3.3000000000000016,0.5,19.133712693605915
5262,91.8,2.800000000000001,3.3000000000000016,0.6,19.05310760906492
5263,91.7,2.800000000000001,3.3000000000000016,0.7000000000000001,18.96775830341144
5264,92.2,2.900000000000001,3.3000000000000016,0.1,19.28227110655551
5265,92.1,2.900000000000001,3.3000000000000016,0.2,19.222414019307706
5266,92.0,2.900000000000001,3.3000000000000016,0.3,19.155336736679487
5267,91.9,2.900000000000001,3.3000000000000016,0.4,19.081725459767835
5268,91.8,2.900000000000001,3.3000000000000016,0.5,19.00235165805978
5269,91.7,2.900000000000001,3.3000000000000016,0.6,18.918058334093995
5270,91.6,2.900000000000001,3.3000000000000016,0.7000000000000001,18.829744871764696
5271,92.1,3.0000000000000013,3.3000000000000016,0.1,19.16114344388493
5272,92.0,3.0000000000000013,3.3000000000000016,0.2,19.095569378841404
5273,91.9,3.0000000000000013,3.3000000000000016,0.3,19.023358351436027
5274,91.8,3.0000000000000013,3.3000000000000016,0.4,18.945255013632426
5275,91.7,3.0000000000000013,3.3000000000000016,0.5,18.862080301077743
5276,91.6,3.0000000000000013,3.3000000000000016,0.6,18.774716784514144
5277,91.5,3.0000000000000013,3.3000000000000016,0.7000000000000001,18.68409283151021
5278,92.0,3.1000000000000014,3.3000000000000016,0.1,19.030051957998406
5279,91.9,3.1000000000000014,3.3000000000000016,0.2,18.95922970814343
5280,91.8,3.1000000000000014,3.3000000000000016,0.3,18.882411252761603
5281,91.7,3.1000000000000014,3.3000000000000016,0.4,18.80039302848305
5282,91.6,3.1000000000000014,3.3000000000000016,0.5,18.71403800892252
5283,91.5,3.1000000000000014,3.3000000000000016,0.6,18.62426030026667
5284,91.4,3.1000000000000014,3.3000000000000016,0.7000000000000001,18.532008787122923
5285,91.9,3.200000000000001,3.3000000000000016,0.1,18.89003533718365
5286,91.8,3.200000000000001,3.3000000000000016,0.2,18.814494074462868
5287,91.7,3.200000000000001,3.3000000000000016,0.3,18.733647716308145
5288,91.6,3.200000000000001,3.3000000000000016,0.4,18.648337132480435
5289,91.5,3.200000000000001,3.3000000000000016,0.5,18.55945935656926
5290,91.4,3.200000000000001,3.3000000000000016,0.6,18.46795159425234
5291,91.3,3.200000000000001,3.3000000000000016,0.7000000000000001,18.37477453117323
5292,91.8,3.3000000000000016,3.3000000000000016,0.1,18.742245295373333
5293,91.7,3.3000000000000016,3.3000000000000016,0.2,18.662566525867177
5294,91.6,3.3000000000000016,3.3000000000000016,0.3,18.578316190710954
5295,91.5,3.3000000000000016,3.3000000000000016,0.4,18.490371685304076
5296,91.4,3.3000000000000016,3.3000000000000016,0.5,18.399655715304615
5297,91.3,3.3000000000000016,3.3000000000000016,0.6,18.307119893835523
5298,91.2,3.3000000000000016,3.3000000000000016,0.7000000000000001,18.21372789306682
5299,91.7,3.4000000000000017,3.3000000000000016,0.1,18.587929587535193
5300,91.6,3.4000000000000017,3.3000000000000016,0.2,18.50473820185289
5301,91.5,3.4000000000000017,3.3000000000000016,0.3,18.41774265678267
5302,91.4,3.4000000000000017,3.3000000000000016,0.4,18.327848549823894
5303,91.3,3.4000000000000017,3.3000000000000016,0.5,18.23599560808527
5304,91.2,3.4000000000000017,3.3000000000000016,0.6,18.143141055046023
5305,91.1,3.4000000000000017,3.3000000000000016,0.7000000000000001,18.050242787776
5306,91.6,3.5000000000000018,3.3000000000000016,0.1,18.42841333844747
5307,91.5,3.5000000000000018,3.3000000000000016,0.2,18.342367957970694
5308,91.4,3.5000000000000018,3.3000000000000016,0.3,18.253310713586142
5309,91.3,3.5000000000000018,3.3000000000000016,0.4,18.16216681227516
5310,91.2,3.5000000000000018,3.3000000000000016,0.5,18.069884240160622
5311,91.1,3.5000000000000018,3.3000000000000016,0.6,17.977417080267948
5312,91.0,3.5000000000000018,3.3000000000000016,0.7000000000000001,17.88570889410847
5313,91.5,3.600000000000002,3.3000000000000016,0.1,18.265079092715673
5314,91.4,3.600000000000002,3.3000000000000016,0.2,18.17686192726706
5315,91.3,3.600000000000002,3.3000000000000016,0.3,18.086440824746724
5316,91.2,3.600000000000002,3.3000000000000016,0.4,17.994751890321613
5317,91.1,3.600000000000002,3.3000000000000016,0.5,17.90274264579056
5318,91.0,3.600000000000002,3.3000000000000016,0.6,17.811355477165737
5319,90.9,3.600000000000002,3.3000000000000016,0.7000000000000001,17.721511392797787
5320,91.4,3.700000000000002,3.3000000000000016,0.1,18.09934602021532
5321,91.3,3.700000000000002,3.3000000000000016,0.2,18.00965246146802
5322,91.2,3.700000000000002,3.3000000000000016,0.3,17.91856917212719
5323,91.1,3.700000000000002,3.3000000000000016,0.4,17.827034475755003
5324,91.0,3.700000000000002,3.3000000000000016,0.5,17.735986892925453
5325,90.9,3.700000000000002,3.3000000000000016,0.6,17.646348891483015
5326,90.8,3.700000000000002,3.3000000000000016,0.7000000000000001,17.559011183717626
5327,91.3,3.800000000000002,3.3000000000000016,0.1,17.93264872516667
5328,91.2,3.800000000000002,3.3000000000000016,0.2,17.84217690249536
5329,91.1,3.800000000000002,3.3000000000000016,0.3,17.751126565292854
5330,91.0,3.800000000000002,3.3000000000000016,0.4,17.660429753629796
5331,90.9,3.800000000000002,3.3000000000000016,0.5,17.57100777672084
5332,90.8,3.800000000000002,3.3000000000000016,0.6,17.48375542962394
5333,90.7,3.800000000000002,3.3000000000000016,0.7000000000000001,17.399525979465217
5334,91.2,3.900000000000002,3.3000000000000016,0.1,17.766416108586387
5335,91.1,3.900000000000002,3.3000000000000016,0.2,17.675856630157302
5336,91.0,3.900000000000002,3.3000000000000016,0.3,17.585517844298508
5337,90.9,3.900000000000002,3.3000000000000016,0.4,17.49631732282763
5338,90.8,3.900000000000002,3.3000000000000016,0.5,17.409151410390063
5339,90.7,3.900000000000002,3.3000000000000016,0.6,17.324880059419684
5340,90.6,3.900000000000002,3.3000000000000016,0.7000000000000001,17.244312640421057
5341,91.1,4.000000000000002,3.3000000000000016,0.1,17.60205072316601
5342,91.0,4.000000000000002,3.3000000000000016,0.2,17.512076815150184
5343,90.9,4.000000000000002,3.3000000000000016,0.3,17.423102190881888
5344,90.8,4.000000000000002,3.3000000000000016,0.4,17.33602221522809
5345,90.7,4.000000000000002,3.3000000000000016,0.5,17.251701089160818
5346,90.6,4.000000000000002,3.3000000000000016,0.6,17.170957440354655
5347,90.5,4.000000000000002,3.3000000000000016,0.7000000000000001,17.094551075463897
5348,91.0,4.100000000000002,3.3000000000000016,0.1,17.44090903734528
5349,90.9,4.100000000000002,3.3000000000000016,0.2,17.352167278678426
5350,90.8,4.100000000000002,3.3000000000000016,0.3,17.265174730166514
5351,90.7,4.100000000000002,3.3000000000000016,0.4,17.18079737300206
5352,90.6,4.100000000000002,3.3000000000000016,0.5,17.099860761310378
5353,90.5,4.100000000000002,3.3000000000000016,0.6,17.02313648921224
5354,90.4,4.100000000000002,3.3000000000000016,0.7000000000000001,16.951329984329284
5355,90.9,4.200000000000003,3.3000000000000016,0.1,17.284282992483295
5356,90.8,4.200000000000003,3.3000000000000016,0.2,17.197384822222563
5357,90.7,4.200000000000003,3.3000000000000016,0.3,17.112949762780886
5358,90.6,4.200000000000003,3.3000000000000016,0.4,17.03180789749351
5359,90.5,4.200000000000003,3.3000000000000016,0.5,16.95474039097061
5360,90.4,4.200000000000003,3.3000000000000016,0.6,16.882466935240977
5361,90.3,4.200000000000003,3.3000000000000016,0.7000000000000001,16.81563466385692
5362,90.8,4.3000000000000025,3.3000000000000016,0.1,17.13338319490192
5363,90.7,4.3000000000000025,3.3000000000000016,0.2,17.04889734471463
5364,90.6,4.3000000000000025,3.3000000000000016,0.3,16.967545917465703
5365,90.5,4.3000000000000025,3.3000000000000016,0.4,16.890117330387262
5366,90.4,4.3000000000000025,3.3000000000000016,0.5,16.817343442357576
5367,90.3,4.3000000000000025,3.3000000000000016,0.6,16.74988806233376
5368,90.2,4.3000000000000025,3.3000000000000016,0.7000000000000001,16.688337042888115
5369,90.7,4.400000000000002,3.3000000000000016,0.1,16.989324034753462
5370,90.6,4.400000000000002,3.3000000000000016,0.2,16.907770011292087
5371,90.5,4.400000000000002,3.3000000000000016,0.3,16.829973458526336
5372,90.4,4.400000000000002,3.3000000000000016,0.4,16.756676170189152
5373,90.3,4.400000000000002,3.3000000000000016,0.5,16.68855665615061
5374,90.2,4.400000000000002,3.3000000000000016,0.6,16.6262197762187
5375,90.1,4.400000000000002,3.3000000000000016,0.7000000000000001,16.57018805120725
5376,90.6,4.500000000000003,3.3000000000000016,0.1,16.85311096790434
5377,90.5,4.500000000000003,3.3000000000000016,0.2,16.77495367972549
5378,90.4,4.500000000000003,3.3000000000000016,0.3,16.70112392276687
5379,90.3,4.500000000000003,3.3000000000000016,0.4,16.632312766375055
5380,90.2,4.500000000000003,3.3000000000000016,0.5,16.56914222781706
5381,90.1,4.500000000000003,3.3000000000000016,0.6,16.5121560741573
5382,90.0,4.500000000000003,3.3000000000000016,0.7000000000000001,16.461812368501604
5383,90.5,4.600000000000003,3.3000000000000016,0.1,16.725630137204316
5384,90.4,4.600000000000003,3.3000000000000016,0.2,16.65127572945674
5385,90.3,4.600000000000003,3.3000000000000016,0.3,16.581762198738854
5386,90.2,4.600000000000003,3.3000000000000016,0.4,16.517726671800723
5387,90.1,4.600000000000003,3.3000000000000016,0.5,16.459732436628265
5388,90.0,4.600000000000003,3.3000000000000016,0.6,16.408260934954544
5389,89.89999999999999,4.600000000000003,3.3000000000000016,0.7000000000000001,16.363705541583517
5390,90.4,4.700000000000003,3.3000000000000016,0.1,16.607640447544668
5391,90.3,4.700000000000003,3.3000000000000016,0.2,16.53743337586961
5392,90.2,4.700000000000003,3.3000000000000016,0.3,16.47252109914725
5393,90.1,4.700000000000003,3.3000000000000016,0.4,16.413484472961233
5394,90.0,4.700000000000003,3.3000000000000016,0.5,16.360826714728038
5395,89.9,4.700000000000003,3.3000000000000016,0.6,16.314966589906227
5396,89.8,4.700000000000003,3.3000000000000016,0.7000000000000001,16.276233403683317
5397,90.3,4.8000000000000025,3.3000000000000016,0.1,16.49976814690262
5398,90.2,4.8000000000000025,3.3000000000000016,0.2,16.43398949080503
5399,90.1,4.8000000000000025,3.3000000000000016,0.3,16.373898416891915
5400,90.0,4.8000000000000025,3.3000000000000016,0.4,16.320018059184797
5401,89.9,4.8000000000000025,3.3000000000000016,0.5,16.27279108953989
5402,89.80000000000001,4.8000000000000025,3.3000000000000016,0.6,16.23257408218197
5403,89.7,4.8000000000000025,3.3000000000000016,0.7000000000000001,16.199633679891253
5404,90.2,4.900000000000003,3.3000000000000016,0.1,16.402503904935422
5405,90.1,4.900000000000003,3.3000000000000016,0.2,16.341370891184155
5406,90.0,4.900000000000003,3.3000000000000016,0.3,16.286256398154865
5407,89.89999999999999,4.900000000000003,3.3000000000000016,0.4,16.23762523740812
5408,89.8,4.900000000000003,3.3000000000000016,0.5,16.19585988149045
5409,89.7,4.900000000000003,3.3000000000000016,0.6,16.161255974390517
5410,89.6,4.900000000000003,3.3000000000000016,0.7000000000000001,16.134019618993616
5411,90.1,5.000000000000004,3.3000000000000016,0.1,16.316202323301333
5412,90.0,5.000000000000004,3.3000000000000016,0.2,16.259869002497645
5413,89.9,5.000000000000004,3.3000000000000016,0.3,16.209823513647716
5414,89.8,5.000000000000004,3.3000000000000016,0.4,16.16647255016981
5415,89.7,5.000000000000004,3.3000000000000016,0.5,16.130139493706757
5416,89.60000000000001,5.000000000000004,3.3000000000000016,0.6,16.101061022783618
5417,89.5,5.000000000000004,3.3000000000000016,0.7000000000000001,16.07938545494473
5418,90.0,5.100000000000003,3.3000000000000016,0.1,16.241083759232293
5419,89.89999999999999,5.100000000000003,3.3000000000000016,0.2,16.189642754230103
5420,89.8,5.100000000000003,3.3000000000000016,0.3,16.144698362860748
5421,89.69999999999999,5.100000000000003,3.3000000000000016,0.4,16.106600111983767
5422,89.6,5.100000000000003,3.3000000000000016,0.5,16.0756140919844
5423,89.5,5.100000000000003,3.3000000000000016,0.6,16.05192060254263
5424,89.39999999999999,5.100000000000003,3.3000000000000016,0.7000000000000001,16.035613471709752
5425,89.9,5.200000000000003,3.3000000000000016,0.1,16.177238297217112
5426,89.8,5.200000000000003,3.3000000000000016,0.2,16.130723521145676
5427,89.7,5.200000000000003,3.3000000000000016,0.3,16.090855506892176
5428,89.6,5.200000000000003,3.3000000000000016,0.4,16.057928244163488
5429,89.5,5.200000000000003,3.3000000000000016,0.5,16.032152942614978
5430,89.4,5.200000000000003,3.3000000000000016,0.6,16.01365664240012
5431,89.3,5.200000000000003,3.3000000000000016,0.7000000000000001,16.002482423592483
5432,89.80000000000001,5.300000000000003,3.3000000000000016,0.1,16.124631663977556
5433,89.7,5.300000000000003,3.3000000000000016,0.2,16.08302188862019
5434,89.60000000000001,5.300000000000003,3.3000000000000016,0.3,16.048152993899
5435,89.5,5.300000000000003,3.3000000000000016,0.4,16.02026566102132
5436,89.4,5.300000000000003,3.3000000000000016,0.5,15.999519153016893
5437,89.30000000000001,5.300000000000003,3.3000000000000016,0.6,15.9859908087395
5438,89.2,5.300000000000003,3.3000000000000016,0.7000000000000001,15.979677049543149
5439,89.7,5.400000000000004,3.3000000000000016,0.1,16.08311284995302
5440,89.6,5.400000000000004,3.3000000000000016,0.2,16.046335992449222
5441,89.5,5.400000000000004,3.3000000000000016,0.3,16.016341317828523
5442,89.39999999999999,5.400000000000004,3.3000000000000016,0.4,15.993318941447708
5443,89.3,5.400000000000004,3.3000000000000016,0.5,15.977379545669072
5444,89.2,5.400000000000004,3.3000000000000016,0.6,15.968554669281318
5445,89.1,5.400000000000004,3.3000000000000016,0.7000000000000001,15.966798414180579
5446,89.60000000000001,5.500000000000004,3.3000000000000016,0.1,16.052423176698074
5447,89.5,5.500000000000004,3.3000000000000016,0.2,16.020361164083088
5448,89.4,5.500000000000004,3.3000000000000016,0.3,15.995073536012143
5449,89.3,5.500000000000004,3.3000000000000016,0.4,15.976703009189897
5450,89.2,5.500000000000004,3.3000000000000016,0.5,15.965315389470426
5451,89.10000000000001,5.500000000000004,3.3000000000000016,0.6,15.960900564243454
5452,89.0,5.500000000000004,3.3000000000000016,0.7000000000000001,15.963374809978099
5453,93.5,1.5,3.4000000000000017,0.1,19.72953711176005
5454,93.4,1.5,3.4000000000000017,0.2,19.753232897695437
5455,93.3,1.5,3.4000000000000017,0.3,19.768796412541388
5456,93.2,1.5,3.4000000000000017,0.4,19.775978873620215
5457,93.1,1.5,3.4000000000000017,0.5,19.774633087901393
5458,93.0,1.5,3.4000000000000017,0.6,19.764717211198835
5459,92.9,1.5,3.4000000000000017,0.7000000000000001,19.74629640109227
5460,93.4,1.6,3.4000000000000017,0.1,19.770403411898332
5461,93.3,1.6,3.4000000000000017,0.2,19.789260355319723
5462,93.2,1.6,3.4000000000000017,0.3,19.799645564700356
5463,93.1,1.6,3.4000000000000017,0.4,19.80136544838436
5464,93.0,1.6,3.4000000000000017,0.5,19.794333094050327
5465,92.9,1.6,3.4000000000000017,0.6,19.778570916715662
5466,92.8,1.6,3.4000000000000017,0.7000000000000001,19.754211097707195
5467,93.3,1.7000000000000002,3.4000000000000017,0.1,19.8016025513582
5468,93.2,1.7000000000000002,3.4000000000000017,0.2,19.815162372242575
5469,93.1,1.7000000000000002,3.4000000000000017,0.3,19.819960275836223
5470,93.0,1.7000000000000002,3.4000000000000017,0.4,19.815863426701725
5471,92.9,1.7000000000000002,3.4000000000000017,0.5,19.80284997995761
5472,92.8,1.7000000000000002,3.4000000000000017,0.6,19.781010512569324
5473,92.7,1.7000000000000002,3.4000000000000017,0.7000000000000001,19.750547163385104
5474,93.2,1.8000000000000005,3.4000000000000017,0.1,19.822291113301688
5475,93.1,1.8000000000000005,3.4000000000000017,0.2,19.830136611336282
5476,93.0,1.8000000000000005,3.4000000000000017,0.3,19.828985788521855
5477,92.9,1.8000000000000005,3.4000000000000017,0.4,19.81877155824299
5478,92.8,1.8000000000000005,3.4000000000000017,0.5,19.799541249065655
5479,92.7,1.8000000000000005,3.4000000000000017,0.6,19.77145672795277
5480,92.6,1.8000000000000005,3.4000000000000017,0.7000000000000001,19.734792173065202
5481,93.1,1.9000000000000004,3.4000000000000017,0.1,19.83171399789963
5482,93.0,1.9000000000000004,3.4000000000000017,0.2,19.833477414624156
5483,92.9,1.9000000000000004,3.4000000000000017,0.3,19.826071809622096
5484,92.79999999999998,1.9000000000000004,3.4000000000000017,0.4,19.809500147989507
5485,92.7,1.9000000000000004,3.4000000000000017,0.5,19.783882251386665
5486,92.6,1.9000000000000004,3.4000000000000017,0.6,19.74945353850016
5487,92.5,1.9000000000000004,3.4000000000000017,0.7000000000000001,19.70656138115003
5488,93.0,2.0000000000000004,3.4000000000000017,0.1,19.82922057611088
5489,92.9,2.0000000000000004,3.4000000000000017,0.2,19.82459135664769
5490,92.8,2.0000000000000004,3.4000000000000017,0.3,19.810687318606224
5491,92.7,2.0000000000000004,3.4000000000000017,0.4,19.787584984996354
5492,92.6,2.0000000000000004,3.4000000000000017,0.5,19.75547911107317
5493,92.5,2.0000000000000004,3.4000000000000017,0.6,19.714679986278274
5494,92.4,2.0000000000000004,3.4000000000000017,0.7000000000000001,19.66560834482333
5495,92.9,2.1000000000000005,3.4000000000000017,0.1,19.814279536743634
5496,92.8,2.1000000000000005,3.4000000000000017,0.2,19.803011293859765
5497,92.7,2.1000000000000005,3.4000000000000017,0.3,19.782433685934596
5498,92.6,2.1000000000000005,3.4000000000000017,0.4,19.75269940968806
5499,92.5,2.1000000000000005,3.4000000000000017,0.5,19.71407963822096
5500,92.4,2.1000000000000005,3.4000000000000017,0.6,19.66695984943294
5501,92.3,2.1000000000000005,3.4000000000000017,0.7000000000000001,19.611833284239268
5502,92.8,2.2000000000000006,3.4000000000000017,0.1,19.78649204336645
5503,92.7,2.2000000000000006,3.4000000000000017,0.2,19.768408540713487
5504,92.6,2.2000000000000006,3.4000000000000017,0.3,19.741055750318427
5505,92.5,2.2000000000000006,3.4000000000000017,0.4,19.704664190359352
5506,92.4,2.2000000000000006,3.4000000000000017,0.5,19.659581920827826
5507,92.3,2.2000000000000006,3.4000000000000017,0.6,19.606268885604695
5508,92.2,2.2000000000000006,3.4000000000000017,0.7000000000000001,19.545288934327463
5509,92.7,2.3000000000000007,3.4000000000000017,0.1,19.74560284827267
5510,92.6,2.3000000000000007,3.4000000000000017,0.2,19.720602839545336
5511,92.5,2.3000000000000007,3.4000000000000017,0.3,19.686450545522685
5512,92.4,2.3000000000000007,3.4000000000000017,0.4,19.643454926415043
5513,92.3,2.3000000000000007,3.4000000000000017,0.5,19.592040344144046
5514,92.2,2.3000000000000007,3.4000000000000017,0.6,19.532739428372263
5515,92.1,2.3000000000000007,3.4000000000000017,0.7000000000000001,19.46618370125305
5516,92.6,2.400000000000001,3.4000000000000017,0.1,19.691509052524793
5517,92.5,2.400000000000001,3.4000000000000017,0.2,19.65956983846319
5518,92.4,2.400000000000001,3.4000000000000017,0.3,19.61867341929721
5519,92.29999999999998,2.400000000000001,3.4000000000000017,0.4,19.569206752027956
5520,92.2,2.400000000000001,3.4000000000000017,0.5,19.511668844375023
5521,92.1,2.400000000000001,3.4000000000000017,0.6,19.446662178576688
5522,92.0,2.400000000000001,3.4000000000000017,0.7000000000000001,19.374882001282064
5523,92.5,2.500000000000001,3.4000000000000017,0.1,19.624266253030793
5524,92.4,2.500000000000001,3.4000000000000017,0.2,19.585445847958376
5525,92.3,2.500000000000001,3.4000000000000017,0.3,19.537941347508635
5526,92.2,2.500000000000001,3.4000000000000017,0.4,19.482216177682457
5527,92.1,2.500000000000001,3.4000000000000017,0.5,19.418841270050827
5528,92.0,2.500000000000001,3.4000000000000017,0.6,19.348485100523742
5529,91.9,2.500000000000001,3.4000000000000017,0.7000000000000001,19.271901728936907
5530,92.4,2.600000000000001,3.4000000000000017,0.1,19.544091878161733
5531,92.3,2.600000000000001,3.4000000000000017,0.2,19.498529711219817
5532,92.2,2.600000000000001,3.4000000000000017,0.3,19.444633313803227
5533,92.1,2.600000000000001,3.4000000000000017,0.4,19.38293997656924
5534,92.0,2.600000000000001,3.4000000000000017,0.5,19.31408879532254
5535,91.9,2.600000000000001,3.4000000000000017,0.6,19.238809404638687
5536,91.8,2.600000000000001,3.4000000000000017,0.7000000000000001,19.157908872720522
5537,92.3,2.700000000000001,3.4000000000000017,0.1,19.451365580808265
5538,92.2,2.700000000000001,3.4000000000000017,0.2,19.399281693191234
5539,92.1,2.700000000000001,3.4000000000000017,0.3,19.33928769709205
5540,92.0,2.700000000000001,3.4000000000000017,0.4,19.271991095848907
5541,91.9,2.700000000000001,3.4000000000000017,0.5,19.19809440276026
5542,91.8,2.700000000000001,3.4000000000000017,0.6,19.11838267090433
5543,91.7,2.700000000000001,3.4000000000000017,0.7000000000000001,19.03370936808492
5544,92.2,2.800000000000001,3.4000000000000017,0.1,19.34662662992421
5545,92.1,2.800000000000001,3.4000000000000017,0.2,19.288319367105487
5546,92.0,2.800000000000001,3.4000000000000017,0.3,19.222596683566596
5547,91.9,2.800000000000001,3.4000000000000017,0.4,19.15013164710733
5548,91.8,2.800000000000001,3.4000000000000017,0.5,19.071684526598375
5549,91.7,2.800000000000001,3.4000000000000017,0.6,18.98808923904839
5550,91.6,2.800000000000001,3.4000000000000017,0.7000000000000001,18.90023834646065
5551,92.1,2.900000000000001,3.4000000000000017,0.1,19.230568316263557
5552,92.0,2.900000000000001,3.4000000000000017,0.2,19.166410552238553
5553,91.9,2.900000000000001,3.4000000000000017,0.3,19.095397794474547
5554,91.79999999999998,2.900000000000001,3.4000000000000017,0.4,19.018263103538157
5555,91.7,2.900000000000001,3.4000000000000017,0.5,18.935818018480116
5556,91.6,2.900000000000001,3.4000000000000017,0.6,18.848938059696994
5557,91.5,2.900000000000001,3.4000000000000017,0.7000000000000001,18.75854700387423
5558,92.0,3.0000000000000013,3.4000000000000017,0.1,19.104029462829345
5559,91.9,3.0000000000000013,3.4000000000000017,0.2,19.03446343057712
5560,91.8,3.0000000000000013,3.4000000000000017,0.3,18.958662693158473
5561,91.7,3.0000000000000013,3.4000000000000017,0.4,18.877413901194977
5562,91.6,3.0000000000000013,3.4000000000000017,0.5,18.791572664358007
5563,91.5,3.0000000000000013,3.4000000000000017,0.6,18.70204826344437
5564,91.4,3.0000000000000013,3.4000000000000017,0.7000000000000001,18.609787370947775
5565,91.9,3.1000000000000014,3.4000000000000017,0.1,18.9679832031535
5566,91.8,3.1000000000000014,3.4000000000000017,0.2,18.893514040656633
5567,91.7,3.1000000000000014,3.4000000000000017,0.3,18.813483502611138
5568,91.6,3.1000000000000014,3.4000000000000017,0.4,18.728724705874015
5569,91.5,3.1000000000000014,3.4000000000000017,0.5,18.64012954124315
5570,91.4,3.1000000000000014,3.4000000000000017,0.6,18.548632760070895
5571,91.3,3.1000000000000014,3.4000000000000017,0.7000000000000001,18.45519531613206
5572,91.8,3.200000000000001,3.4000000000000017,0.1,18.823523258634367
5573,91.7,3.200000000000001,3.4000000000000017,0.2,18.74471141179297
5574,91.6,3.200000000000001,3.4000000000000017,0.3,18.661056925925458
5575,91.5,3.200000000000001,3.4000000000000017,0.4,18.57343166384414
5576,91.4,3.200000000000001,3.4000000000000017,0.5,18.48275555413703
5577,91.3,3.200000000000001,3.4000000000000017,0.6,18.389980226323956
5578,91.2,3.200000000000001,3.4000000000000017,0.7000000000000001,18.296072154401056
5579,91.7,3.3000000000000016,3.4000000000000017,0.1,18.67184800765813
5580,91.6,3.3000000000000016,3.4000000000000017,0.2,18.58930065930267
5581,91.5,3.3000000000000016,3.4000000000000017,0.3,18.502666514660152
5582,91.4,3.3000000000000016,3.4000000000000017,0.4,18.412848002036593
5583,91.3,3.3000000000000016,3.4000000000000017,0.5,18.32078453521468
5584,91.2,3.3000000000000016,3.4000000000000017,0.6,18.227435876435518
5585,91.1,3.3000000000000016,3.4000000000000017,0.7000000000000001,18.133765263219
5586,91.6,3.4000000000000017,3.4000000000000017,0.1,18.514242692252182
5587,91.5,3.4000000000000017,3.4000000000000017,0.2,18.428604409367995
5588,91.4,3.4000000000000017,3.4000000000000017,0.3,18.33966347275554
5589,91.29999999999998,3.4000000000000017,3.4000000000000017,0.4,18.248344380091126
5590,91.2,3.4000000000000017,3.4000000000000017,0.5,18.155597318000833
5591,91.1,3.4000000000000017,3.4000000000000017,0.6,18.062381433944786
5592,91.0,3.4000000000000017,3.4000000000000017,0.7000000000000001,17.969648125653872
5593,91.5,3.5000000000000018,3.4000000000000017,0.1,18.352060151007716
5594,91.4,3.5000000000000018,3.4000000000000017,0.2,18.26400295957646
5595,91.3,3.5000000000000018,3.4000000000000017,0.3,18.173446415043234
5596,91.2,3.5000000000000018,3.4000000000000017,0.4,18.081328421852845
5597,91.1,3.5000000000000018,3.4000000000000017,0.5,17.988601218134868
5598,91.0,3.5000000000000018,3.4000000000000017,0.6,17.896214735886506
5599,90.9,3.5000000000000018,3.4000000000000017,0.7000000000000001,17.805100226727717
5600,91.4,3.600000000000002,3.4000000000000017,0.1,18.186700498771934
5601,91.29999999999998,3.600000000000002,3.4000000000000017,0.2,18.096913606863573
5602,91.2,3.600000000000002,3.4000000000000017,0.3,18.005440518816762
5603,91.09999999999998,3.600000000000002,3.4000000000000017,0.4,17.91322386696475
5604,91.0,3.600000000000002,3.4000000000000017,0.5,17.82120935901491
5605,90.9,3.600000000000002,3.4000000000000017,0.6,17.730329400864207
5606,90.79999999999998,3.600000000000002,3.4000000000000017,0.7000000000000001,17.64148722354868
5607,91.3,3.700000000000002,3.4000000000000017,0.1,18.019590193360802
5608,91.2,3.700000000000002,3.4000000000000017,0.2,17.92876958803404
5609,91.1,3.700000000000002,3.4000000000000017,0.3,17.837076514011006
5610,91.0,3.700000000000002,3.4000000000000017,0.4,17.74544978396724
5611,90.9,3.700000000000002,3.4000000000000017,0.5,17.654820275216096
5612,90.8,3.700000000000002,3.4000000000000017,0.6,17.56609498123479
5613,90.7,3.700000000000002,3.4000000000000017,0.7000000000000001,17.48014179293319
5614,91.2,3.800000000000002,3.4000000000000017,0.1,17.852160936910227
5615,91.1,3.800000000000002,3.4000000000000017,0.2,17.760999079079145
5616,91.0,3.800000000000002,3.4000000000000017,0.3,17.669769952341422
5617,90.9,3.800000000000002,3.4000000000000017,0.4,17.579400275065073
5618,90.8,3.800000000000002,3.4000000000000017,0.5,17.490798209569295
5619,90.7,3.800000000000002,3.4000000000000017,0.6,17.40483799724567
5620,90.6,3.800000000000002,3.4000000000000017,0.7000000000000001,17.322345532931188
5621,91.1,3.900000000000002,3.4000000000000017,0.1,17.685828854521635
5622,91.0,3.900000000000002,3.4000000000000017,0.2,17.595004688415678
5623,90.9,3.900000000000002,3.4000000000000017,0.3,17.504901178747424
5624,90.79999999999998,3.900000000000002,3.4000000000000017,0.4,17.416425080125922
5625,90.7,3.900000000000002,3.4000000000000017,0.5,17.330454492007192
5626,90.6,3.900000000000002,3.4000000000000017,0.6,17.247824218494937
5627,90.5,3.900000000000002,3.4000000000000017,0.7000000000000001,17.169312258065386
5628,91.0,4.000000000000002,3.4000000000000017,0.1,17.521974376031846
5629,90.9,4.000000000000002,3.4000000000000017,0.2,17.432143856599147
5630,90.8,4.000000000000002,3.4000000000000017,0.3,17.343796400516744
5631,90.7,4.000000000000002,3.4000000000000017,0.4,17.257811454543717
5632,90.6,4.000000000000002,3.4000000000000017,0.5,17.17503035090499
5633,90.5,4.000000000000002,3.4000000000000017,0.6,17.096242516834558
5634,90.4,4.000000000000002,3.4000000000000017,0.7000000000000001,17.022172983598658
5635,90.9,4.100000000000002,3.4000000000000017,0.1,17.361923218883263
5636,90.79999999999998,4.100000000000002,3.4000000000000017,0.2,17.273710542034795
5637,90.7,4.100000000000002,3.4000000000000017,0.3,17.187710211716887
5638,90.59999999999998,4.100000000000002,3.4000000000000017,0.4,17.104767653660993
5639,90.5,4.100000000000002,3.4000000000000017,0.5,17.02568146210894
5640,90.4,4.100000000000002,3.4000000000000017,0.6,16.951190566346174
5641,90.29999999999998,4.100000000000002,3.4000000000000017,0.7000000000000001,16.881962843375444
5642,90.8,4.200000000000003,3.4000000000000017,0.1,17.20692883236653
5643,90.7,4.200000000000003,3.4000000000000017,0.2,17.120918530045092
5644,90.6,4.200000000000003,3.4000000000000017,0.3,17.03780988448276
5645,90.5,4.200000000000003,3.4000000000000017,0.4,16.95840830706249
5646,90.4,4.200000000000003,3.4000000000000017,0.5,16.883464488808244
5647,90.3,4.200000000000003,3.4000000000000017,0.6,16.813662612011175
5648,90.2,4.200000000000003,3.4000000000000017,0.7000000000000001,16.7496101304975
5649,90.7,4.3000000000000025,3.4000000000000017,0.1,17.058156617405732
5650,90.6,4.3000000000000025,3.4000000000000017,0.2,16.97488665292707
5651,90.5,4.3000000000000025,3.4000000000000017,0.3,16.895161685979062
5652,90.4,4.3000000000000025,3.4000000000000017,0.4,16.819741910972375
5653,90.3,4.3000000000000025,3.4000000000000017,0.5,16.749325808666967
5654,90.2,4.3000000000000025,3.4000000000000017,0.6,16.68453947099271
5655,90.1,4.3000000000000025,3.4000000000000017,0.7000000000000001,16.6259275921214
5656,90.6,4.400000000000002,3.4000000000000017,0.1,16.916670183226703
5657,90.5,4.400000000000002,3.4000000000000017,0.2,16.836626153104334
5658,90.4,4.400000000000002,3.4000000000000017,0.3,16.760719422288286
5659,90.29999999999998,4.400000000000002,3.4000000000000017,0.4,16.689660608072312
5660,90.2,4.400000000000002,3.4000000000000017,0.5,16.624092565061257
5661,90.1,4.400000000000002,3.4000000000000017,0.6,16.564580870912792
5662,89.99999999999999,4.400000000000002,3.4000000000000017,0.7000000000000001,16.511606050839333
5663,90.5,4.500000000000003,3.4000000000000017,0.1,16.783419844513237
5664,90.4,4.500000000000003,3.4000000000000017,0.2,16.70703036201344
5665,90.3,4.500000000000003,3.4000000000000017,0.3,16.63531534997029
5666,90.2,4.500000000000003,3.4000000000000017,0.4,16.56893236320009
5667,90.1,4.500000000000003,3.4000000000000017,0.5,16.508466118744114
5668,90.0,4.500000000000003,3.4000000000000017,0.6,16.454420169980374
5669,89.89999999999999,4.500000000000003,3.4000000000000017,0.7000000000000001,16.40721036719555
5670,90.4,4.600000000000003,3.4000000000000017,0.1,16.659233501909167
5671,90.29999999999998,4.600000000000003,3.4000000000000017,0.2,16.586866805880103
5672,90.2,4.600000000000003,3.4000000000000017,0.3,16.519653534497937
5673,90.09999999999998,4.600000000000003,3.4000000000000017,0.4,16.458195582466185
5674,89.99999999999999,4.600000000000003,3.4000000000000017,0.5,16.403017916606117
5675,89.89999999999999,4.600000000000003,3.4000000000000017,0.6,16.35456144605052
5676,89.79999999999998,4.600000000000003,3.4000000000000017,0.7000000000000001,16.313177702559603
5677,90.3,4.700000000000003,3.4000000000000017,0.1,16.54480998687918
5678,90.2,4.700000000000003,3.4000000000000017,0.2,16.4767717879219
5679,90.1,4.700000000000003,3.4000000000000017,0.3,16.41430567404434
5680,89.99999999999999,4.700000000000003,3.4000000000000017,0.4,16.357956164122402
5681,89.89999999999999,4.700000000000003,3.4000000000000017,0.5,16.30818773711601
5682,89.8,4.700000000000003,3.4000000000000017,0.6,16.265378887278164
5683,89.69999999999999,4.700000000000003,3.4000000000000017,0.7000000000000001,16.22981799030984
5684,90.2,4.8000000000000025,3.4000000000000017,0.1,16.44071489084678
5685,90.1,4.8000000000000025,3.4000000000000017,0.2,16.377247436564037
5686,90.0,4.8000000000000025,3.4000000000000017,0.3,16.319709348910873
5687,89.89999999999999,4.8000000000000025,3.4000000000000017,0.4,16.268586913668848
5688,89.8,4.8000000000000025,3.4000000000000017,0.5,16.224284219046208
5689,89.7,4.8000000000000025,3.4000000000000017,0.6,16.18711836738067
5690,89.6,4.8000000000000025,3.4000000000000017,0.7000000000000001,16.157316477358673
5691,90.1,4.900000000000003,3.4000000000000017,0.1,16.347378839922705
5692,89.99999999999999,4.900000000000003,3.4000000000000017,0.2,16.288661152631793
5693,89.89999999999999,4.900000000000003,3.4000000000000017,0.3,16.236168602799008
5694,89.79999999999998,4.900000000000003,3.4000000000000017,0.4,16.1903292046456
5695,89.69999999999999,4.900000000000003,3.4000000000000017,0.5,16.151487532533714
5696,89.6,4.900000000000003,3.4000000000000017,0.6,16.119901044830392
5697,89.49999999999999,4.900000000000003,3.4000000000000017,0.7000000000000001,16.095738158514596
5698,90.0,5.000000000000004,3.4000000000000017,0.1,16.265098121990864
5699,89.89999999999999,5.000000000000004,3.4000000000000017,0.2,16.211247336648995
5700,89.8,5.000000000000004,3.4000000000000017,0.3,16.163856713493733
5701,89.69999999999999,5.000000000000004,3.4000000000000017,0.4,16.12329672153558
5702,89.6,5.000000000000004,3.4000000000000017,0.5,16.089854010475136
5703,89.5,5.000000000000004,3.4000000000000017,0.6,16.063728788486998
5704,89.39999999999999,5.000000000000004,3.4000000000000017,0.7000000000000001,16.045033893800507
5705,89.89999999999999,5.100000000000003,3.4000000000000017,0.1,16.194037523786456
5706,89.79999999999998,5.100000000000003,3.4000000000000017,0.2,16.145111231566045
5707,89.69999999999999,5.100000000000003,3.4000000000000017,0.3,16.10282096843972
5708,89.59999999999998,5.100000000000003,3.4000000000000017,0.4,16.06748108316688
5709,89.49999999999999,5.100000000000003,3.4000000000000017,0.5,16.039322524514237
5710,89.39999999999999,5.100000000000003,3.4000000000000017,0.6,16.01849120290922
5711,89.29999999999998,5.100000000000003,3.4000000000000017,0.7000000000000001,16.0050479741395
5712,89.8,5.200000000000003,3.4000000000000017,0.1,16.13423519299813
5713,89.69999999999999,5.200000000000003,3.4000000000000017,0.2,16.090234677436367
5714,89.6,5.200000000000003,3.4000000000000017,0.3,16.05298922598943
5715,89.49999999999999,5.200000000000003,3.4000000000000017,0.4,16.022759114628897
5716,89.39999999999999,5.200000000000003,3.4000000000000017,0.5,15.999722363983476
5717,89.3,5.200000000000003,3.4000000000000017,0.6,15.983974005235886
5718,89.19999999999999,5.200000000000003,3.4000000000000017,0.7000000000000001,15.975526884006285
5719,89.7,5.300000000000003,3.4000000000000017,0.1,16.08560930519501
5720,89.6,5.300000000000003,3.4000000000000017,0.2,16.046483543459892
5721,89.5,5.300000000000003,3.4000000000000017,0.3,16.014178016334522
5722,89.39999999999999,5.300000000000003,3.4000000000000017,0.4,15.988901513407663
5723,89.3,5.300000000000003,3.4000000000000017,0.5,15.970782358359132
5724,89.2,5.300000000000003,3.4000000000000017,0.6,15.95986849220009
5725,89.1,5.300000000000003,3.4000000000000017,0.7000000000000001,15.956129000688652
5726,89.6,5.400000000000004,3.4000000000000017,0.1,16.047966288088507
5727,89.49999999999999,5.400000000000004,3.4000000000000017,0.2,16.013616579833936
5728,89.39999999999999,5.400000000000004,3.4000000000000017,0.3,15.986101917569979
5729,89.29999999999998,5.400000000000004,3.4000000000000017,0.4,15.965582641326579
5730,89.19999999999999,5.400000000000004,3.4000000000000017,0.5,15.952140974062909
5731,89.1,5.400000000000004,3.4000000000000017,0.6,15.945781830384226
5732,88.99999999999999,5.400000000000004,3.4000000000000017,0.7000000000000001,15.946434968425415
5733,89.5,5.500000000000004,3.4000000000000017,0.1,16.021010336570026
5734,89.39999999999999,5.500000000000004,3.4000000000000017,0.2,15.991295417134197
5735,89.3,5.500000000000004,3.4000000000000017,0.3,15.968383931979664
5736,89.19999999999999,5.500000000000004,3.4000000000000017,0.4,15.95239116780606
5737,89.1,5.500000000000004,3.4000000000000017,0.5,15.94335711451802
5738,89.0,5.500000000000004,3.4000000000000017,0.6,15.941247904839134
5739,88.89999999999999,5.500000000000004,3.4000000000000017,0.7000000000000001,15.945958491376118
5740,93.4,1.5,3.5000000000000018,0.1,19.754517891981553
5741,93.3,1.5,3.5000000000000018,0.2,19.77415871358929
5742,93.2,1.5,3.5000000000000018,0.3,19.785459562518092
5743,93.1,1.5,3.5000000000000018,0.4,19.788220770506364
5744,93.0,1.5,3.5000000000000018,0.5,19.782347343376927
5745,92.9,1.5,3.5000000000000018,0.6,19.767851705239277
5746,92.8,1.5,3.5000000000000018,0.7000000000000001,19.744854277853776
5747,93.3,1.6,3.5000000000000018,0.1,19.790686512336215
5748,93.2,1.6,3.5000000000000018,0.2,19.805225688476938
5749,93.1,1.6,3.5000000000000018,0.3,19.811118666860633
5750,93.0,1.6,3.5000000000000018,0.4,19.808224452502746
5751,92.9,1.6,3.5000000000000018,0.5,19.796511210231003
5752,92.8,1.6,3.5000000000000018,0.6,19.776057829214725
5753,92.7,1.6,3.5000000000000018,0.7000000000000001,19.747053236831313
5754,93.2,1.7000000000000002,3.5000000000000018,0.1,19.81675771264083
5755,93.1,1.7000000000000002,3.5000000000000018,0.2,19.825765993002133
5756,93.0,1.7000000000000002,3.5000000000000018,0.3,19.82587503627066
5757,92.9,1.7000000000000002,3.5000000000000018,0.4,19.81700764523391
5758,92.8,1.7000000000000002,3.5000000000000018,0.5,19.799199420058493
5759,92.7,1.7000000000000002,3.5000000000000018,0.6,19.77259904898238
5760,92.6,1.7000000000000002,3.5000000000000018,0.7000000000000001,19.737466284734108
5761,93.1,1.8000000000000005,3.5000000000000018,0.1,19.83193137369672
5762,93.0,1.8000000000000005,3.5000000000000018,0.2,19.835025373624493
5763,92.9,1.8000000000000005,3.5000000000000018,0.3,19.829026393475143
5764,92.8,1.8000000000000005,3.5000000000000018,0.4,19.81392551200583
5765,92.7,1.8000000000000005,3.5000000000000018,0.5,19.789829295228948
5766,92.6,1.8000000000000005,3.5000000000000018,0.6,19.756958734933555
5767,92.5,1.8000000000000005,3.5000000000000018,0.7000000000000001,19.71564583377665
5768,93.0,1.9000000000000004,3.5000000000000018,0.1,19.835503665570073
5769,92.9,1.9000000000000004,3.5000000000000018,0.2,19.83235381520656
5770,92.8,1.9000000000000004,3.5000000000000018,0.3,19.819981985261812
5771,92.7,1.9000000000000004,3.5000000000000018,0.4,19.798451252669743
5772,92.6,1.9000000000000004,3.5000000000000018,0.5,19.767941837502182
5773,92.5,1.9000000000000004,3.5000000000000018,0.6,19.72874862911667
5774,92.4,1.9000000000000004,3.5000000000000018,0.7000000000000001,19.68127634599366
5775,92.9,2.0000000000000004,3.5000000000000018,0.1,19.826882509259125
5776,92.8,2.0000000000000004,3.5000000000000018,0.2,19.81722028872857
5777,92.7,2.0000000000000004,3.5000000000000018,0.3,19.79827647918786
5778,92.6,2.0000000000000004,3.5000000000000018,0.4,19.770189024367895
5779,92.5,2.0000000000000004,3.5000000000000018,0.5,19.733213562457877
5780,92.4,2.0000000000000004,3.5000000000000018,0.6,19.687719499760966
5781,92.3,2.0000000000000004,3.5000000000000018,0.7000000000000001,19.634183732782276
5782,92.8,2.1000000000000005,3.5000000000000018,0.1,19.805601538421417
5783,92.7,2.1000000000000005,3.5000000000000018,0.2,19.789225811109468
5784,92.6,2.1000000000000005,3.5000000000000018,0.3,19.763581998155864
5785,92.5,2.1000000000000005,3.5000000000000018,0.4,19.728884842533517
5786,92.4,2.1000000000000005,3.5000000000000018,0.5,19.685466175775346
5787,92.3,2.1000000000000005,3.5000000000000018,0.6,19.633769520643806
5788,92.2,2.1000000000000005,3.5000000000000018,0.7000000000000001,19.574342385417783
5789,92.7,2.2000000000000006,3.5000000000000018,0.1,19.771332194733397
5790,92.6,2.2000000000000006,3.5000000000000018,0.2,19.748114468149158
5791,92.5,2.2000000000000006,3.5000000000000018,0.3,19.715717965115676
5792,92.4,2.2000000000000006,3.5000000000000018,0.4,19.674435159102853
5793,92.3,2.2000000000000006,3.5000000000000018,0.5,19.624673816054806
5794,92.2,2.2000000000000006,3.5000000000000018,0.6,19.566950130274922
5795,92.1,2.2000000000000006,3.5000000000000018,0.7000000000000001,19.501879623809437
5796,92.6,2.3000000000000007,3.5000000000000018,0.1,19.72389362687289
5797,92.5,2.3000000000000007,3.5000000000000018,0.2,19.693782093505096
5798,92.4,2.3000000000000007,3.5000000000000018,0.3,19.65465847709747
5799,92.3,2.3000000000000007,3.5000000000000018,0.4,19.6068928663686
5800,92.2,2.3000000000000007,3.5000000000000018,0.5,19.55096764426382
5801,92.1,2.3000000000000007,3.5000000000000018,0.6,19.487469184513078
5802,92.0,2.3000000000000007,3.5000000000000018,0.7000000000000001,19.417077411933832
5803,92.5,2.400000000000001,3.5000000000000018,0.1,19.66326011011656
5804,92.4,2.400000000000001,3.5000000000000018,0.2,19.6262823484779
5805,92.3,2.400000000000001,3.5000000000000018,0.3,19.580536983946814
5806,92.2,2.400000000000001,3.5000000000000018,0.4,19.526470534738856
5807,92.1,2.400000000000001,3.5000000000000018,0.5,19.46463762269708
5808,92.0,2.400000000000001,3.5000000000000018,0.6,19.39569128125887
5809,91.9,2.400000000000001,3.5000000000000018,0.7000000000000001,19.320371254856678
5810,92.4,2.500000000000001,3.5000000000000018,0.1,19.58956575984192
5811,92.3,2.500000000000001,3.5000000000000018,0.2,19.545830007731517
5812,92.2,2.500000000000001,3.5000000000000018,0.3,19.493648110874208
5813,92.1,2.500000000000001,3.5000000000000018,0.4,19.433540759074017
5814,92.0,2.500000000000001,3.5000000000000018,0.5,19.366131394645162
5815,91.9,2.500000000000001,3.5000000000000018,0.6,19.292135205276765
5816,91.8,2.500000000000001,3.5000000000000018,0.7000000000000001,19.212346261960757
5817,92.3,2.600000000000001,3.5000000000000018,0.1,19.50310637617348
5818,92.2,2.600000000000001,3.5000000000000018,0.2,19.45280132311268
5819,92.1,2.600000000000001,3.5000000000000018,0.3,19.394446533314316
5820,92.0,2.600000000000001,3.5000000000000018,0.4,19.32863355921423
5821,91.9,2.600000000000001,3.5000000000000018,0.5,19.256050247653583
5822,91.8,2.600000000000001,3.5000000000000018,0.6,19.177468512815622
5823,91.7,2.600000000000001,3.5000000000000018,0.7000000000000001,19.093730431740997
5824,92.2,2.700000000000001,3.5000000000000018,0.1,19.40433832667587
5825,92.1,2.700000000000001,3.5000000000000018,0.2,19.347731409400396
5826,92.0,2.700000000000001,3.5000000000000018,0.3,19.283542885458566
5827,91.9,2.700000000000001,3.5000000000000018,0.4,19.21243085355864
5828,91.8,2.700000000000001,3.5000000000000018,0.5,19.135142216060284
5829,91.7,2.700000000000001,3.5000000000000018,0.6,19.052499347255537
5830,91.6,2.700000000000001,3.5000000000000018,0.7000000000000001,18.96538528306621
5831,92.1,2.800000000000001,3.5000000000000018,0.1,19.293874447210097
5832,92.0,2.800000000000001,3.5000000000000018,0.2,19.231308669867804
5833,91.9,2.800000000000001,3.5000000000000018,0.3,19.161696757885533
5834,91.8,2.800000000000001,3.5000000000000018,0.4,19.08575809780272
5835,91.7,2.800000000000001,3.5000000000000018,0.5,19.0042924501239
5836,91.6,2.800000000000001,3.5000000000000018,0.6,18.918165646245374
5837,91.5,2.800000000000001,3.5000000000000018,0.7000000000000001,18.828294023945762
5838,92.0,2.900000000000001,3.5000000000000018,0.1,19.172477015531722
5839,91.9,2.900000000000001,3.5000000000000018,0.2,19.10436635363744
5840,91.8,2.900000000000001,3.5000000000000018,0.3,19.02980691262504
5841,91.7,2.900000000000001,3.5000000000000018,0.4,18.94957325186448
5842,91.6,2.900000000000001,3.5000000000000018,0.5,18.864511047234792
5843,91.5,2.900000000000001,3.5000000000000018,0.6,18.775521965532683
5844,91.4,2.900000000000001,3.5000000000000018,0.7000000000000001,18.683547509505637
5845,91.9,3.0000000000000013,3.5000000000000018,0.1,19.041047925566573
5846,91.8,3.0000000000000013,3.5000000000000018,0.2,18.967871408615355
5847,91.7,3.0000000000000013,3.5000000000000018,0.3,18.888898913453488
5848,91.6,3.0000000000000013,3.5000000000000018,0.4,18.80495330440393
5849,91.5,3.0000000000000013,3.5000000000000018,0.5,18.71691860330513
5850,91.4,3.0000000000000013,3.5000000000000018,0.6,18.625724202913247
5851,91.3,3.0000000000000013,3.5000000000000018,0.7000000000000001,18.532328294210696
5852,91.8,3.1000000000000014,3.5000000000000018,0.1,18.90061626023785
5853,91.7,3.1000000000000014,3.5000000000000018,0.2,18.822910861042622
5854,91.6,3.1000000000000014,3.5000000000000018,0.3,18.74011043305703
5855,91.5,3.1000000000000014,3.5000000000000018,0.4,18.653078644104
5856,91.4,3.1000000000000014,3.5000000000000018,0.5,18.562729797535898
5857,91.3,3.1000000000000014,3.5000000000000018,0.6,18.470012555677656
5858,91.2,3.1000000000000014,3.5000000000000018,0.7000000000000001,18.375893127771928
5859,91.7,3.200000000000001,3.5000000000000018,0.1,18.752323525051576
5860,91.6,3.200000000000001,3.5000000000000018,0.2,18.670676013316683
5861,91.5,3.200000000000001,3.5000000000000018,0.3,18.584674554955726
5862,91.4,3.200000000000001,3.5000000000000018,0.4,18.495215618218634
5863,91.3,3.200000000000001,3.5000000000000018,0.5,18.403235369716146
5864,91.2,3.200000000000001,3.5000000000000018,0.6,18.309693085142428
5865,91.1,3.200000000000001,3.5000000000000018,0.7000000000000001,18.215554278386023
5866,91.6,3.3000000000000016,3.5000000000000018,0.1,18.597406861397772
5867,91.5,3.3000000000000016,3.5000000000000018,0.2,18.512444803872043
5868,91.4,3.3000000000000016,3.5000000000000018,0.3,18.42390143507239
5869,91.3,3.3000000000000016,3.5000000000000018,0.4,18.332697660306792
5870,91.2,3.3000000000000016,3.5000000000000018,0.5,18.239782884709314
5871,91.1,3.3000000000000016,3.5000000000000018,0.6,18.146118291218055
5872,91.0,3.3000000000000016,3.5000000000000018,0.7000000000000001,18.052660090074408
5873,91.5,3.4000000000000017,3.5000000000000018,0.1,18.437180605998613
5874,91.4,3.4000000000000017,3.5000000000000018,0.2,18.349562715040552
5875,91.3,3.4000000000000017,3.5000000000000018,0.3,18.259158724217983
5876,91.2,3.4000000000000017,3.5000000000000018,0.4,18.166905399414432
5877,91.1,3.4000000000000017,3.5000000000000018,0.5,18.07375670289282
5878,91.0,3.4000000000000017,3.5000000000000018,0.6,17.980667117769393
5879,90.9,3.4000000000000017,3.5000000000000018,0.7000000000000001,17.888575192414795
5880,91.4,3.5000000000000018,3.5000000000000018,0.1,18.27301659977384
5881,91.3,3.5000000000000018,3.5000000000000018,0.2,18.183422645777288
5882,91.2,3.5000000000000018,3.5000000000000018,0.3,18.091851177590506
5883,91.1,3.5000000000000018,3.5000000000000018,0.4,17.999246181497966
5884,91.0,3.5000000000000018,3.5000000000000018,0.5,17.90655758751345
5885,90.9,3.5000000000000018,3.5000000000000018,0.6,17.814724815450596
5886,90.8,3.5000000000000018,3.5000000000000018,0.7000000000000001,17.724660780792888
5887,91.3,3.600000000000002,3.5000000000000018,0.1,18.106323674630744
5888,91.2,3.600000000000002,3.5000000000000018,0.2,18.015444185173433
5889,91.1,3.600000000000002,3.5000000000000018,0.3,17.923399890100193
5890,91.0,3.600000000000002,3.5000000000000018,0.4,17.83113344027271
5891,90.9,3.600000000000002,3.5000000000000018,0.5,17.73958238008455
5892,90.8,3.600000000000002,3.5000000000000018,0.6,17.64966308284411
5893,90.7,3.600000000000002,3.5000000000000018,0.7000000000000001,17.562255373737717
5894,91.2,3.700000000000002,3.5000000000000018,0.1,17.9385267597572
5895,91.1,3.700000000000002,3.5000000000000018,0.2,17.847052729439202
5896,91.0,3.700000000000002,3.5000000000000018,0.3,17.75522159681401
5897,90.9,3.700000000000002,3.5000000000000018,0.4,17.663966349001004
5898,90.8,3.700000000000002,3.5000000000000018,0.5,17.574204163375324
5899,90.7,3.700000000000002,3.5000000000000018,0.6,17.486820889585236
5900,90.6,3.700000000000002,3.5000000000000018,0.7000000000000001,17.402656431607003
5901,91.1,3.800000000000002,3.5000000000000018,0.1,17.77104604976462
5902,91.0,3.800000000000002,3.5000000000000018,0.2,17.679658879604517
5903,90.9,3.800000000000002,3.5000000000000018,0.3,17.588708466338034
5904,90.8,3.800000000000002,3.5000000000000018,0.4,17.499110167493843
5905,90.7,3.800000000000002,3.5000000000000018,0.5,17.411753308898465
5906,90.6,3.800000000000002,3.5000000000000018,0.6,17.327486357555788
5907,90.5,3.800000000000002,3.5000000000000018,0.7000000000000001,17.247103188861143
5908,91.0,3.900000000000002,3.5000000000000018,0.1,17.605276665768873
5909,90.9,3.900000000000002,3.5000000000000018,0.2,17.514638540028216
5910,90.8,3.900000000000002,3.5000000000000018,0.3,17.42520879220283
5911,90.7,3.900000000000002,3.5000000000000018,0.4,17.33787767063922
5912,90.6,3.900000000000002,3.5000000000000018,0.5,17.25349977310754
5913,90.5,3.900000000000002,3.5000000000000018,0.6,17.172880039347117
5914,90.4,3.900000000000002,3.5000000000000018,0.7000000000000001,17.096761011690035
5915,90.9,4.000000000000002,3.5000000000000018,0.1,17.442569217874574
5916,90.8,4.000000000000002,3.5000000000000018,0.2,17.35331410978363
5917,90.7,4.000000000000002,3.5000000000000018,0.3,17.26600895430677
5918,90.6,4.000000000000002,3.5000000000000018,0.4,17.181512007267973
5919,90.5,4.000000000000002,3.5000000000000018,0.5,17.100636965085393
5920,90.4,4.000000000000002,3.5000000000000018,0.6,17.02413988844781
5921,90.3,4.000000000000002,3.5000000000000018,0.7000000000000001,16.952707545357857
5922,90.8,4.100000000000002,3.5000000000000018,0.1,17.28421164456364
5923,90.7,4.100000000000002,3.5000000000000018,0.2,17.196937121277998
5924,90.6,4.100000000000002,3.5000000000000018,0.3,17.112316980530608
5925,90.5,4.100000000000002,3.5000000000000018,0.4,17.031171292574832
5926,90.4,4.100000000000002,3.5000000000000018,0.5,16.95426745988639
5927,90.3,4.100000000000002,3.5000000000000018,0.6,16.882308164638413
5928,90.2,4.100000000000002,3.5000000000000018,0.7000000000000001,16.815920862987017
5929,90.7,4.200000000000003,3.5000000000000018,0.1,17.131412662503216
5930,90.6,4.200000000000003,3.5000000000000018,0.2,17.046672634522498
5931,90.5,4.200000000000003,3.5000000000000018,0.3,16.965247989333022
5932,90.4,4.200000000000003,3.5000000000000018,0.4,16.887915185282623
5933,90.3,4.200000000000003,3.5000000000000018,0.5,16.815390777617242
5934,90.2,4.200000000000003,3.5000000000000018,0.6,16.748320462637054
5935,90.1,4.200000000000003,3.5000000000000018,0.7000000000000001,16.68726977140064
5936,90.6,4.3000000000000025,3.5000000000000018,0.1,16.985287110849807
5937,90.5,4.3000000000000025,3.5000000000000018,0.2,16.903585642966544
5938,90.4,4.3000000000000025,3.5000000000000018,0.3,16.825811739213293
5939,90.3,4.3000000000000025,3.5000000000000018,0.4,16.75269364407484
5940,90.2,4.3000000000000025,3.5000000000000018,0.5,16.68489339062831
5941,90.1,4.3000000000000025,3.5000000000000018,0.6,16.622996993972343
5942,90.0,4.3000000000000025,3.5000000000000018,0.7000000000000001,16.567506371901676
5943,90.5,4.400000000000002,3.5000000000000018,0.1,16.846843418983408
5944,90.4,4.400000000000002,3.5000000000000018,0.2,16.76862968955468
5945,90.3,4.400000000000002,3.5000000000000018,0.3,16.694902452241394
5946,90.2,4.400000000000002,3.5000000000000018,0.4,16.626337998393133
5947,90.1,4.400000000000002,3.5000000000000018,0.5,16.56354106170702
5948,90.0,4.400000000000002,3.5000000000000018,0.6,16.507036193202104
5949,89.89999999999999,4.400000000000002,3.5000000000000018,0.7000000000000001,16.457260916270762
5950,90.4,4.500000000000003,3.5000000000000018,0.1,16.716973367612425
5951,90.3,4.500000000000003,3.5000000000000018,0.2,16.642637831546836
5952,90.2,4.500000000000003,3.5000000000000018,0.3,16.573291018296608
5953,90.1,4.500000000000003,3.5000000000000018,0.4,16.509554408379074
5954,90.0,4.500000000000003,3.5000000000000018,0.5,16.4519735567541
5955,89.9,4.500000000000003,3.5000000000000018,0.6,16.401010661719965
5956,89.8,4.500000000000003,3.5000000000000018,0.7000000000000001,16.357038942513547
5957,90.3,4.600000000000003,3.5000000000000018,0.1,16.59644425225032
5958,90.2,4.600000000000003,3.5000000000000018,0.2,16.52631603155285
5959,90.1,4.600000000000003,3.5000000000000018,0.3,16.461619626089703
5960,89.99999999999999,4.600000000000003,3.5000000000000018,0.4,16.402919729349414
5961,89.89999999999999,4.600000000000003,3.5000000000000018,0.5,16.350701717823743
5962,89.8,4.600000000000003,3.5000000000000018,0.6,16.30536540715746
5963,89.69999999999999,4.600000000000003,3.5000000000000018,0.7000000000000001,16.2672206225291
5964,90.2,4.700000000000003,3.5000000000000018,0.1,16.485893497046156
5965,90.1,4.700000000000003,3.5000000000000018,0.2,16.420238992005117
5966,90.0,4.700000000000003,3.5000000000000018,0.3,16.36039880824571
5967,89.89999999999999,4.700000000000003,3.5000000000000018,0.4,16.306879739423486
5968,89.8,4.700000000000003,3.5000000000000018,0.5,16.260106828222263
5969,89.7,4.700000000000003,3.5000000000000018,0.6,16.220418285278875
5970,89.6,4.700000000000003,3.5000000000000018,0.7000000000000001,16.18806220626865
5971,90.1,4.8000000000000025,3.5000000000000018,0.1,16.38582570764001
5972,90.0,4.8000000000000025,3.5000000000000018,0.2,16.324848392645574
5973,89.9,4.8000000000000025,3.5000000000000018,0.3,16.27000683232009
5974,89.8,4.8000000000000025,3.5000000000000018,0.4,16.221749636297922
5975,89.7,4.8000000000000025,3.5000000000000018,0.5,16.180442151989112
5976,89.60000000000001,4.8000000000000025,3.5000000000000018,0.6,16.14636250555839
5977,89.5,4.8000000000000025,3.5000000000000018,0.7000000000000001,16.119699405240397
5978,90.0,4.900000000000003,3.5000000000000018,0.1,16.29661209574959
5979,89.89999999999999,4.900000000000003,3.5000000000000018,0.2,16.240453437076546
5980,89.8,4.900000000000003,3.5000000000000018,0.3,16.190691319048824
5981,89.69999999999999,4.900000000000003,3.5000000000000018,0.4,16.14771666199561
5982,89.6,4.900000000000003,3.5000000000000018,0.5,16.111836486707933
5983,89.5,4.900000000000003,3.5000000000000018,0.6,16.0832710223541
5984,89.39999999999999,4.900000000000003,3.5000000000000018,0.7000000000000001,16.0621525232755
5985,89.9,5.000000000000004,3.5000000000000018,0.1,16.218492157021686
5986,89.8,5.000000000000004,3.5000000000000018,0.2,16.167233566355343
5987,89.7,5.000000000000004,3.5000000000000018,0.3,16.12257292459265
5988,89.6,5.000000000000004,3.5000000000000018,0.4,16.084844673770267
5989,89.5,5.000000000000004,3.5000000000000018,0.5,16.054299532130514
5990,89.4,5.000000000000004,3.5000000000000018,0.6,16.03110260151979
5991,89.3,5.000000000000004,3.5000000000000018,0.7000000000000001,16.015333114916615
5992,89.8,5.100000000000003,3.5000000000000018,0.1,16.15157743852086
5993,89.69999999999999,5.100000000000003,3.5000000000000018,0.2,16.105243156081304
5994,89.6,5.100000000000003,3.5000000000000018,0.3,16.06565088597587
5995,89.49999999999999,5.100000000000003,3.5000000000000018,0.4,16.033080446021543
5996,89.39999999999999,5.100000000000003,3.5000000000000018,0.5,16.007728848190553
5997,89.3,5.100000000000003,3.5000000000000018,0.6,15.989709327916366
5998,89.19999999999999,5.100000000000003,3.5000000000000018,0.7000000000000001,15.979051931964321
5999,89.7,5.200000000000003,3.5000000000000018,0.1,16.095857194035958
6000,89.6,5.200000000000003,3.5000000000000018,0.2,16.054417979253536
6001,89.5,5.200000000000003,3.5000000000000018,0.3,16.019810199009072
6002,89.39999999999999,5.200000000000003,3.5000000000000018,0.4,15.992261462587846
6003,89.3,5.200000000000003,3.5000000000000018,0.5,15.97191815500432
6004,89.2,5.200000000000003,3.5000000000000018,0.6,15.958845302817519
6005,89.1,5.200000000000003,3.5000000000000018,0.7000000000000001,15.953027906690739
6006,89.60000000000001,5.300000000000003,3.5000000000000018,0.1,16.05120569484875
6007,89.5,5.300000000000003,3.5000000000000018,0.2,16.01458319090202
6008,89.4,5.300000000000003,3.5000000000000018,0.3,15.984830176111021
6009,89.3,5.300000000000003,3.5000000000000018,0.4,15.962124941374045
6010,89.2,5.300000000000003,3.5000000000000018,0.5,15.946566714492947
6011,89.10000000000001,5.300000000000003,3.5000000000000018,0.6,15.938176271599447
6012,89.0,5.300000000000003,3.5000000000000018,0.7000000000000001,15.936897915819955
6013,89.5,5.400000000000004,3.5000000000000018,0.1,16.017390941133154
6014,89.39999999999999,5.400000000000004,3.5000000000000018,0.2,15.985462572374416
6015,89.3,5.400000000000004,3.5000000000000018,0.3,15.960394117721007
6016,89.19999999999999,5.400000000000004,3.5000000000000018,0.4,15.942317823907288
6017,89.1,5.400000000000004,3.5000000000000018,0.5,15.931289528148861
6018,89.0,5.400000000000004,3.5000000000000018,0.6,15.927289921064572
6019,88.89999999999999,5.400000000000004,3.5000000000000018,0.7000000000000001,15.930227072164605
6020,89.4,5.500000000000004,3.5000000000000018,0.1,15.994084504863594
6021,89.3,5.500000000000004,3.5000000000000018,0.2,15.96668876317859
6022,89.2,5.500000000000004,3.5000000000000018,0.3,15.94609982526303
6023,89.1,5.500000000000004,3.5000000000000018,0.4,15.932407460810847
6024,89.0,5.500000000000004,3.5000000000000018,0.5,15.925628087797215
6025,88.9,5.500000000000004,3.5000000000000018,0.6,15.925706591752682
6026,88.8,5.500000000000004,3.5000000000000018,0.7000000000000001,15.93251930017479
6027,93.3,1.5,3.600000000000002,0.1,19.77226869147326
6028,93.2,1.5,3.600000000000002,0.2,19.7876625873129
6029,93.1,1.5,3.600000000000002,0.3,19.794553986633403
6030,93.0,1.5,3.600000000000002,0.4,19.79279484555585
6031,92.9,1.5,3.600000000000002,0.5,19.7823441222715
6032,92.8,1.5,3.600000000000002,0.6,19.763269459911324
6033,92.7,1.5,3.600000000000002,0.7000000000000001,19.735746665864397
6034,93.2,1.6,3.600000000000002,0.1,19.803437534668692
6035,93.1,1.6,3.600000000000002,0.2,19.8134989907296
6036,93.0,1.6,3.600000000000002,0.3,19.814787973867
6037,92.9,1.6,3.600000000000002,0.4,19.80721811654628
6038,92.8,1.6,3.600000000000002,0.5,19.790813881095968
6039,92.7,1.6,3.600000000000002,0.6,19.76571100645178
6040,92.6,1.6,3.600000000000002,0.7000000000000001,19.73215468371852
6041,93.1,1.7000000000000002,3.600000000000002,0.1,19.8241261775256
6042,93.0,1.7000000000000002,3.600000000000002,0.2,19.828458675733593
6043,92.9,1.7000000000000002,3.600000000000002,0.3,19.823805409335034
6044,92.79999999999998,1.7000000000000002,3.600000000000002,0.4,19.810146313233375
6045,92.7,1.7000000000000002,3.600000000000002,0.5,19.78757507083644
6046,92.6,1.7000000000000002,3.600000000000002,0.6,19.75629824317028
6047,92.5,1.7000000000000002,3.600000000000002,0.7000000000000001,19.716632082790568
6048,93.0,1.8000000000000005,3.600000000000002,0.1,19.83358366932239
6049,92.9,1.8000000000000005,3.600000000000002,0.2,19.831840949492232
6050,92.8,1.8000000000000005,3.600000000000002,0.3,19.820961513038355
6051,92.7,1.8000000000000005,3.600000000000002,0.4,19.800995510450623
6052,92.6,1.8000000000000005,3.600000000000002,0.5,19.77210876063632
6053,92.5,1.8000000000000005,3.600000000000002,0.6,19.734580498191377
6054,92.4,1.8000000000000005,3.600000000000002,0.7000000000000001,19.68879878697523
6055,92.9,1.9000000000000004,3.600000000000002,0.1,19.831162689597196
6056,92.79999999999998,1.9000000000000004,3.600000000000002,0.2,19.82305620121826
6057,92.7,1.9000000000000004,3.600000000000002,0.3,19.80572929572018
6058,92.59999999999998,1.9000000000000004,3.600000000000002,0.4,19.7793054385969
6059,92.5,1.9000000000000004,3.600000000000002,0.5,19.74402461016304
6060,92.4,1.9000000000000004,3.600000000000002,0.6,19.700239626100938
6061,92.29999999999998,1.9000000000000004,3.600000000000002,0.7000000000000001,19.648410132805154
6062,92.8,2.0000000000000004,3.600000000000002,0.1,19.81633418034503
6063,92.7,2.0000000000000004,3.600000000000002,0.2,19.801639714706013
6064,92.6,2.0000000000000004,3.600000000000002,0.3,19.77771242405479
6065,92.5,2.0000000000000004,3.600000000000002,0.4,19.74475128767221
6066,92.4,2.0000000000000004,3.600000000000002,0.5,19.703071514836804
6067,92.3,2.0000000000000004,3.600000000000002,0.6,19.65309941474683
6068,92.2,2.0000000000000004,3.600000000000002,0.7000000000000001,19.595364977673047
6069,92.7,2.1000000000000005,3.600000000000002,0.1,19.788700298469017
6070,92.6,2.1000000000000005,3.600000000000002,0.2,19.76726362485033
6071,92.5,2.1000000000000005,3.600000000000002,0.3,19.73665606949193
6072,92.4,2.1000000000000005,3.600000000000002,0.4,19.69715335325703
6073,92.3,2.1000000000000005,3.600000000000002,0.5,19.649145972201683
6074,92.2,2.1000000000000005,3.600000000000002,0.6,19.59313261515243
6075,92.1,2.1000000000000005,3.600000000000002,0.7000000000000001,19.52971135729051
6076,92.6,2.2000000000000006,3.600000000000002,0.1,19.74800534301428
6077,92.5,2.2000000000000006,3.600000000000002,0.2,19.719746693224913
6078,92.4,2.2000000000000006,3.600000000000002,0.3,19.68245543989926
6079,92.29999999999998,2.2000000000000006,3.600000000000002,0.4,19.636484250759572
6080,92.2,2.2000000000000006,3.600000000000002,0.5,19.58229792559117
6081,92.1,2.2000000000000006,3.600000000000002,0.6,19.520465382644762
6082,92.0,2.2000000000000006,3.600000000000002,0.7000000000000001,19.45164951399209
6083,92.5,2.3000000000000007,3.600000000000002,0.1,19.694144353488447
6084,92.4,2.3000000000000007,3.600000000000002,0.2,19.65906162465933
6085,92.3,2.3000000000000007,3.600000000000002,0.3,19.615161744590704
6086,92.2,2.3000000000000007,3.600000000000002,0.4,19.562873479695273
6087,92.1,2.3000000000000007,3.600000000000002,0.5,19.502733900017947
6088,92.0,2.3000000000000007,3.600000000000002,0.6,19.435378978702406
6089,91.9,2.3000000000000007,3.600000000000002,0.7000000000000001,19.36153218077056
6090,92.4,2.400000000000001,3.600000000000002,0.1,19.627169127193795
6091,92.29999999999998,2.400000000000001,3.600000000000002,0.2,19.58533970273699
6092,92.2,2.400000000000001,3.600000000000002,0.3,19.53498540305561
6093,92.09999999999998,2.400000000000001,3.600000000000002,0.4,19.476609182548874
6094,92.0,2.400000000000001,3.600000000000002,0.5,19.410817310326216
6095,91.9,2.400000000000001,3.600000000000002,0.6,19.33830864968696
6096,91.79999999999998,2.400000000000001,3.600000000000002,0.7000000000000001,19.25986207335026
6097,92.3,2.500000000000001,3.600000000000002,0.1,19.54729146349221
6098,92.2,2.500000000000001,3.600000000000002,0.2,19.49887258559944
6099,92.1,2.500000000000001,3.600000000000002,0.3,19.44229637392402
6100,92.0,2.500000000000001,3.600000000000002,0.4,19.37813701098999
6101,91.9,2.500000000000001,3.600000000000002,0.5,19.30706589107434
6102,91.8,2.500000000000001,3.600000000000002,0.6,19.22983966845816
6103,91.7,2.500000000000001,3.600000000000002,0.7000000000000001,19.14728661205021
6104,92.2,2.600000000000001,3.600000000000002,0.1,19.454883509501403
6105,92.1,2.600000000000001,3.600000000000002,0.2,19.400111172455343
6106,92.0,2.600000000000001,3.600000000000002,0.3,19.337621551377374
6107,91.9,2.600000000000001,3.600000000000002,0.4,19.268056083742476
6108,91.8,2.600000000000001,3.600000000000002,0.5,19.192146269189156
6109,91.7,2.600000000000001,3.600000000000002,0.6,19.110700595684573
6110,91.6,2.600000000000001,3.600000000000002,0.7000000000000001,19.024589964459516
6111,92.1,2.700000000000001,3.600000000000002,0.1,19.35047515283031
6112,92.0,2.700000000000001,3.600000000000002,0.2,19.289661523611365
6113,91.9,2.700000000000001,3.600000000000002,0.3,19.22163924912606
6114,91.79999999999998,2.700000000000001,3.600000000000002,0.4,19.14711209299547
6115,91.7,2.700000000000001,3.600000000000002,0.5,19.066865771886846
6116,91.6,2.700000000000001,3.600000000000002,0.6,18.981753887204725
6117,91.5,2.700000000000001,3.600000000000002,0.7000000000000001,18.892682566851317
6118,92.0,2.800000000000001,3.600000000000002,0.1,19.234748480377664
6119,91.9,2.800000000000001,3.600000000000002,0.2,19.168277890383592
6120,91.8,2.800000000000001,3.600000000000002,0.3,19.095170864922274
6121,91.7,2.800000000000001,3.600000000000002,0.4,19.016187687589007
6122,91.6,2.800000000000001,3.600000000000002,0.5,18.932161631427316
6123,91.5,2.800000000000001,3.600000000000002,0.6,18.843984039872023
6124,91.4,2.800000000000001,3.600000000000002,0.7000000000000001,18.752588344689197
6125,91.9,2.900000000000001,3.600000000000002,0.1,19.108529395620927
6126,91.79999999999998,2.900000000000001,3.600000000000002,0.2,19.036852983589785
6127,91.7,2.900000000000001,3.600000000000002,0.3,18.959169889054543
6128,91.59999999999998,2.900000000000001,3.600000000000002,0.4,18.876290329059103
6129,91.5,2.900000000000001,3.600000000000002,0.5,18.789087812787635
6130,91.4,2.900000000000001,3.600000000000002,0.6,18.698483528861182
6131,91.29999999999998,2.900000000000001,3.600000000000002,0.7000000000000001,18.605429908596374
6132,91.8,3.0000000000000013,3.600000000000002,0.1,18.97277655789452
6133,91.7,3.0000000000000013,3.600000000000002,0.2,18.89640567817936
6134,91.6,3.0000000000000013,3.600000000000002,0.3,18.814708486162697
6135,91.5,3.0000000000000013,3.600000000000002,0.4,18.728537878864813
6136,91.4,3.0000000000000013,3.600000000000002,0.5,18.638799748300823
6137,91.3,3.0000000000000013,3.600000000000002,0.6,18.546436842566845
6138,91.2,3.0000000000000013,3.600000000000002,0.7000000000000001,18.452412050061632
6139,91.7,3.1000000000000014,3.600000000000002,0.1,18.82856787366203
6140,91.6,3.1000000000000014,3.600000000000002,0.2,18.748066414778588
6141,91.5,3.1000000000000014,3.600000000000002,0.3,18.66296193897669
6142,91.4,3.1000000000000014,3.600000000000002,0.4,18.574142229828762
6143,91.3,3.1000000000000014,3.600000000000002,0.5,18.482537312955003
6144,91.2,3.1000000000000014,3.600000000000002,0.6,18.38910296539856
6145,91.1,3.1000000000000014,3.600000000000002,0.7000000000000001,18.294803899547837
6146,91.6,3.200000000000001,3.600000000000002,0.1,18.67708482966452
6147,91.5,3.200000000000001,3.600000000000002,0.2,18.593060614572785
6148,91.4,3.200000000000001,3.600000000000002,0.3,18.505191293420033
6149,91.29999999999998,3.200000000000001,3.600000000000002,0.4,18.41439134037632
6150,91.2,3.200000000000001,3.600000000000002,0.5,18.32160641393152
6151,91.1,3.200000000000001,3.600000000000002,0.6,18.22779669271582
6152,91.0,3.200000000000001,3.600000000000002,0.7000000000000001,18.133920137500194
6153,91.5,3.3000000000000016,3.600000000000002,0.1,18.519595009262535
6154,91.4,3.3000000000000016,3.600000000000002,0.2,18.432690470352775
6155,91.3,3.3000000000000016,3.600000000000002,0.3,18.342724585447158
6156,91.2,3.3000000000000016,3.600000000000002,0.4,18.25063006525591
6157,91.1,3.3000000000000016,3.600000000000002,0.5,18.15735959698621
6158,91.0,3.3000000000000016,3.600000000000002,0.6,18.063869184968674
6159,90.9,3.3000000000000016,3.600000000000002,0.7000000000000001,17.971101665343998
6160,91.4,3.4000000000000017,3.600000000000002,0.1,18.35743317477651
6161,91.29999999999998,3.4000000000000017,3.600000000000002,0.2,18.26831551240316
6162,91.2,3.4000000000000017,3.600000000000002,0.3,18.176937059876664
6163,91.09999999999998,3.4000000000000017,3.600000000000002,0.4,18.084240200150308
6164,91.0,3.4000000000000017,3.600000000000002,0.5,17.99117608974239
6165,90.9,3.4000000000000017,3.600000000000002,0.6,17.8986881793204
6166,90.79999999999998,3.4000000000000017,3.600000000000002,0.7000000000000001,17.807696148642957
6167,91.3,3.5000000000000018,3.600000000000002,0.1,18.191981329032494
6168,91.2,3.5000000000000018,3.600000000000002,0.2,18.101332372262263
6169,91.1,3.5000000000000018,3.600000000000002,0.3,18.00923080961166
6170,91.0,3.5000000000000018,3.600000000000002,0.4,17.916620169432772
6171,90.9,3.5000000000000018,3.600000000000002,0.5,17.824441707565395
6172,90.8,3.5000000000000018,3.600000000000002,0.6,17.733618276544377
6173,90.7,3.5000000000000018,3.600000000000002,0.7000000000000001,17.64503883827187
6174,91.2,3.600000000000002,3.600000000000002,0.1,18.024648187889618
6175,91.09999999999998,3.600000000000002,3.600000000000002,0.2,17.933154179707714
6176,91.0,3.600000000000002,3.600000000000002,0.3,17.841014269689524
6177,90.89999999999998,3.600000000000002,3.600000000000002,0.4,17.74916478617591
6178,90.79999999999998,3.600000000000002,3.600000000000002,0.5,17.65852904153701
6179,90.7,3.600000000000002,3.600000000000002,0.6,17.570001709113203
6180,90.59999999999998,3.600000000000002,3.600000000000002,0.7000000000000001,17.484434058238257
6181,91.1,3.700000000000002,3.600000000000002,0.1,17.856848501935616
6182,91.0,3.700000000000002,3.600000000000002,0.2,17.76519002850587
6183,90.9,3.700000000000002,3.600000000000002,0.3,17.67368199467099
6184,90.79999999999998,3.700000000000002,3.600000000000002,0.4,17.58324550169502
6185,90.7,3.700000000000002,3.600000000000002,0.5,17.494778330638916
6186,90.6,3.700000000000002,3.600000000000002,0.6,17.409139973812785
6187,90.5,3.700000000000002,3.600000000000002,0.7000000000000001,17.32713772151063
6188,91.0,3.800000000000002,3.600000000000002,0.1,17.68998265987342
6189,90.9,3.800000000000002,3.600000000000002,0.2,17.598824934795072
6190,90.8,3.800000000000002,3.600000000000002,0.3,17.508595130458268
6191,90.7,3.800000000000002,3.600000000000002,0.4,17.420191539074725
6192,90.6,3.800000000000002,3.600000000000002,0.5,17.33447939244384
6193,90.5,3.800000000000002,3.600000000000002,0.6,17.252276679931803
6194,90.4,3.800000000000002,3.600000000000002,0.7000000000000001,17.17434119902215
6195,90.9,3.900000000000002,3.600000000000002,0.1,17.525416988869605
6196,90.79999999999998,3.900000000000002,3.600000000000002,0.2,17.435400689139424
6197,90.7,3.900000000000002,3.600000000000002,0.3,17.347062963583575
6198,90.59999999999998,3.900000000000002,3.600000000000002,0.4,17.261272272322294
6199,90.5,3.900000000000002,3.600000000000002,0.5,17.17885494957467
6200,90.4,3.900000000000002,3.600000000000002,0.6,17.100581923392237
6201,90.29999999999998,3.900000000000002,3.600000000000002,0.7000000000000001,17.027156823326116
6202,90.8,4.000000000000002,3.600000000000002,0.1,17.36446513915067
6203,90.7,4.000000000000002,3.600000000000002,0.2,17.276197970310456
6204,90.6,4.000000000000002,3.600000000000002,0.3,17.19032589351349
6205,90.5,4.000000000000002,3.600000000000002,0.4,17.107681171322827
6206,90.4,4.000000000000002,3.600000000000002,0.5,17.02904564435555
6207,90.3,4.000000000000002,3.600000000000002,0.6,16.955138449630425
6208,90.2,4.000000000000002,3.600000000000002,0.7000000000000001,16.886605258772295
6209,90.7,4.100000000000002,3.600000000000002,0.1,17.208370902593952
6210,90.59999999999998,4.100000000000002,3.600000000000002,0.2,17.122420047058117
6211,90.5,4.100000000000002,3.600000000000002,0.3,17.039540128023507
6212,90.39999999999998,4.100000000000002,3.600000000000002,0.4,16.960521584199526
6213,90.29999999999998,4.100000000000002,3.600000000000002,0.5,16.886096983083636
6214,90.2,4.100000000000002,3.600000000000002,0.6,16.8169298152977
6215,90.09999999999998,4.100000000000002,3.600000000000002,0.7000000000000001,16.753604916280967
6216,90.6,4.200000000000003,3.600000000000002,0.1,17.058292769416692
6217,90.5,4.200000000000003,3.600000000000002,0.2,16.975178345081922
6218,90.4,4.200000000000003,3.600000000000002,0.3,16.89576434986185
6219,90.29999999999998,4.200000000000003,3.600000000000002,0.4,16.82079457472925
6220,90.2,4.200000000000003,3.600000000000002,0.5,16.750948395960346
6221,90.1,4.200000000000003,3.600000000000002,0.6,16.686830702716495
6222,89.99999999999999,4.200000000000003,3.600000000000002,0.7000000000000001,16.628963534600075
6223,90.5,4.3000000000000025,3.600000000000002,0.1,16.915290474978118
6224,90.4,4.3000000000000025,3.600000000000002,0.2,16.83548010184261
6225,90.3,4.3000000000000025,3.600000000000002,0.3,16.759948546540574
6226,90.2,4.3000000000000025,3.600000000000002,0.4,16.68938897495195
6227,90.1,4.3000000000000025,3.600000000000002,0.5,16.624424540772715
6228,90.0,4.3000000000000025,3.600000000000002,0.6,16.56559948332331
6229,89.89999999999999,4.3000000000000025,3.600000000000002,0.7000000000000001,16.513371993121932
6230,90.4,4.400000000000002,3.600000000000002,0.1,16.780313731971667
6231,90.29999999999998,4.400000000000002,3.600000000000002,0.2,16.70421827361286
6232,90.2,4.400000000000002,3.600000000000002,0.3,16.63292513602418
6233,90.09999999999998,4.400000000000002,3.600000000000002,0.4,16.567073753908723
6234,89.99999999999999,4.400000000000002,3.600000000000002,0.5,16.507228919746414
6235,89.89999999999999,4.400000000000002,3.600000000000002,0.6,16.453873068839105
6236,89.79999999999998,4.400000000000002,3.600000000000002,0.7000000000000001,16.40740036563451
6237,90.3,4.500000000000003,3.600000000000002,0.1,16.654193283772496
6238,90.2,4.500000000000003,3.600000000000002,0.2,16.58216379912545
6239,90.1,4.500000000000003,3.600000000000002,0.3,16.515402461198875
6240,89.99999999999999,4.500000000000003,3.600000000000002,0.4,16.454492744370377
6241,89.89999999999999,4.500000000000003,3.600000000000002,0.5,16.39993982136703
6242,89.8,4.500000000000003,3.600000000000002,0.6,16.352164033327583
6243,89.69999999999999,4.500000000000003,3.600000000000002,0.7000000000000001,16.311496171382913
6244,90.2,4.600000000000003,3.600000000000002,0.1,16.53763435429025
6245,90.09999999999998,4.600000000000003,3.600000000000002,0.2,16.469960264192572
6246,89.99999999999999,4.600000000000003,3.600000000000002,0.3,16.407960667101992
6247,89.89999999999998,4.600000000000003,3.600000000000002,0.4,16.35216171221458
6248,89.79999999999998,4.600000000000003,3.600000000000002,0.5,16.303008544041806
6249,89.69999999999999,4.600000000000003,3.600000000000002,0.6,16.260859937175656
6250,89.59999999999998,4.600000000000003,3.600000000000002,0.7000000000000001,16.22598473095192
6251,90.1,4.700000000000003,3.600000000000002,0.1,16.431212510174444
6252,89.99999999999999,4.700000000000003,3.600000000000002,0.2,16.368120953498384
6253,89.89999999999999,4.700000000000003,3.600000000000002,0.3,16.311049918650788
6254,89.79999999999998,4.700000000000003,3.600000000000002,0.4,16.26046769936293
6255,89.69999999999999,4.700000000000003,3.600000000000002,0.5,16.21675980772188
6256,89.6,4.700000000000003,3.600000000000002,0.6,16.18022473671615
6257,89.49999999999999,4.700000000000003,3.600000000000002,0.7000000000000001,16.15107149096959
6258,90.0,4.8000000000000025,3.600000000000002,0.1,16.335371894325384
6259,89.89999999999999,4.8000000000000025,3.600000000000002,0.2,16.277028221015247
6260,89.8,4.8000000000000025,3.600000000000002,0.3,16.224990864544488
6261,89.69999999999999,4.8000000000000025,3.600000000000002,0.4,16.17967052229061
6262,89.6,4.8000000000000025,3.600000000000002,0.5,16.14139421429408
6263,89.5,4.8000000000000025,3.600000000000002,0.6,16.11040212183351
6264,89.39999999999999,4.8000000000000025,3.600000000000002,0.7000000000000001,16.086846144453936
6265,89.89999999999999,4.900000000000003,3.600000000000002,0.1,16.25042573689873
6266,89.79999999999998,4.900000000000003,3.600000000000002,0.2,16.196935060584558
6267,89.69999999999999,4.900000000000003,3.600000000000002,0.3,16.149977206417308
6268,89.59999999999998,4.900000000000003,3.600000000000002,0.4,16.109906265236628
6269,89.49999999999999,4.900000000000003,3.600000000000002,0.5,16.076992578700395
6270,89.39999999999999,4.900000000000003,3.600000000000002,0.6,16.051420589322863
6271,89.29999999999998,4.900000000000003,3.600000000000002,0.7000000000000001,16.03328834350088
6272,89.8,5.000000000000004,3.600000000000002,0.1,16.176559002671084
6273,89.69999999999999,5.000000000000004,3.600000000000002,0.2,16.127968714317195
6274,89.6,5.000000000000004,3.600000000000002,0.3,16.086080192243532
6275,89.49999999999999,5.000000000000004,3.600000000000002,0.4,16.051192571274704
6276,89.39999999999999,5.000000000000004,3.600000000000002,0.5,16.023521921107374
6277,89.3,5.000000000000004,3.600000000000002,0.6,16.003200032612902
6278,89.19999999999999,5.000000000000004,3.600000000000002,0.7000000000000001,15.990274778389544
6279,89.69999999999999,5.100000000000003,3.600000000000002,0.1,16.113832992820324
6280,89.59999999999998,5.100000000000003,3.600000000000002,0.2,16.07013611953677
6281,89.49999999999999,5.100000000000003,3.600000000000002,0.3,16.033254820221163
6282,89.39999999999998,5.100000000000003,3.600000000000002,0.4,16.003435505987188
6283,89.29999999999998,5.100000000000003,3.600000000000002,0.5,15.980842886508245
6284,89.19999999999999,5.100000000000003,3.600000000000002,0.6,15.965559609041764
6285,89.09999999999998,5.100000000000003,3.600000000000002,0.7000000000000001,15.957587382240801
6286,89.6,5.200000000000003,3.600000000000002,0.1,16.062191685671223
6287,89.49999999999999,5.200000000000003,3.600000000000002,0.2,16.023330965664613
6288,89.39999999999999,5.200000000000003,3.600000000000002,0.3,15.991347514391855
6289,89.29999999999998,5.200000000000003,3.600000000000002,0.4,15.966437747970037
6290,89.19999999999999,5.200000000000003,3.600000000000002,0.5,15.948718342099713
6291,89.1,5.200000000000003,3.600000000000002,0.6,15.938226634250675
6292,88.99999999999999,5.200000000000003,3.600000000000002,0.7000000000000001,15.934922413025587
6293,89.5,5.300000000000003,3.600000000000002,0.1,16.02146957528244
6294,89.39999999999999,5.300000000000003,3.600000000000002,0.2,15.987342111101247
6295,89.3,5.300000000000003,3.600000000000002,0.3,15.96010501631747
6296,89.19999999999999,5.300000000000003,3.600000000000002,0.4,15.939907847864532
6297,89.1,5.300000000000003,3.600000000000002,0.5,15.92682289457103
6298,89.0,5.300000000000003,3.600000000000002,0.6,15.920846249234843
6299,88.89999999999999,5.300000000000003,3.600000000000002,0.7000000000000001,15.92190016465677
6300,89.39999999999999,5.400000000000004,3.600000000000002,0.1,15.991400749150923
6301,89.29999999999998,5.400000000000004,3.600000000000002,0.2,15.96186309689501
6302,89.19999999999999,5.400000000000004,3.600000000000002,0.3,15.939184228183471
6303,89.09999999999998,5.400000000000004,3.600000000000002,0.4,15.923470292879863
6304,88.99999999999999,5.400000000000004,3.600000000000002,0.5,15.91475306876474
6305,88.89999999999999,5.400000000000004,3.600000000000002,0.6,15.912991608734293
6306,88.79999999999998,5.400000000000004,3.600000000000002,0.7000000000000001,15.918075065573388
6307,89.3,5.500000000000004,3.600000000000002,0.1,15.971628936756218
6308,89.19999999999999,5.500000000000004,3.600000000000002,0.2,15.946502488638167
6309,89.1,5.500000000000004,3.600000000000002,0.3,15.928162741439566
6310,88.99999999999999,5.500000000000004,3.600000000000002,0.4,15.916676116420374
6311,88.89999999999999,5.500000000000004,3.600000000000002,0.5,15.912037895481795
6312,88.8,5.500000000000004,3.600000000000002,0.6,15.914174349323297
6313,88.69999999999999,5.500000000000004,3.600000000000002,0.7000000000000001,15.922945935914267
6314,93.2,1.5,3.700000000000002,0.1,19.78256272369914
6315,93.1,1.5,3.700000000000002,0.2,19.793561905544212
6316,93.0,1.5,3.700000000000002,0.3,19.79594362483802
6317,92.9,1.5,3.700000000000002,0.4,19.789613335230168
6318,92.8,1.5,3.700000000000002,0.5,19.774585023238227
6319,92.7,1.5,3.700000000000002,0.6,19.75098179866305
6320,92.6,1.5,3.700000000000002,0.7000000000000001,19.719034263433905
6321,93.1,1.6,3.700000000000002,0.1,19.80847915756893
6322,93.0,1.6,3.700000000000002,0.2,19.813950192857963
6323,92.9,1.6,3.700000000000002,0.3,19.81057258185807
6324,92.8,1.6,3.700000000000002,0.4,19.798315930202833
6325,92.7,1.6,3.700000000000002,0.5,19.77726150226512
6326,92.6,1.6,3.700000000000002,0.6,19.747601532081738
6327,92.5,1.6,3.700000000000002,0.7000000000000001,19.70963626421593
6328,93.0,1.7000000000000002,3.700000000000002,0.1,19.823584748621577
6329,92.9,1.7000000000000002,3.700000000000002,0.2,19.823167120010098
6330,92.8,1.7000000000000002,3.700000000000002,0.3,19.813729382720993
6331,92.7,1.7000000000000002,3.700000000000002,0.4,19.795309372110424
6332,92.6,1.7000000000000002,3.700000000000002,0.5,19.768058747837742
6333,92.5,1.7000000000000002,3.700000000000002,0.6,19.732240957532337
6334,92.4,1.7000000000000002,3.700000000000002,0.7000000000000001,19.688226906601948
6335,92.9,1.8000000000000005,3.700000000000002,0.1,19.8271829818543
6336,92.8,1.8000000000000005,3.700000000000002,0.2,19.820570359573352
6337,92.7,1.8000000000000005,3.700000000000002,0.3,19.8048310276192
6338,92.6,1.8000000000000005,3.700000000000002,0.4,19.780074357501043
6339,92.5,1.8000000000000005,3.700000000000002,0.5,19.746524671838678
6340,92.4,1.8000000000000005,3.700000000000002,0.6,19.704517811518127
6341,92.3,1.8000000000000005,3.700000000000002,0.7000000000000001,19.6544954114518
6342,92.8,1.9000000000000004,3.700000000000002,0.1,19.8186875764881
6343,92.7,1.9000000000000004,3.700000000000002,0.2,19.805634696080382
6344,92.6,1.9000000000000004,3.700000000000002,0.3,19.783417692053852
6345,92.5,1.9000000000000004,3.700000000000002,0.4,19.752219916635823
6346,92.4,1.9000000000000004,3.700000000000002,0.5,19.71233969892092
6347,92.3,1.9000000000000004,3.700000000000002,0.6,19.664185486521628
6348,92.2,1.9000000000000004,3.700000000000002,0.7000000000000001,19.608268725621954
6349,92.7,2.0000000000000004,3.700000000000002,0.1,19.797636163157964
6350,92.6,2.0000000000000004,3.700000000000002,0.2,19.777964787546267
6351,92.5,2.0000000000000004,3.700000000000002,0.3,19.749164455982395
6352,92.4,2.0000000000000004,3.700000000000002,0.4,19.711494009018455
6353,92.3,2.0000000000000004,3.700000000000002,0.5,19.665326144640535
6354,92.2,2.0000000000000004,3.700000000000002,0.6,19.611141126999968
6355,92.1,2.0000000000000004,3.700000000000002,0.7000000000000001,19.54951829122591
6356,92.6,2.1000000000000005,3.700000000000002,0.1,19.76370211791356
6357,92.5,2.1000000000000005,3.700000000000002,0.2,19.737305921388426
6358,92.4,2.1000000000000005,3.700000000000002,0.3,19.701890882898542
6359,92.3,2.1000000000000005,3.700000000000002,0.4,19.657791844730852
6360,92.2,2.1000000000000005,3.700000000000002,0.5,19.605455217581515
6361,92.1,2.1000000000000005,3.700000000000002,0.6,19.545431271378348
6362,92.0,2.1000000000000005,3.700000000000002,0.7000000000000001,19.478364307725325
6363,92.5,2.2000000000000006,3.700000000000002,0.1,19.71670423212518
6364,92.4,2.2000000000000006,3.700000000000002,0.2,19.683552467196684
6365,92.3,2.2000000000000006,3.700000000000002,0.3,19.641568177839083
6366,92.2,2.2000000000000006,3.700000000000002,0.4,19.59116168984288
6367,92.1,2.2000000000000006,3.700000000000002,0.5,19.532851435236566
6368,92.0,2.2000000000000006,3.700000000000002,0.6,19.46725486296975
6369,91.9,2.2000000000000006,3.700000000000002,0.7000000000000001,19.395077344027495
6370,92.4,2.3000000000000007,3.700000000000002,0.1,19.65661394400041
6371,92.3,2.3000000000000007,3.700000000000002,0.2,19.616753780040483
6372,92.2,2.3000000000000007,3.700000000000002,0.3,19.56832370859996
6373,92.1,2.3000000000000007,3.700000000000002,0.4,19.51180797286418
6374,92.0,2.3000000000000007,3.700000000000002,0.5,19.447794304820434
6375,91.9,2.3000000000000007,3.700000000000002,0.6,19.376963516131934
6376,91.8,2.3000000000000007,3.700000000000002,0.7000000000000001,19.300077222352417
6377,92.3,2.400000000000001,3.700000000000002,0.1,19.583559913016316
6378,92.2,2.400000000000001,3.700000000000002,0.2,19.537117367403805
6379,92.1,2.400000000000001,3.700000000000002,0.3,19.482442736982993
6380,92.0,2.400000000000001,3.700000000000002,0.4,19.420091574157105
6381,91.9,2.400000000000001,3.700000000000002,0.5,19.35071718679189
6382,91.8,2.400000000000001,3.700000000000002,0.6,19.275058991437657
6383,91.7,2.400000000000001,3.700000000000002,0.7000000000000001,19.19392916317555
6384,92.2,2.500000000000001,3.700000000000002,0.1,19.4978297815277
6385,92.1,2.500000000000001,3.700000000000002,0.2,19.44500919862993
6386,92.0,2.500000000000001,3.700000000000002,0.3,19.3843672747785
6387,91.9,2.500000000000001,3.700000000000002,0.4,19.31652724942456
6388,91.8,2.500000000000001,3.700000000000002,0.5,19.242203328569303
6389,91.7,2.500000000000001,3.700000000000002,0.6,19.162187903059415
6390,91.6,2.500000000000001,3.700000000000002,0.7000000000000001,19.077337248914738
6391,92.1,2.600000000000001,3.700000000000002,0.1,19.39986903620618
6392,92.0,2.600000000000001,3.700000000000002,0.2,19.340951105908875
6393,91.9,2.600000000000001,3.700000000000002,0.3,19.274692050300825
6394,91.8,2.600000000000001,3.700000000000002,0.4,19.201778209653064
6395,91.7,2.600000000000001,3.700000000000002,0.5,19.12297912654205
6396,91.6,2.600000000000001,3.700000000000002,0.6,19.03913375075639
6397,91.5,2.600000000000001,3.700000000000002,0.7000000000000001,18.951135331044497
6398,92.0,2.700000000000001,3.700000000000002,0.1,19.290276953670567
6399,91.9,2.700000000000001,3.700000000000002,0.2,19.225615298148824
6400,91.8,2.700000000000001,3.700000000000002,0.3,19.154157643392907
6401,91.7,2.700000000000001,3.700000000000002,0.4,19.076647950974657
6402,91.6,2.700000000000001,3.700000000000002,0.5,18.99390474376753
6403,91.5,2.700000000000001,3.700000000000002,0.6,18.9068064356076
6404,91.4,2.700000000000001,3.700000000000002,0.7000000000000001,18.816275568865443
6405,91.9,2.800000000000001,3.700000000000002,0.1,19.169799687425268
6406,91.8,2.800000000000001,3.700000000000002,0.2,19.099816081254584
6407,91.7,2.800000000000001,3.700000000000002,0.3,19.02364091761859
6408,91.6,2.800000000000001,3.700000000000002,0.4,18.942069496560325
6409,91.5,2.800000000000001,3.700000000000002,0.5,18.855962276513058
6410,91.4,2.800000000000001,3.700000000000002,0.6,18.76622948085735
6411,91.3,2.800000000000001,3.700000000000002,0.7000000000000001,18.673814846244902
6412,91.8,2.900000000000001,3.700000000000002,0.1,19.03932062473032
6413,91.7,2.900000000000001,3.700000000000002,0.2,18.964498948107174
6414,91.6,2.900000000000001,3.700000000000002,0.3,18.884142945631954
6415,91.5,2.900000000000001,3.700000000000002,0.4,18.799092276714763
6416,91.4,2.900000000000001,3.700000000000002,0.5,18.7102417229937
6417,91.3,2.900000000000001,3.700000000000002,0.6,18.618525234998764
6418,91.2,2.900000000000001,3.700000000000002,0.7000000000000001,18.524899363489258
6419,91.7,3.0000000000000013,3.700000000000002,0.1,18.899848210026793
6420,91.6,3.0000000000000013,3.700000000000002,0.2,18.82072726670575
6421,91.5,3.0000000000000013,3.700000000000002,0.3,18.736774685350266
6422,91.4,3.0000000000000013,3.700000000000002,0.4,18.64886693081756
6423,91.3,3.0000000000000013,3.700000000000002,0.5,18.55792506042636
6424,91.2,3.0000000000000013,3.700000000000002,0.6,18.464898381825872
6425,91.1,3.0000000000000013,3.700000000000002,0.7000000000000001,18.370747743594855
6426,91.6,3.1000000000000014,3.700000000000002,0.1,18.75250149391079
6427,91.5,3.1000000000000014,3.700000000000002,0.2,18.669666853477075
6428,91.4,3.1000000000000014,3.700000000000002,0.3,18.58274071866669
6429,91.3,3.1000000000000014,3.700000000000002,0.4,18.492628363912136
6430,91.2,3.1000000000000014,3.700000000000002,0.5,18.40026878029213
6431,91.1,3.1000000000000014,3.700000000000002,0.6,18.306618120247588
6432,91.0,3.1000000000000014,3.700000000000002,0.7000000000000001,18.2126330242609
6433,91.5,3.200000000000001,3.700000000000002,0.1,18.598493721475133
6434,91.4,3.200000000000001,3.700000000000002,0.2,18.512568768903197
6435,91.3,3.200000000000001,3.700000000000002,0.3,18.423321409412626
6436,91.2,3.200000000000001,3.700000000000002,0.4,18.33167743014431
6437,91.1,3.200000000000001,3.700000000000002,0.5,18.238585265233045
6438,91.0,3.200000000000001,3.700000000000002,0.6,18.144999404139373
6439,90.9,3.200000000000001,3.700000000000002,0.7000000000000001,18.051863928399868
6440,91.4,3.3000000000000016,3.700000000000002,0.1,18.4391143194853
6441,91.3,3.3000000000000016,3.700000000000002,0.2,18.350750712906105
6442,91.2,3.3000000000000016,3.700000000000002,0.3,18.259853871838516
6443,91.1,3.3000000000000016,3.700000000000002,0.4,18.167361643821543
6444,91.0,3.3000000000000016,3.700000000000002,0.5,18.074223413436698
6445,90.9,3.3000000000000016,3.700000000000002,0.6,17.981383648748558
6446,90.8,3.3000000000000016,3.700000000000002,0.7000000000000001,17.88976581600174
6447,91.3,3.4000000000000017,3.700000000000002,0.1,18.275709677032086
6448,91.2,3.4000000000000017,3.700000000000002,0.2,18.185577426752864
6449,91.1,3.4000000000000017,3.700000000000002,0.3,18.093712164128288
6450,91.0,3.4000000000000017,3.700000000000002,0.4,18.001055335913687
6451,90.9,3.4000000000000017,3.700000000000002,0.5,17.90854892720434
6452,90.8,3.4000000000000017,3.700000000000002,0.6,17.817119314905085
6453,90.7,3.4000000000000017,3.700000000000002,0.7000000000000001,17.727661719038878
6454,91.2,3.5000000000000018,3.700000000000002,0.1,18.109663138088266
6455,91.1,3.5000000000000018,3.700000000000002,0.2,18.01844052589728
6456,91.0,3.5000000000000018,3.700000000000002,0.3,17.926287132899656
6457,90.9,3.5000000000000018,3.700000000000002,0.4,17.83413967906035
6458,90.8,3.5000000000000018,3.700000000000002,0.5,17.74292468158349
6459,90.7,3.5000000000000018,3.700000000000002,0.6,17.653542775649274
6460,90.6,3.5000000000000018,3.700000000000002,0.7000000000000001,17.56685384896102
6461,91.1,3.600000000000002,3.700000000000002,0.1,17.942374636277613
6462,91.0,3.600000000000002,3.700000000000002,0.2,17.850738193855765
6463,90.9,3.600000000000002,3.700000000000002,0.3,17.75896633418018
6464,90.79999999999998,3.600000000000002,3.700000000000002,0.4,17.6679829977103
6465,90.7,3.600000000000002,3.700000000000002,0.5,17.578691576793528
6466,90.6,3.600000000000002,3.700000000000002,0.6,17.491959852380035
6467,90.5,3.600000000000002,3.700000000000002,0.7000000000000001,17.408605943908093
6468,91.0,3.700000000000002,3.700000000000002,0.1,17.77524040204281
6469,90.9,3.700000000000002,3.700000000000002,0.2,17.683855161031385
6470,90.8,3.700000000000002,3.700000000000002,0.3,17.593114444301914
6471,90.7,3.700000000000002,3.700000000000002,0.4,17.503921762401465
6472,90.6,3.700000000000002,3.700000000000002,0.5,17.417150255370757
6473,90.5,3.700000000000002,3.700000000000002,0.6,17.333628380107278
6474,90.4,3.700000000000002,3.700000000000002,0.7000000000000001,17.254126791061086
6475,90.9,3.800000000000002,3.700000000000002,0.1,17.609633160574152
6476,90.8,3.800000000000002,3.700000000000002,0.2,17.519143374855886
6477,90.7,3.800000000000002,3.700000000000002,0.3,17.43005455121471
6478,90.6,3.800000000000002,3.700000000000002,0.4,17.34324263925926
6479,90.5,3.800000000000002,3.700000000000002,0.5,17.25954403253094
6480,90.4,3.800000000000002,3.700000000000002,0.6,17.179742125016833
6481,90.3,3.800000000000002,3.700000000000002,0.7000000000000001,17.104555219839437
6482,90.8,3.900000000000002,3.700000000000002,0.1,17.446883216019835
6483,90.7,3.900000000000002,3.700000000000002,0.2,17.357903739577
6484,90.6,3.900000000000002,3.700000000000002,0.3,17.271050683908378
6485,90.5,3.900000000000002,3.700000000000002,0.4,17.187165928724696
6486,90.4,3.900000000000002,3.700000000000002,0.5,17.10704334749356
6487,90.3,3.900000000000002,3.700000000000002,0.6,17.031416333740335
6488,90.2,3.900000000000002,3.700000000000002,0.7000000000000001,16.960946815426563
6489,90.7,4.000000000000002,3.700000000000002,0.1,17.288260784665116
6490,90.6,4.000000000000002,3.700000000000002,0.2,17.201369266658773
6491,90.5,4.000000000000002,3.700000000000002,0.3,17.11729189627732
6492,90.4,4.000000000000002,3.700000000000002,0.4,17.036830682754303
6493,90.3,4.000000000000002,3.700000000000002,0.5,16.960731995967297
6494,90.2,4.000000000000002,3.700000000000002,0.6,16.8896751440636
6495,90.1,4.000000000000002,3.700000000000002,0.7000000000000001,16.824262551015437
6496,90.6,4.100000000000002,3.700000000000002,0.1,17.13495989826083
6497,90.5,4.100000000000002,3.700000000000002,0.2,17.050689931532858
6498,90.4,4.100000000000002,3.700000000000002,0.3,16.96987817340502
6499,90.29999999999998,4.100000000000002,3.700000000000002,0.4,16.89328173889824
6500,90.2,4.100000000000002,3.700000000000002,0.5,16.8215953513492
6501,90.1,4.100000000000002,3.700000000000002,0.6,16.755441033035435
6502,89.99999999999999,4.100000000000002,3.700000000000002,0.7000000000000001,16.695359482954284
6503,90.5,4.200000000000003,3.700000000000002,0.1,16.988084150056665
6504,90.4,4.200000000000003,3.700000000000002,0.2,16.906919480982374
6505,90.3,4.200000000000003,3.700000000000002,0.3,16.82980837461165
6506,90.2,4.200000000000003,3.700000000000002,0.4,16.757458854522678
6507,90.1,4.200000000000003,3.700000000000002,0.5,16.690510726230787
6508,90.0,4.200000000000003,3.700000000000002,0.6,16.629526422343655
6509,89.89999999999999,4.200000000000003,3.700000000000002,0.7000000000000001,16.574983597402095
6510,90.4,4.3000000000000025,3.700000000000002,0.1,16.848634502071473
6511,90.3,4.3000000000000025,3.700000000000002,0.2,16.7710043795428
6512,90.2,4.3000000000000025,3.700000000000002,0.3,16.697970370508855
6513,90.1,4.3000000000000025,3.700000000000002,0.4,16.630188066826552
6514,90.0,4.3000000000000025,3.700000000000002,0.5,16.568239968350564
6515,89.9,4.3000000000000025,3.700000000000002,0.6,16.5126275041867
6516,89.8,4.3000000000000025,3.700000000000002,0.7000000000000001,16.463764841906595
6517,90.3,4.400000000000002,3.700000000000002,0.1,16.717499314541886
6518,90.2,4.400000000000002,3.700000000000002,0.2,16.643775024811834
6519,90.1,4.400000000000002,3.700000000000002,0.3,16.575133472592512
6520,89.99999999999999,4.400000000000002,3.700000000000002,0.4,16.51217534603979
6521,89.89999999999999,4.400000000000002,3.700000000000002,0.5,16.45542432796261
6522,89.8,4.400000000000002,3.700000000000002,0.6,16.405320295407922
6523,89.69999999999999,4.400000000000002,3.700000000000002,0.7000000000000001,16.362214322123616
6524,90.2,4.500000000000003,3.700000000000002,0.1,16.595446699187264
6525,90.1,4.500000000000003,3.700000000000002,0.2,16.525939302321966
6526,90.0,4.500000000000003,3.700000000000002,0.3,16.461943195391285
6527,89.89999999999999,4.500000000000003,3.700000000000002,0.4,16.404002552034356
6528,89.8,4.500000000000003,3.700000000000002,0.5,16.352581578394158
6529,89.7,4.500000000000003,3.700000000000002,0.6,16.308058874964566
6530,89.6,4.500000000000003,3.700000000000002,0.7000000000000001,16.27072359419428
6531,90.1,4.600000000000003,3.700000000000002,0.1,16.48311923874334
6532,89.99999999999999,4.600000000000003,3.700000000000002,0.2,16.418078492430517
6533,89.89999999999999,4.600000000000003,3.700000000000002,0.3,16.3589183345945
6534,89.79999999999998,4.600000000000003,3.700000000000002,0.4,16.306125650173954
6535,89.69999999999999,4.600000000000003,3.700000000000002,0.5,16.260105319873855
6536,89.6,4.600000000000003,3.700000000000002,0.6,16.221175711299637
6537,89.49999999999999,4.600000000000003,3.700000000000002,0.7000000000000001,16.18956593837776
6538,90.0,4.700000000000003,3.700000000000002,0.1,16.381031057884258
6539,89.89999999999999,4.700000000000003,3.700000000000002,0.2,16.32064548618146
6540,89.8,4.700000000000003,3.700000000000002,0.3,16.26645029148038
6541,89.69999999999999,4.700000000000003,3.700000000000002,0.4,16.21887509203129
6542,89.6,4.700000000000003,3.700000000000002,0.5,16.178266349873354
6543,89.5,4.700000000000003,3.700000000000002,0.6,16.14488394308029
6544,89.39999999999999,4.700000000000003,3.700000000000002,0.7000000000000001,16.11889946047182
6545,89.9,4.8000000000000025,3.700000000000002,0.1,16.28956717675772
6546,89.8,4.8000000000000025,3.700000000000002,0.2,16.233965215783776
6547,89.7,4.8000000000000025,3.700000000000002,0.3,16.184804525728158
6548,89.6,4.8000000000000025,3.700000000000002,0.4,16.14245822186642
6549,89.5,4.8000000000000025,3.700000000000002,0.5,16.107215942327088
6550,89.4,4.8000000000000025,3.700000000000002,0.6,16.079281440029
6551,89.3,4.8000000000000025,3.700000000000002,0.7000000000000001,16.05877183515848
6552,89.8,4.900000000000003,3.700000000000002,0.1,16.208985029297978
6553,89.69999999999999,4.900000000000003,3.700000000000002,0.2,16.158237159505287
6554,89.6,4.900000000000003,3.700000000000002,0.3,16.114123976473337
6555,89.49999999999999,4.900000000000003,3.700000000000002,0.4,16.076963531489916
6556,89.39999999999999,4.900000000000003,3.700000000000002,0.5,16.04699084403937
6557,89.3,4.900000000000003,3.700000000000002,0.6,16.02435644091164
6558,89.19999999999999,4.900000000000003,3.700000000000002,0.7000000000000001,16.00912648024187
6559,89.7,5.000000000000004,3.700000000000002,0.1,16.1394179854164
6560,89.6,5.000000000000004,3.700000000000002,0.2,16.09353974143067
6561,89.5,5.000000000000004,3.700000000000002,0.3,16.054434256139377
6562,89.39999999999999,5.000000000000004,3.700000000000002,0.4,16.02236655506911
6563,89.3,5.000000000000004,3.700000000000002,0.5,15.997519769940226
6564,89.2,5.000000000000004,3.700000000000002,0.6,15.979994543592925
6565,89.1,5.000000000000004,3.700000000000002,0.7000000000000001,15.969809933082853
6566,89.6,5.100000000000003,3.700000000000002,0.1,16.08088068000988
6567,89.49999999999999,5.100000000000003,3.700000000000002,0.2,16.03983641444098
6568,89.39999999999999,5.100000000000003,3.700000000000002,0.3,16.005650393768363
6569,89.29999999999998,5.100000000000003,3.700000000000002,0.4,15.978537172040205
6570,89.19999999999999,5.100000000000003,3.700000000000002,0.5,15.958631159925533
6571,89.1,5.100000000000003,3.700000000000002,0.6,15.945986807590211
6572,88.99999999999999,5.100000000000003,3.700000000000002,0.7000000000000001,15.940580190402741
6573,89.5,5.200000000000003,3.700000000000002,0.1,16.033275923106267
6574,89.39999999999999,5.200000000000003,3.700000000000002,0.2,15.996983190426509
6575,89.3,5.200000000000003,3.700000000000002,0.3,15.967584884615311
6576,89.19999999999999,5.200000000000003,3.700000000000002,0.4,15.945248070751642
6577,89.1,5.200000000000003,3.700000000000002,0.5,15.930061948856546
6578,89.0,5.200000000000003,3.700000000000002,0.6,15.92203872265494
6579,88.89999999999999,5.200000000000003,3.700000000000002,0.7000000000000001,15.921115769797611
6580,89.4,5.300000000000003,3.700000000000002,0.1,15.996402944740977
6581,89.3,5.300000000000003,3.700000000000002,0.2,15.964737365355735
6582,89.2,5.300000000000003,3.700000000000002,0.3,15.939956790729529
6583,89.1,5.300000000000003,3.700000000000002,0.4,15.922184117707696
6584,89.0,5.300000000000003,3.700000000000002,0.5,15.911467097686833
6585,88.9,5.300000000000003,3.700000000000002,0.6,15.907779797249084
6586,88.8,5.300000000000003,3.700000000000002,0.7000000000000001,15.911025255321741
6587,89.3,5.400000000000004,3.700000000000002,0.1,15.969966715415207
6588,89.19999999999999,5.400000000000004,3.700000000000002,0.2,15.942767178333249
6589,89.1,5.400000000000004,3.700000000000002,0.3,15.92240163292904
6590,88.99999999999999,5.400000000000004,3.700000000000002,0.4,15.908952376983954
6591,88.89999999999999,5.400000000000004,3.700000000000002,0.5,15.90242963718768
6592,88.8,5.400000000000004,3.700000000000002,0.6,15.90277352780849
6593,88.69999999999999,5.400000000000004,3.700000000000002,0.7000000000000001,15.909857099713598
6594,89.2,5.500000000000004,3.700000000000002,0.1,15.953588078046502
6595,89.1,5.500000000000004,3.700000000000002,0.2,15.930662142881749
6596,89.0,5.500000000000004,3.700000000000002,0.3,15.914481817549746
6597,88.89999999999999,5.500000000000004,3.700000000000002,0.4,15.905092531002097
6598,88.8,5.500000000000004,3.700000000000002,0.5,15.902470985708597
6599,88.7,5.500000000000004,3.700000000000002,0.6,15.906527522659024
6600,88.6,5.500000000000004,3.700000000000002,0.7000000000000001,15.917109471437627
6601,93.1,1.5,3.800000000000002,0.1,19.78525441085274
6602,93.0,1.5,3.800000000000002,0.2,19.7917577787939
6603,92.9,1.5,3.800000000000002,0.3,19.78957796733029
6604,92.8,1.5,3.800000000000002,0.4,19.778675125849137
6605,92.7,1.5,3.800000000000002,0.5,19.75911864323228
6606,92.6,1.5,3.800000000000002,0.6,19.731086630670397
6607,92.5,1.5,3.800000000000002,0.7000000000000001,19.69486318601865
6608,93.0,1.6,3.800000000000002,0.1,19.80571921439125
6609,92.9,1.6,3.800000000000002,0.2,19.806536342396534
6610,92.8,1.6,3.800000000000002,0.3,19.798479928599605
6611,92.7,1.6,3.800000000000002,0.4,19.781576184038748
6612,92.6,1.6,3.800000000000002,0.5,19.755962950168062
6613,92.5,1.6,3.800000000000002,0.6,19.721887872691234
6614,92.4,1.6,3.800000000000002,0.7000000000000001,19.67970432819002
6615,92.9,1.7000000000000002,3.800000000000002,0.1,19.815098596858032
6616,92.8,1.7000000000000002,3.800000000000002,0.2,19.8099077419338
6617,92.7,1.7000000000000002,3.800000000000002,0.3,19.795715231556123
6618,92.6,1.7000000000000002,3.800000000000002,0.4,19.77261682667565
6619,92.5,1.7000000000000002,3.800000000000002,0.5,19.74082130887603
6620,92.4,1.7000000000000002,3.800000000000002,0.6,19.700647292024644
6621,92.3,1.7000000000000002,3.800000000000002,0.7000000000000001,19.652517783418993
6622,92.8,1.8000000000000005,3.800000000000002,0.1,19.8127550516422
6623,92.7,1.8000000000000005,3.800000000000002,0.2,19.801292065224114
6624,92.6,1.8000000000000005,3.800000000000002,0.3,19.78076613266738
6625,92.5,1.8000000000000005,3.800000000000002,0.4,19.751345232764205
6626,92.4,1.8000000000000005,3.800000000000002,0.5,19.71331068809865
6627,92.3,1.8000000000000005,3.800000000000002,0.6,19.66705258078225
6628,92.2,1.8000000000000005,3.800000000000002,0.7000000000000001,19.61306294102281
6629,92.7,1.9000000000000004,3.800000000000002,0.1,19.798167079892142
6630,92.6,1.9000000000000004,3.800000000000002,0.2,19.780231644090833
6631,92.5,1.9000000000000004,3.800000000000002,0.3,19.75324249254163
6632,92.4,1.9000000000000004,3.800000000000002,0.4,19.717441590274884
6633,92.3,1.9000000000000004,3.800000000000002,0.5,19.673183453139483
6634,92.2,1.9000000000000004,3.800000000000002,0.6,19.620929154788584
6635,92.1,1.9000000000000004,3.800000000000002,0.7000000000000001,19.56123815714991
6636,92.6,2.0000000000000004,3.800000000000002,0.1,19.770941801424872
6637,92.5,2.0000000000000004,3.800000000000002,0.2,19.74640266496779
6638,92.4,2.0000000000000004,3.800000000000002,0.3,19.71289228190977
6639,92.3,2.0000000000000004,3.800000000000002,0.4,19.670727409998538
6640,92.2,2.0000000000000004,3.800000000000002,0.5,19.620335418601005
6641,92.1,2.0000000000000004,3.800000000000002,0.6,19.562246895974866
6642,92.0,2.0000000000000004,3.800000000000002,0.7000000000000001,19.497086158121622
6643,92.5,2.1000000000000005,3.800000000000002,0.1,19.730825577995436
6644,92.4,2.1000000000000005,3.800000000000002,0.2,19.699624645231626
6645,92.3,2.1000000000000005,3.800000000000002,0.3,19.659609826389108
6646,92.2,2.1000000000000005,3.800000000000002,0.4,19.61117247300063
6647,92.1,2.1000000000000005,3.800000000000002,0.5,19.554811452928803
6648,92.0,2.1000000000000005,3.800000000000002,0.6,19.49112438930939
6649,91.9,2.1000000000000005,3.800000000000002,0.7000000000000001,19.42079690618423
6650,92.4,2.2000000000000006,3.800000000000002,0.1,19.677712355778468
6651,92.3,2.2000000000000006,3.800000000000002,0.2,19.639867507933232
6652,92.2,2.2000000000000006,3.800000000000002,0.3,19.593441551326
6653,92.1,2.2000000000000006,3.800000000000002,0.4,19.53889920390953
6654,92.0,2.2000000000000006,3.800000000000002,0.5,19.47680845970507
6655,91.9,2.2000000000000006,3.800000000000002,0.6,19.407830513112444
6656,91.8,2.2000000000000006,3.800000000000002,0.7000000000000001,19.33270782102813
6657,92.3,2.3000000000000007,3.800000000000002,0.1,19.611649484753933
6658,92.2,2.3000000000000007,3.800000000000002,0.2,19.56725604253763
6659,92.1,2.3000000000000007,3.800000000000002,0.3,19.51458904642484
6660,92.0,2.3000000000000007,3.800000000000002,0.4,19.45418432347229
6661,91.9,2.3000000000000007,3.800000000000002,0.5,19.38667562389126
6662,91.8,2.3000000000000007,3.800000000000002,0.6,19.312783306160274
6663,91.7,2.3000000000000007,3.800000000000002,0.7000000000000001,19.2333013155168
6664,92.2,2.400000000000001,3.800000000000002,0.1,19.532840831556822
6665,92.1,2.400000000000001,3.800000000000002,0.2,19.482071601348217
6666,92.0,2.400000000000001,3.800000000000002,0.3,19.423409334428644
6667,91.9,2.400000000000001,3.800000000000002,0.4,19.357457700108395
6668,91.8,2.400000000000001,3.800000000000002,0.5,19.284911878481413
6669,91.7,2.400000000000001,3.800000000000002,0.6,19.20654610242494
6670,91.6,2.400000000000001,3.800000000000002,0.7000000000000001,19.123199670917806
6671,92.1,2.500000000000001,3.800000000000002,0.1,19.441647067477746
6672,92.0,2.500000000000001,3.800000000000002,0.2,19.384750948593055
6673,91.9,2.500000000000001,3.800000000000002,0.3,19.32041229682392
6674,91.8,2.500000000000001,3.800000000000002,0.4,19.249298389517357
6675,91.7,2.500000000000001,3.800000000000002,0.5,19.172160616177052
6676,91.6,2.500000000000001,3.800000000000002,0.6,19.089820992491227
6677,91.5,2.500000000000001,3.800000000000002,0.7000000000000001,19.003157343420877
6678,92.0,2.600000000000001,3.800000000000002,0.1,19.338583082676777
6679,91.9,2.600000000000001,3.800000000000002,0.2,19.27588224958671
6680,91.8,2.600000000000001,3.800000000000002,0.3,19.20625528024164
6681,91.7,2.600000000000001,3.800000000000002,0.4,19.13042792155848
6682,91.6,2.600000000000001,3.800000000000002,0.5,19.049201739539566
6683,91.5,2.600000000000001,3.800000000000002,0.6,18.963439737474353
6684,91.4,2.600000000000001,3.800000000000002,0.7000000000000001,18.8740508577507
6685,91.9,2.700000000000001,3.800000000000002,0.1,19.224312549117865
6686,91.8,2.700000000000001,3.800000000000002,0.2,19.156198258730175
6687,91.7,2.700000000000001,3.800000000000002,0.3,19.081734977677463
6688,91.6,2.700000000000001,3.800000000000002,0.4,19.001700962396054
6689,91.5,2.700000000000001,3.800000000000002,0.5,18.91694120943512
6690,91.4,2.700000000000001,3.800000000000002,0.6,18.828352324517613
6691,91.3,2.700000000000001,3.800000000000002,0.7000000000000001,18.73686650322012
6692,91.8,2.800000000000001,3.800000000000002,0.1,19.099639725987434
6693,91.7,2.800000000000001,3.800000000000002,0.2,19.02656683511248
6694,91.6,2.800000000000001,3.800000000000002,0.3,18.9477767466274
6695,91.5,2.800000000000001,3.800000000000002,0.4,18.8640935451183
6696,91.4,2.800000000000001,3.800000000000002,0.5,18.776398313369025
6697,91.3,2.800000000000001,3.800000000000002,0.6,18.685613410700288
6698,91.2,2.800000000000001,3.800000000000002,0.7000000000000001,18.59268610077036
6699,91.7,2.900000000000001,3.800000000000002,0.1,18.965498670172842
6700,91.6,2.900000000000001,3.800000000000002,0.2,18.887978980920764
6701,91.5,2.900000000000001,3.800000000000002,0.3,18.805421589592438
6702,91.4,2.900000000000001,3.800000000000002,0.4,18.71868912165126
6703,91.3,2.900000000000001,3.800000000000002,0.5,18.62869093059699
6704,91.2,2.900000000000001,3.800000000000002,0.6,18.536366952656753
6705,91.1,2.900000000000001,3.800000000000002,0.7000000000000001,18.44267115479781
6706,91.6,3.0000000000000013,3.800000000000002,0.1,18.822940078581894
6707,91.5,3.0000000000000013,3.800000000000002,0.2,18.741534658675278
6708,91.4,3.0000000000000013,3.800000000000002,0.3,18.655811079180907
6709,91.3,3.0000000000000013,3.800000000000002,0.4,18.566662740973786
6710,91.2,3.0000000000000013,3.800000000000002,0.5,18.475019118022804
6711,91.1,3.0000000000000013,3.800000000000002,0.6,18.38182936089645
6712,91.0,3.0000000000000013,3.800000000000002,0.7000000000000001,18.288045739555624
6713,91.5,3.1000000000000014,3.800000000000002,0.1,18.67311604669476
6714,91.4,3.1000000000000014,3.800000000000002,0.2,18.58842669661502
6715,91.3,3.1000000000000014,3.800000000000002,0.3,18.50017055851503
6716,91.2,3.1000000000000014,3.800000000000002,0.4,18.409263701841144
6717,91.1,3.1000000000000014,3.800000000000002,0.5,18.316647378475313
6718,91.0,3.1000000000000014,3.800000000000002,0.6,18.223271549543473
6719,90.9,3.1000000000000014,3.800000000000002,0.7000000000000001,18.130078495661355
6720,91.4,3.200000000000001,3.800000000000002,0.1,18.51726307700931
6721,91.3,3.200000000000001,3.800000000000002,0.2,18.429923135785653
6722,91.2,3.200000000000001,3.800000000000002,0.3,18.339790986414897
6723,91.1,3.200000000000001,3.800000000000002,0.4,18.247797061221263
6724,91.0,3.200000000000001,3.800000000000002,0.5,18.15488599998002
6725,90.9,3.200000000000001,3.800000000000002,0.6,18.062000273163658
6726,90.8,3.200000000000001,3.800000000000002,0.7000000000000001,17.970064127131653
6727,91.3,3.3000000000000016,3.800000000000002,0.1,18.35668371053942
6728,91.2,3.3000000000000016,3.800000000000002,0.2,18.26734840626981
6729,91.1,3.3000000000000016,3.800000000000002,0.3,18.176009824833095
6730,91.0,3.3000000000000016,3.800000000000002,0.4,18.08360440158867
6731,90.9,3.3000000000000016,3.800000000000002,0.5,17.99107187045624
6732,90.8,3.3000000000000016,3.800000000000002,0.6,17.899339152084696
6733,90.7,3.3000000000000016,3.800000000000002,0.7000000000000001,17.809304793172235
6734,91.2,3.4000000000000017,3.800000000000002,0.1,18.192727183171847
6735,91.1,3.4000000000000017,3.800000000000002,0.2,18.102063742673938
6736,91.0,3.4000000000000017,3.800000000000002,0.3,18.010191382578142
6737,90.9,3.4000000000000017,3.800000000000002,0.4,17.91804427064397
6738,90.8,3.4000000000000017,3.800000000000002,0.5,17.8265491766323
6739,90.7,3.4000000000000017,3.800000000000002,0.6,17.736609786094764
6740,90.6,3.4000000000000017,3.800000000000002,0.7000000000000001,17.64909178182855
6741,91.1,3.5000000000000018,3.800000000000002,0.1,18.02676952579438
6742,91.0,3.5000000000000018,3.800000000000002,0.2,17.93544725996809
6743,90.9,3.5000000000000018,3.800000000000002,0.3,17.84370703422323
6744,90.8,3.5000000000000018,3.800000000000002,0.4,17.752472705874855
6745,90.7,3.5000000000000018,3.800000000000002,0.5,17.662650389020595
6746,90.6,3.5000000000000018,3.800000000000002,0.6,17.575113343964624
6747,90.5,3.5000000000000018,3.800000000000002,0.7000000000000001,17.490687835067956
6748,91.0,3.600000000000002,3.800000000000002,0.1,17.860193532392728
6749,90.9,3.600000000000002,3.800000000000002,0.2,17.76887410998837
6750,90.8,3.600000000000002,3.800000000000002,0.3,17.67791572638384
6751,90.7,3.600000000000002,3.800000000000002,0.4,17.588224243977436
6752,90.6,3.600000000000002,3.800000000000002,0.5,17.500677917050258
6753,90.5,3.600000000000002,3.800000000000002,0.6,17.416112993570454
6754,90.4,3.600000000000002,3.800000000000002,0.7000000000000001,17.33531046776447
6755,90.9,3.700000000000002,3.800000000000002,0.1,17.69436901389488
6756,90.8,3.700000000000002,3.800000000000002,0.2,17.603697126681737
6757,90.7,3.700000000000002,3.800000000000002,0.3,17.51414516577834
6758,90.6,3.700000000000002,3.800000000000002,0.4,17.426593792212074
6759,90.5,3.700000000000002,3.800000000000002,0.5,17.341886790783775
6760,90.4,3.700000000000002,3.800000000000002,0.6,17.26081750550976
6761,90.3,3.700000000000002,3.800000000000002,0.7000000000000001,17.184116587537563
6762,90.8,3.800000000000002,3.800000000000002,0.1,17.530633737929183
6763,90.7,3.800000000000002,3.800000000000002,0.2,17.441228345193377
6764,90.6,3.800000000000002,3.800000000000002,0.3,17.353674055527804
6765,90.5,3.800000000000002,3.800000000000002,0.4,17.26881970630317
6766,90.4,3.800000000000002,3.800000000000002,0.5,17.187468689205943
6767,90.3,3.800000000000002,3.800000000000002,0.6,17.11036632328848
6768,90.2,3.800000000000002,3.800000000000002,0.7000000000000001,17.038188679833894
6769,90.7,3.900000000000002,3.800000000000002,0.1,17.370275426720212
6770,90.6,3.900000000000002,3.800000000000002,0.2,17.282721747196575
6771,90.5,3.900000000000002,3.800000000000002,0.3,17.19771570918532
6772,90.4,3.900000000000002,3.800000000000002,0.4,17.116068378811356
6773,90.3,3.900000000000002,3.800000000000002,0.5,17.038537591288943
6774,90.2,3.900000000000002,3.800000000000002,0.6,16.96581634690908
6775,90.1,3.900000000000002,3.800000000000002,0.7000000000000001,16.898522774598163
6776,90.6,4.000000000000002,3.800000000000002,0.1,17.214515148250946
6777,90.5,4.000000000000002,3.800000000000002,0.2,17.12935754376132
6778,90.4,4.000000000000002,3.800000000000002,0.3,17.047403327438662
6779,90.3,4.000000000000002,3.800000000000002,0.4,16.969420594541464
6780,90.2,4.000000000000002,3.800000000000002,0.5,16.896117276502938
6781,90.1,4.000000000000002,3.800000000000002,0.6,16.82813062566132
6782,90.0,4.000000000000002,3.800000000000002,0.7000000000000001,16.76601835903642
6783,90.5,4.100000000000002,3.800000000000002,0.1,17.064492391008162
6784,90.4,4.100000000000002,3.800000000000002,0.2,16.98222825908824
6785,90.3,4.100000000000002,3.800000000000002,0.3,16.903777171935438
6786,90.2,4.100000000000002,3.800000000000002,0.4,16.829859857184964
6787,90.1,4.100000000000002,3.800000000000002,0.5,16.761130847885937
6788,90.0,4.100000000000002,3.800000000000002,0.6,16.69816910185074
6789,89.89999999999999,4.100000000000002,3.800000000000002,0.7000000000000001,16.641470347061496
6790,90.4,4.200000000000003,3.800000000000002,0.1,16.921252061730353
6791,90.3,4.200000000000003,3.800000000000002,0.2,16.842326825309673
6792,90.2,4.200000000000003,3.800000000000002,0.3,16.767773815986473
6793,90.1,4.200000000000003,3.800000000000002,0.4,16.698262835813416
6794,90.0,4.200000000000003,3.800000000000002,0.5,16.634392394993654
6795,89.9,4.200000000000003,3.800000000000002,0.6,16.5766814918554
6796,89.8,4.200000000000003,3.800000000000002,0.7000000000000001,16.5255631617519
6797,90.3,4.3000000000000025,3.800000000000002,0.1,16.785733590361534
6798,90.2,4.3000000000000025,3.800000000000002,0.2,16.710536842075875
6799,90.1,4.3000000000000025,3.800000000000002,0.3,16.64021759482886
6800,90.0,4.3000000000000025,3.800000000000002,0.4,16.5753920228474
6801,89.9,4.3000000000000025,3.800000000000002,0.5,16.516600857792398
6802,89.80000000000001,4.3000000000000025,3.800000000000002,0.6,16.464302336006288
6803,89.7,4.3000000000000025,3.800000000000002,0.7000000000000001,16.418866934200402
6804,90.2,4.400000000000002,3.800000000000002,0.1,16.658762268704635
6805,90.1,4.400000000000002,3.800000000000002,0.2,16.587625096634987
6806,90.0,4.400000000000002,3.800000000000002,0.3,16.521814320486072
6807,89.89999999999999,4.400000000000002,3.800000000000002,0.4,16.461890638489074
6808,89.8,4.400000000000002,3.800000000000002,0.5,16.408336097545924
6809,89.7,4.400000000000002,3.800000000000002,0.6,16.36154819596317
6810,89.6,4.400000000000002,3.800000000000002,0.7000000000000001,16.321835772009017
6811,90.1,4.500000000000003,3.800000000000002,0.1,16.541042890890743
6812,90.0,4.500000000000003,3.800000000000002,0.2,16.474236382374425
6813,89.9,4.500000000000003,3.800000000000002,0.3,16.4131472697879
6814,89.8,4.500000000000003,3.800000000000002,0.4,16.358279762000706
6815,89.7,4.500000000000003,3.800000000000002,0.5,16.31005712855845
6816,89.60000000000001,4.500000000000003,3.800000000000002,0.6,16.268816928984236
6817,89.5,4.500000000000003,3.800000000000002,0.7000000000000001,16.23480800475657
6818,90.0,4.600000000000003,3.800000000000002,0.1,16.433155706496088
6819,89.89999999999999,4.600000000000003,3.800000000000002,0.2,16.370890598014604
6820,89.8,4.600000000000003,3.800000000000002,0.3,16.314675400430147
6821,89.69999999999999,4.600000000000003,3.800000000000002,0.4,16.264957619152693
6822,89.6,4.600000000000003,3.800000000000002,0.5,16.222102416681338
6823,89.5,4.600000000000003,3.800000000000002,0.6,16.186388924045552
6824,89.39999999999999,4.600000000000003,3.800000000000002,0.7000000000000001,16.158008273172026
6825,89.9,4.700000000000003,3.800000000000002,0.1,16.335554642579833
6826,89.8,4.700000000000003,3.800000000000002,0.2,16.277982057385383
6827,89.7,4.700000000000003,3.800000000000002,0.3,16.2267337005024
6828,89.6,4.700000000000003,3.800000000000002,0.4,16.182200908982267
6829,89.5,4.700000000000003,3.800000000000002,0.5,16.14469210796438
6830,89.4,4.700000000000003,3.800000000000002,0.6,16.114430146211397
6831,89.3,4.700000000000003,3.800000000000002,0.7000000000000001,16.091551294401032
6832,89.80000000000001,4.8000000000000025,3.800000000000002,0.1,16.248567700550545
6833,89.7,4.8000000000000025,3.800000000000002,0.2,16.19578089232052
6834,89.60000000000001,4.8000000000000025,3.800000000000002,0.3,16.149535532925604
6835,89.5,4.8000000000000025,3.800000000000002,0.4,16.11016801279021
6836,89.4,4.8000000000000025,3.800000000000002,0.5,16.077932014685878
6837,89.30000000000001,4.8000000000000025,3.800000000000002,0.6,16.052996803792027
6838,89.2,4.8000000000000025,3.800000000000002,0.7000000000000001,16.035447108304414
6839,89.7,4.900000000000003,3.800000000000002,0.1,16.172399388844273
6840,89.6,4.900000000000003,3.800000000000002,0.2,16.124436389803133
6841,89.5,4.900000000000003,3.800000000000002,0.3,16.08317679870303
6842,89.39999999999999,4.900000000000003,3.800000000000002,0.4,16.04890389490011
6843,89.3,4.900000000000003,3.800000000000002,0.5,16.021819156920717
6844,89.2,4.900000000000003,3.800000000000002,0.6,16.00204142819004
6845,89.1,4.900000000000003,3.800000000000002,0.7000000000000001,15.989607589563901
6846,89.60000000000001,5.000000000000004,3.800000000000002,0.1,16.107135013922235
6847,89.5,5.000000000000004,3.800000000000002,0.2,16.0639820699493
6848,89.4,5.000000000000004,3.800000000000002,0.3,16.02764171251904
6849,89.3,5.000000000000004,3.800000000000002,0.4,15.998346478682425
6850,89.2,5.000000000000004,3.800000000000002,0.5,15.976248636219635
6851,89.10000000000001,5.000000000000004,3.800000000000002,0.6,15.96142013919805
6852,89.0,5.000000000000004,3.800000000000002,0.7000000000000001,15.953853997612782
6853,89.5,5.100000000000003,3.800000000000002,0.1,16.052746620811888
6854,89.39999999999999,5.100000000000003,3.800000000000002,0.2,16.014342284325117
6855,89.3,5.100000000000003,3.800000000000002,0.3,15.982809961468119
6856,89.19999999999999,5.100000000000003,3.800000000000002,0.4,15.958334263000577
6857,89.1,5.100000000000003,3.800000000000002,0.5,15.941021604025678
6858,89.0,5.100000000000003,3.800000000000002,0.6,15.930900858874585
6859,88.89999999999999,5.100000000000003,3.800000000000002,0.7000000000000001,15.927925330927023
6860,89.4,5.200000000000003,3.800000000000002,0.1,16.0091003507903
6861,89.3,5.200000000000003,3.800000000000002,0.2,15.97534009477557
6862,89.2,5.200000000000003,3.800000000000002,0.3,15.948465002732991
6863,89.1,5.200000000000003,3.800000000000002,0.4,15.928614933596949
6864,89.0,5.200000000000003,3.800000000000002,0.5,15.915854081033546
6865,88.9,5.200000000000003,3.800000000000002,0.6,15.91017223474896
6866,88.8,5.200000000000003,3.800000000000002,0.7000000000000001,15.911487253639823
6867,89.30000000000001,5.300000000000003,3.800000000000002,0.1,15.97596496803741
6868,89.2,5.300000000000003,3.800000000000002,0.2,15.946706181449823
6869,89.10000000000001,5.300000000000003,3.800000000000002,0.3,15.924303248765833
6870,89.0,5.300000000000003,3.800000000000002,0.4,15.90885472077745
6871,88.9,5.300000000000003,3.800000000000002,0.5,15.900386384452618
6872,88.80000000000001,5.300000000000003,3.800000000000002,0.6,15.898853037520505
6873,88.7,5.300000000000003,3.800000000000002,0.7000000000000001,15.904141370206586
6874,89.2,5.400000000000004,3.800000000000002,0.1,15.953021299098722
6875,89.1,5.400000000000004,3.800000000000002,0.2,15.928088524832548
6876,89.0,5.400000000000004,3.800000000000002,0.3,15.909943888624742
6877,88.89999999999999,5.400000000000004,3.800000000000002,0.4,15.898648258618561
6878,88.8,5.400000000000004,3.800000000000002,0.5,15.894192927499104
6879,88.7,5.400000000000004,3.800000000000002,0.6,15.896501808959933
6880,88.6,5.400000000000004,3.800000000000002,0.7000000000000001,15.90543463720065
6881,89.10000000000001,5.500000000000004,3.800000000000002,0.1,15.939872328475328
6882,89.0,5.500000000000004,3.800000000000002,0.2,15.919062609894103
6883,88.9,5.500000000000004,3.800000000000002,0.3,15.904939101025535
6884,88.8,5.500000000000004,3.800000000000002,0.4,15.897528711153763
6885,88.7,5.500000000000004,3.800000000000002,0.5,15.896792168669464
6886,88.60000000000001,5.500000000000004,3.800000000000002,0.6,15.902626551566822
6887,88.5,5.500000000000004,3.800000000000002,0.7000000000000001,15.914868719377276
6888,93.0,1.5,3.900000000000002,0.1,19.780282276689608
6889,92.9,1.5,3.900000000000002,0.2,19.78223709784042
6890,92.8,1.5,3.900000000000002,0.3,19.77549323617005
6891,92.7,1.5,3.900000000000002,0.4,19.76006603589984
6892,92.6,1.5,3.900000000000002,0.5,19.736079950685525
6893,92.5,1.5,3.900000000000002,0.6,19.7037669200467
6894,92.4,1.5,3.900000000000002,0.7000000000000001,19.663462551594062
6895,92.9,1.6,3.900000000000002,0.1,19.795152650771886
6896,92.8,1.6,3.900000000000002,0.2,19.791302670449358
6897,92.7,1.6,3.900000000000002,0.3,19.778605942093318
6898,92.6,1.6,3.900000000000002,0.4,19.75714518737996
6899,92.5,1.6,3.900000000000002,0.5,19.727113872027235
6900,92.4,1.6,3.900000000000002,0.6,19.6888132581235
6901,92.3,1.6,3.900000000000002,0.7000000000000001,19.64264725350558
6902,92.8,1.7000000000000002,3.900000000000002,0.1,19.798722203499914
6903,92.7,1.7000000000000002,3.900000000000002,0.2,19.788786681612965
6904,92.6,1.7000000000000002,3.900000000000002,0.3,19.76992057607657
6905,92.5,1.7000000000000002,3.900000000000002,0.4,19.742276853387487
6906,92.4,1.7000000000000002,3.900000000000002,0.5,19.706119829042365
6907,92.3,1.7000000000000002,3.900000000000002,0.6,19.661820857684457
6908,92.2,1.7000000000000002,3.900000000000002,0.7000000000000001,19.609851837403042
6909,92.7,1.8000000000000005,3.900000000000002,0.1,19.79041623792467
6910,92.6,1.8000000000000005,3.900000000000002,0.2,19.774174862538466
6911,92.5,1.8000000000000005,3.900000000000002,0.3,19.74898726433131
6912,92.4,1.8000000000000005,3.900000000000002,0.4,19.7150786628182
6913,92.3,1.8000000000000005,3.900000000000002,0.5,19.6727851483021
6914,92.2,1.8000000000000005,3.900000000000002,0.6,19.622547991900834
6915,92.1,1.8000000000000005,3.900000000000002,0.7000000000000001,19.564905813482007
6916,92.6,1.9000000000000004,3.900000000000002,0.1,19.769780929077825
6917,92.5,1.9000000000000004,3.900000000000002,0.2,19.747079354368932
6918,92.4,1.9000000000000004,3.900000000000002,0.3,19.71548715376237
6919,92.29999999999998,1.9000000000000004,3.900000000000002,0.4,19.675302881889387
6920,92.2,1.9000000000000004,3.900000000000002,0.5,19.62693436741521
6921,92.1,1.9000000000000004,3.900000000000002,0.6,19.570891646241506
6922,92.0,1.9000000000000004,3.900000000000002,0.7000000000000001,19.507777823297467
6923,92.5,2.0000000000000004,3.900000000000002,0.1,19.736494773708777
6924,92.4,2.0000000000000004,3.900000000000002,0.2,19.70724908577466
6925,92.3,2.0000000000000004,3.900000000000002,0.3,19.669241626654852
6926,92.2,2.0000000000000004,3.900000000000002,0.4,19.622844393072125
6927,92.1,2.0000000000000004,3.900000000000002,0.5,19.568535924641456
6928,92.0,2.0000000000000004,3.900000000000002,0.6,19.506892885392926
6929,91.9,2.0000000000000004,3.900000000000002,0.7000000000000001,19.438579671209965
6930,92.4,2.1000000000000005,3.900000000000002,0.1,19.69037792917407
6931,92.3,2.1000000000000005,3.900000000000002,0.2,19.654577910469463
6932,92.2,2.1000000000000005,3.900000000000002,0.3,19.61021916718958
6933,92.1,2.1000000000000005,3.900000000000002,0.4,19.557746240619064
6934,92.0,2.1000000000000005,3.900000000000002,0.5,19.49770635398848
6935,91.9,2.1000000000000005,3.900000000000002,0.6,19.430739689422243
6936,91.8,2.1000000000000005,3.900000000000002,0.7000000000000001,19.35756781393865
6937,92.3,2.2000000000000006,3.900000000000002,0.1,19.63139917879609
6938,92.2,2.2000000000000006,3.900000000000002,0.2,19.589110269857866
6939,92.1,2.2000000000000006,3.900000000000002,0.3,19.538539675272396
6940,92.0,2.2000000000000006,3.900000000000002,0.4,19.48020257031845
6941,91.9,2.2000000000000006,3.900000000000002,0.5,19.414711846870052
6942,91.8,2.2000000000000006,3.900000000000002,0.6,19.34276715442678
6943,91.7,2.2000000000000006,3.900000000000002,0.7000000000000001,19.26514223775487
6944,92.2,2.3000000000000007,3.900000000000002,0.1,19.559680315398886
6945,92.1,2.3000000000000007,3.900000000000002,0.2,19.51104420393057
6946,92.0,2.3000000000000007,3.900000000000002,0.3,19.454476083927517
6947,91.9,2.3000000000000007,3.900000000000002,0.4,19.390558854005803
6948,91.8,2.3000000000000007,3.900000000000002,0.5,19.3199671056934
6949,91.7,2.3000000000000007,3.900000000000002,0.6,19.2434550178275
6950,91.6,2.3000000000000007,3.900000000000002,0.7000000000000001,19.16184271762793
6951,92.1,2.400000000000001,3.900000000000002,0.1,19.475497796103042
6952,92.0,2.400000000000001,3.900000000000002,0.2,19.420731597458587
6953,91.9,2.400000000000001,3.900000000000002,0.3,19.358453202260215
6954,91.79999999999998,2.400000000000001,3.900000000000002,0.4,19.289309356178215
6955,91.7,2.400000000000001,3.900000000000002,0.5,19.214031481837736
6956,91.6,2.400000000000001,3.900000000000002,0.6,19.13342253506923
6957,91.5,2.400000000000001,3.900000000000002,0.7000000000000001,19.048342518004237
6958,92.0,2.500000000000001,3.900000000000002,0.1,19.379281587941975
6959,91.9,2.500000000000001,3.900000000000002,0.2,19.318675616510056
6960,91.8,2.500000000000001,3.900000000000002,0.3,19.251043774684174
6961,91.7,2.500000000000001,3.900000000000002,0.4,19.17709186867644
6962,91.6,2.500000000000001,3.900000000000002,0.5,19.097602458260653
6963,91.5,2.500000000000001,3.900000000000002,0.6,19.01342080067137
6964,91.4,2.500000000000001,3.900000000000002,0.7000000000000001,18.92543965878054
6965,91.9,2.600000000000001,3.900000000000002,0.1,19.27161119337173
6966,91.8,2.600000000000001,3.900000000000002,0.2,19.20552536019052
6967,91.7,2.600000000000001,3.900000000000002,0.3,19.132961816561213
6968,91.6,2.600000000000001,3.900000000000002,0.4,19.054679807650146
6969,91.5,2.600000000000001,3.900000000000002,0.5,18.971506603271624
6970,91.4,2.600000000000001,3.900000000000002,0.6,18.88432267022552
6971,91.3,2.600000000000001,3.900000000000002,0.7000000000000001,18.79404593039962
6972,91.8,2.700000000000001,3.900000000000002,0.1,19.15320891509115
6973,91.7,2.700000000000001,3.900000000000002,0.2,19.08206782207308
6974,91.6,2.700000000000001,3.900000000000002,0.3,19.005053354412166
6975,91.5,2.700000000000001,3.900000000000002,0.4,18.922971832738817
6976,91.4,2.700000000000001,3.900000000000002,0.5,18.836688184741796
6977,91.3,2.700000000000001,3.900000000000002,0.6,18.747110499057
6978,91.2,2.700000000000001,3.900000000000002,0.7000000000000001,18.655173896957248
6979,91.7,2.800000000000001,3.900000000000002,0.1,19.024930488539564
6980,91.6,2.800000000000001,3.900000000000002,0.2,18.949217322835526
6981,91.5,2.800000000000001,3.900000000000002,0.3,18.868284763278897
6982,91.4,2.800000000000001,3.900000000000002,0.4,18.782979209512305
6983,91.3,2.800000000000001,3.900000000000002,0.5,18.69419569121561
6984,91.2,2.800000000000001,3.900000000000002,0.6,18.602861966017066
6985,91.1,2.800000000000001,3.900000000000002,0.7000000000000001,18.509922174075268
6986,91.6,2.900000000000001,3.900000000000002,0.1,18.887753275817307
6987,91.5,2.900000000000001,3.900000000000002,0.2,18.808002638049487
6988,91.4,2.900000000000001,3.900000000000002,0.3,18.72372895263157
6989,91.29999999999998,2.900000000000001,3.900000000000002,0.4,18.63581119082943
6990,91.2,2.900000000000001,3.900000000000002,0.5,18.545166556294635
6991,91.1,2.900000000000001,3.900000000000002,0.6,18.452734295654963
6992,91.0,2.900000000000001,3.900000000000002,0.7000000000000001,18.35945930764311
6993,91.5,3.0000000000000013,3.900000000000002,0.1,18.74276227453897
6994,91.4,3.0000000000000013,3.900000000000002,0.2,18.659552100934004
6995,91.3,3.0000000000000013,3.900000000000002,0.3,18.57254970362204
6996,91.2,3.0000000000000013,3.900000000000002,0.4,18.482658739233973
6997,91.1,3.0000000000000013,3.900000000000002,0.5,18.390810423793567
6998,91.0,3.0000000000000013,3.900000000000002,0.6,18.29794722753379
6999,90.9,3.0000000000000013,3.900000000000002,0.7000000000000001,18.205006609247473
7000,91.4,3.1000000000000014,3.900000000000002,0.1,18.59113424744617
7001,91.3,3.1000000000000014,3.900000000000002,0.2,18.50507700750774
7002,91.2,3.1000000000000014,3.900000000000002,0.3,18.415984502952774
7003,91.1,3.1000000000000014,3.900000000000002,0.4,18.324776949466365
7004,91.0,3.1000000000000014,3.900000000000002,0.5,18.232391322364602
7005,90.9,3.1000000000000014,3.900000000000002,0.6,18.139765106735844
7006,90.8,3.1000000000000014,3.900000000000002,0.7000000000000001,18.047820323438476
7007,91.3,3.200000000000001,3.900000000000002,0.1,18.43412032192491
7008,91.2,3.200000000000001,3.900000000000002,0.2,18.345853689562368
7009,91.1,3.200000000000001,3.900000000000002,0.3,18.25532625096388
7010,91.0,3.200000000000001,3.900000000000002,0.4,18.163466556625508
7011,90.9,3.200000000000001,3.900000000000002,0.5,18.07120913874552
7012,90.8,3.200000000000001,3.900000000000002,0.6,17.97947848406012
7013,90.7,3.200000000000001,3.900000000000002,0.7000000000000001,17.889173510530057
7014,91.2,3.3000000000000016,3.900000000000002,0.1,18.27302744166622
7015,91.1,3.3000000000000016,3.900000000000002,0.2,18.183204648205127
7016,91.0,3.3000000000000016,3.900000000000002,0.3,18.09190424290841
7017,90.9,3.3000000000000016,3.900000000000002,0.4,18.000054930838747
7018,90.8,3.3000000000000016,3.900000000000002,0.5,17.908580788094785
7019,90.7,3.3000000000000016,3.900000000000002,0.6,17.818385617832927
7020,90.6,3.3000000000000016,3.900000000000002,0.7000000000000001,17.730338026387965
7021,91.1,3.4000000000000017,3.900000000000002,0.1,18.10919907472619
7022,91.0,3.4000000000000017,3.900000000000002,0.2,18.018479156732603
7023,90.9,3.4000000000000017,3.900000000000002,0.3,17.92706483234454
7024,90.79999999999998,3.4000000000000017,3.900000000000002,0.4,17.835876963260787
7025,90.7,3.4000000000000017,3.900000000000002,0.5,17.74582147800172
7026,90.6,3.4000000000000017,3.900000000000002,0.6,17.657774261798124
7027,90.5,3.4000000000000017,3.900000000000002,0.7000000000000001,17.572566967974247
7028,91.0,3.5000000000000018,3.900000000000002,0.1,17.94399559272472
7029,90.9,3.5000000000000018,3.900000000000002,0.2,17.853033746046776
7030,90.8,3.5000000000000018,3.900000000000002,0.3,17.762152184079984
7031,90.7,3.5000000000000018,3.900000000000002,0.4,17.67225624097679
7032,90.6,3.5000000000000018,3.900000000000002,0.5,17.584226450050387
7033,90.5,3.5000000000000018,3.900000000000002,0.6,17.49890410575699
7034,90.4,3.5000000000000018,3.900000000000002,0.7000000000000001,17.417077930982472
7035,90.9,3.600000000000002,3.900000000000002,0.1,17.77877473480897
7036,90.79999999999998,3.600000000000002,3.900000000000002,0.2,17.688212978855336
7037,90.7,3.600000000000002,3.900000000000002,0.3,17.598489511499277
7038,90.59999999999998,3.600000000000002,3.900000000000002,0.4,17.510486890460864
7039,90.5,3.600000000000002,3.900000000000002,0.5,17.425053559975865
7040,90.4,3.600000000000002,3.900000000000002,0.6,17.3429902083452
7041,90.29999999999998,3.600000000000002,3.900000000000002,0.7000000000000001,17.265037394716742
7042,90.8,3.700000000000002,3.900000000000002,0.1,17.61487255763271
7043,90.7,3.700000000000002,3.900000000000002,0.2,17.52533090103322
7044,90.6,3.700000000000002,3.900000000000002,0.3,17.43736117009251
7045,90.5,3.700000000000002,3.900000000000002,0.4,17.351816441509925
7046,90.4,3.700000000000002,3.900000000000002,0.5,17.2695070254966
7047,90.3,3.700000000000002,3.900000000000002,0.6,17.19118772571927
7048,90.2,3.700000000000002,3.900000000000002,0.7000000000000001,17.117546510693007
7049,90.7,3.800000000000002,3.900000000000002,0.1,17.453585249661728
7050,90.6,3.800000000000002,3.900000000000002,0.2,17.365653530631654
7051,90.5,3.800000000000002,3.900000000000002,0.3,17.279995946613667
7052,90.4,3.800000000000002,3.900000000000002,0.4,17.197430027197996
7053,90.3,3.800000000000002,3.900000000000002,0.5,17.118722631128207
7054,90.2,3.800000000000002,3.900000000000002,0.6,17.044578197357765
7055,90.1,3.800000000000002,3.900000000000002,0.7000000000000001,16.975628526735584
7056,90.6,3.900000000000002,3.900000000000002,0.1,17.29615215563617
7057,90.5,3.900000000000002,3.900000000000002,0.2,17.210382708281085
7058,90.4,3.900000000000002,3.900000000000002,0.3,17.127551842829185
7059,90.29999999999998,3.900000000000002,3.900000000000002,0.4,17.048436191796096
7060,90.2,3.900000000000002,3.900000000000002,0.5,16.973754633177446
7061,90.1,3.900000000000002,3.900000000000002,0.6,16.904157602229414
7062,89.99999999999999,3.900000000000002,3.900000000000002,0.7000000000000001,16.84021802921165
7063,90.5,4.000000000000002,3.900000000000002,0.1,17.143740316309735
7064,90.4,4.000000000000002,3.900000000000002,0.2,17.060641588566344
7065,90.3,4.000000000000002,3.900000000000002,0.3,16.981102605798306
7066,90.2,4.000000000000002,3.900000000000002,0.4,16.905854529368188
7067,90.1,4.000000000000002,3.900000000000002,0.5,16.83556455733157
7068,90.0,4.000000000000002,3.900000000000002,0.6,16.77082634691935
7069,89.89999999999999,4.000000000000002,3.900000000000002,0.7000000000000001,16.71215213417023
7070,90.4,4.100000000000002,3.900000000000002,0.1,16.99743078116859
7071,90.29999999999998,4.100000000000002,3.900000000000002,0.2,16.91746200197449
7072,90.2,4.100000000000002,3.900000000000002,0.3,16.84162620473009
7073,90.09999999999998,4.100000000000002,3.900000000000002,0.4,16.770605322606567
7074,89.99999999999999,4.100000000000002,3.900000000000002,0.5,16.70501202753293
7075,89.89999999999999,4.100000000000002,3.900000000000002,0.6,16.64538129366222
7076,89.79999999999998,4.100000000000002,3.900000000000002,0.7000000000000001,16.59216370523745
7077,90.3,4.200000000000003,3.900000000000002,0.1,16.85820689940169
7078,90.2,4.200000000000003,3.900000000000002,0.2,16.781773862962986
7079,90.1,4.200000000000003,3.900000000000002,0.3,16.70999539945583
7080,89.99999999999999,4.200000000000003,3.900000000000002,0.4,16.643501296181682
7081,89.89999999999999,4.200000000000003,3.900000000000002,0.5,16.582847709913516
7082,89.8,4.200000000000003,3.900000000000002,0.6,16.52850988232649
7083,89.69999999999999,4.200000000000003,3.900000000000002,0.7000000000000001,16.48087662381852
7084,90.2,4.3000000000000025,3.900000000000002,0.1,16.72694473872343
7085,90.1,4.3000000000000025,3.900000000000002,0.2,16.654396743365247
7086,90.0,4.3000000000000025,3.900000000000002,0.3,16.586970489230954
7087,89.89999999999999,4.3000000000000025,3.900000000000002,0.4,16.525241543210115
7088,89.8,4.3000000000000025,3.900000000000002,0.5,16.469708401174803
7089,89.7,4.3000000000000025,3.900000000000002,0.6,16.42078634786737
7090,89.6,4.3000000000000025,3.900000000000002,0.7000000000000001,16.378803087028658
7091,90.1,4.400000000000002,3.900000000000002,0.1,16.60440572454803
7092,89.99999999999999,4.400000000000002,3.900000000000002,0.2,16.536033673533176
7093,89.89999999999999,4.400000000000002,3.900000000000002,0.3,16.4731942746843
7094,89.79999999999998,4.400000000000002,3.900000000000002,0.4,16.416407629086006
7095,89.69999999999999,4.400000000000002,3.900000000000002,0.5,16.366114238544345
7096,89.6,4.400000000000002,3.900000000000002,0.6,16.322669985137566
7097,89.49999999999999,4.400000000000002,3.900000000000002,0.7000000000000001,16.286342862227123
7098,90.0,4.500000000000003,3.900000000000002,0.1,16.491231535250417
7099,89.89999999999999,4.500000000000003,3.900000000000002,0.2,16.427267178025673
7100,89.8,4.500000000000003,3.900000000000002,0.3,16.36918921191877
7101,89.69999999999999,4.500000000000003,3.900000000000002,0.4,16.317461825434503
7102,89.6,4.500000000000003,3.900000000000002,0.5,16.27246795978463
7103,89.5,4.500000000000003,3.900000000000002,0.6,16.234505367556203
7104,89.39999999999999,4.500000000000003,3.900000000000002,0.7000000000000001,16.203784385274517
7105,89.89999999999999,4.600000000000003,3.900000000000002,0.1,16.387941234488412
7106,89.79999999999998,4.600000000000003,3.900000000000002,0.2,16.328557499888046
7107,89.69999999999999,4.600000000000003,3.900000000000002,0.3,16.275356687531154
7108,89.59999999999998,4.600000000000003,3.900000000000002,0.4,16.22874737972311
7109,89.49999999999999,4.600000000000003,3.900000000000002,0.5,16.189056097937186
7110,89.39999999999999,4.600000000000003,3.900000000000002,0.6,16.156524386121124
7111,89.29999999999998,4.600000000000003,3.900000000000002,0.7000000000000001,16.13130755366663
7112,89.8,4.700000000000003,3.900000000000002,0.1,16.294930570329885
7113,89.69999999999999,4.700000000000003,3.900000000000002,0.2,16.24024291904358
7114,89.6,4.700000000000003,3.900000000000002,0.3,16.191978297967943
7115,89.49999999999999,4.700000000000003,3.900000000000002,0.4,16.150490684283128
7116,89.39999999999999,4.700000000000003,3.900000000000002,0.5,16.1160519575945
7117,89.3,4.700000000000003,3.900000000000002,0.6,16.08884994150204
7118,89.19999999999999,4.700000000000003,3.900000000000002,0.7000000000000001,16.068988036261427
7119,89.7,4.8000000000000025,3.900000000000002,0.1,16.21247332454854
7120,89.6,4.8000000000000025,3.900000000000002,0.2,16.1625420272444
7121,89.5,4.8000000000000025,3.900000000000002,0.3,16.119218977238468
7122,89.39999999999999,4.8000000000000025,3.900000000000002,0.4,16.082805173080676
7123,89.3,4.8000000000000025,3.900000000000002,0.5,16.053520188289387
7124,89.2,4.8000000000000025,3.900000000000002,0.6,16.031501095105185
7125,89.1,4.8000000000000025,3.900000000000002,0.7000000000000001,16.01680289889211
7126,89.6,4.900000000000003,3.900000000000002,0.1,16.140724555023652
7127,89.49999999999999,4.900000000000003,3.900000000000002,0.2,16.0955577853652
7128,89.39999999999999,4.900000000000003,3.900000000000002,0.3,16.05713178438859
7129,89.29999999999998,4.900000000000003,3.900000000000002,0.4,16.025696746208396
7130,89.19999999999999,4.900000000000003,3.900000000000002,0.5,16.001422746597147
7131,89.1,4.900000000000003,3.900000000000002,0.6,15.984399465425705
7132,88.99999999999999,4.900000000000003,3.900000000000002,0.7000000000000001,15.974637329971754
7133,89.5,5.000000000000004,3.900000000000002,0.1,16.079725540542817
7134,89.39999999999999,5.000000000000004,3.900000000000002,0.2,16.039283159268948
7135,89.3,5.000000000000004,3.900000000000002,0.3,16.005664136847095
7136,89.19999999999999,5.000000000000004,3.900000000000002,0.4,15.979070501143545
7137,89.1,5.000000000000004,3.900000000000002,0.5,15.959626022010578
7138,89.0,5.000000000000004,3.900000000000002,0.6,15.947376643805658
7139,88.89999999999999,5.000000000000004,3.900000000000002,0.7000000000000001,15.94229224220596
7140,89.39999999999999,5.100000000000003,3.900000000000002,0.1,16.029410211037835
7141,89.29999999999998,5.100000000000003,3.900000000000002,0.2,15.99360810845651
7142,89.19999999999999,5.100000000000003,3.900000000000002,0.3,15.964665258071893
7143,89.09999999999998,5.100000000000003,3.900000000000002,0.4,15.942738536468656
7144,88.99999999999999,5.100000000000003,3.900000000000002,0.5,15.927908892561355
7145,88.89999999999999,5.100000000000003,3.900000000000002,0.6,15.920182398746366
7146,88.79999999999998,5.100000000000003,3.900000000000002,0.7000000000000001,15.919492525465882
7147,89.3,5.200000000000003,3.900000000000002,0.1,15.989612827685143
7148,89.19999999999999,5.200000000000003,3.900000000000002,0.2,15.95832768738804
7149,89.1,5.200000000000003,3.900000000000002,0.3,15.933894597856638
7150,88.99999999999999,5.200000000000003,3.900000000000002,0.4,15.916428587851028
7151,88.89999999999999,5.200000000000003,3.900000000000002,0.5,15.90597147426507
7152,88.8,5.200000000000003,3.900000000000002,0.6,15.902493439803134
7153,88.69999999999999,5.200000000000003,3.900000000000002,0.7000000000000001,15.905895731241072
7154,89.2,5.300000000000003,3.900000000000002,0.1,15.960076666406048
7155,89.1,5.300000000000003,3.900000000000002,0.2,15.933151012626755
7156,89.0,5.300000000000003,3.900000000000002,0.3,15.913030980971238
7157,88.89999999999999,5.300000000000003,3.900000000000002,0.4,15.899793257261056
7158,88.8,5.300000000000003,3.900000000000002,0.5,15.893444333279218
7159,88.7,5.300000000000003,3.900000000000002,0.6,15.89392252023068
7160,88.6,5.300000000000003,3.900000000000002,0.7000000000000001,15.901100980211753
7161,89.1,5.400000000000004,3.900000000000002,0.1,15.940463454892765
7162,88.99999999999999,5.400000000000004,3.900000000000002,0.2,15.917710849461452
7163,88.89999999999999,5.400000000000004,3.900000000000002,0.3,15.901682244036257
7164,88.79999999999998,5.400000000000004,3.900000000000002,0.4,15.892419604101066
7165,88.69999999999999,5.400000000000004,3.900000000000002,0.5,15.889897940509458
7166,88.6,5.400000000000004,3.900000000000002,0.6,15.89402767119013
7167,88.49999999999999,5.400000000000004,3.900000000000002,0.7000000000000001,15.904657900523157
7168,89.0,5.500000000000004,3.900000000000002,0.1,15.930363316914915
7169,88.89999999999999,5.500000000000004,3.900000000000002,0.2,15.911573578849378
7170,88.8,5.500000000000004,3.900000000000002,0.3,15.899395131005853
7171,88.69999999999999,5.500000000000004,3.900000000000002,0.4,15.893838880360073
7172,88.6,5.500000000000004,3.900000000000002,0.5,15.894852164446636
7173,88.5,5.500000000000004,3.900000000000002,0.6,15.902321378577726
7174,88.39999999999999,5.500000000000004,3.900000000000002,0.7000000000000001,15.91607542436893
7175,92.9,1.5,4.000000000000002,0.1,19.76767030427919
7176,92.8,1.5,4.000000000000002,0.2,19.765073013969968
7177,92.7,1.5,4.000000000000002,0.3,19.753811966182084
7178,92.6,1.5,4.000000000000002,0.4,19.733957490414934
7179,92.5,1.5,4.000000000000002,0.5,19.705688061146784
7180,92.4,1.5,4.000000000000002,0.6,19.66928758546419
7181,92.3,1.5,4.000000000000002,0.7000000000000001,19.62514054148033
7182,92.8,1.6,4.000000000000002,0.1,19.776861877798083
7183,92.7,1.6,4.000000000000002,0.2,19.768382027491953
7184,92.6,1.6,4.000000000000002,0.3,19.75113354921534
7185,92.5,1.6,4.000000000000002,0.4,19.72525485530074
7186,92.4,1.6,4.000000000000002,0.5,19.69099337207567
7187,92.3,1.6,4.000000000000002,0.6,19.648701502827837
7188,92.2,1.6,4.000000000000002,0.7000000000000001,19.598830452702845
7189,92.7,1.7000000000000002,4.000000000000002,0.1,19.77459864667635
7190,92.6,1.7000000000000002,4.000000000000002,0.2,19.759998144452695
7191,92.5,1.7000000000000002,4.000000000000002,0.3,19.736589780808842
7192,92.4,1.7000000000000002,4.000000000000002,0.4,19.70458227629772
7193,92.3,1.7000000000000002,4.000000000000002,0.5,19.664293187783315
7194,92.2,1.7000000000000002,4.000000000000002,0.6,19.616143524055396
7195,92.1,1.7000000000000002,4.000000000000002,0.7000000000000001,19.560650260422776
7196,92.6,1.8000000000000005,4.000000000000002,0.1,19.760371692764
7197,92.5,1.8000000000000005,4.000000000000002,0.2,19.73947509635009
7198,92.4,1.8000000000000005,4.000000000000002,0.3,19.70980037024622
7199,92.3,1.8000000000000005,4.000000000000002,0.4,19.671627881420882
7200,92.2,1.8000000000000005,4.000000000000002,0.5,19.62534556857469
7201,92.1,1.8000000000000005,4.000000000000002,0.6,19.571442208239745
7202,92.0,1.8000000000000005,4.000000000000002,0.7000000000000001,19.510498643211932
7203,92.5,1.9000000000000004,4.000000000000002,0.1,19.733796862200123
7204,92.4,1.9000000000000004,4.000000000000002,0.2,19.706496173600147
7205,92.3,1.9000000000000004,4.000000000000002,0.3,19.67051841353277
7206,92.2,1.9000000000000004,4.000000000000002,0.4,19.626215992396308
7207,92.1,1.9000000000000004,4.000000000000002,0.5,19.57404651939789
7208,92.0,1.9000000000000004,4.000000000000002,0.6,19.51456473823618
7209,91.9,1.9000000000000004,4.000000000000002,0.7000000000000001,19.448412514650407
7210,92.4,2.0000000000000004,4.000000000000002,0.1,19.694624977206256
7211,92.3,2.0000000000000004,4.000000000000002,0.2,19.660883307280887
7212,92.2,2.0000000000000004,4.000000000000002,0.3,19.61863826880423
7213,92.1,2.0000000000000004,4.000000000000002,0.4,19.56831373617321
7214,92.0,2.0000000000000004,4.000000000000002,0.5,19.510435299662383
7215,91.9,2.0000000000000004,4.000000000000002,0.6,19.44562091130691
7216,91.8,2.0000000000000004,4.000000000000002,0.7000000000000001,19.37456969768844
7217,92.3,2.1000000000000005,4.000000000000002,0.1,19.642749836882945
7218,92.2,2.1000000000000005,4.000000000000002,0.2,19.602603829352542
7219,92.1,2.1000000000000005,4.000000000000002,0.3,19.554201021936933
7220,92.0,2.1000000000000005,4.000000000000002,0.4,19.498035181984758
7221,91.9,2.1000000000000005,4.000000000000002,0.5,19.434697218452285
7222,91.8,2.1000000000000005,4.000000000000002,0.6,19.364864599870664
7223,91.7,2.1000000000000005,4.000000000000002,0.7000000000000001,19.28928907853678
7224,92.2,2.2000000000000006,4.000000000000002,0.1,19.57821377696034
7225,92.1,2.2000000000000006,4.000000000000002,0.2,19.531774710835048
7226,92.0,2.2000000000000006,4.000000000000002,0.3,19.47739737332
7227,91.9,2.2000000000000006,4.000000000000002,0.4,19.41564286779841
7228,91.8,2.2000000000000006,4.000000000000002,0.5,19.347163812681753
7229,91.7,2.2000000000000006,4.000000000000002,0.6,19.27269261385156
7230,91.6,2.2000000000000006,4.000000000000002,0.7000000000000001,19.193028205184994
7231,92.1,2.3000000000000007,4.000000000000002,0.1,19.50121061566243
7232,92.0,2.3000000000000007,4.000000000000002,0.2,19.448664137538294
7233,91.9,2.3000000000000007,4.000000000000002,0.3,19.388567839069875
7234,91.8,2.3000000000000007,4.000000000000002,0.4,19.321546643786675
7235,91.7,2.3000000000000007,4.000000000000002,0.5,19.248310370246188
7236,91.6,2.3000000000000007,4.000000000000002,0.6,19.169640960587603
7237,91.5,2.3000000000000007,4.000000000000002,0.7000000000000001,19.086378359334542
7238,92.0,2.400000000000001,4.000000000000002,0.1,19.412085875928213
7239,91.9,2.400000000000001,4.000000000000002,0.2,19.353690347919784
7240,91.8,2.400000000000001,4.000000000000002,0.3,19.28820022609196
7241,91.7,2.400000000000001,4.000000000000002,0.4,19.21629982695228
7242,91.6,2.400000000000001,4.000000000000002,0.5,19.138750826339432
7243,91.5,2.400000000000001,4.000000000000002,0.6,19.05637856324525
7244,91.4,2.400000000000001,4.000000000000002,0.7000000000000001,18.970057193675952
7245,91.9,2.500000000000001,4.000000000000002,0.1,19.311334241234007
7246,91.8,2.500000000000001,4.000000000000002,0.2,19.24741772545461
7247,91.7,2.500000000000001,4.000000000000002,0.3,19.176924408238108
7248,91.6,2.500000000000001,4.000000000000002,0.4,19.10059272814933
7249,91.5,2.500000000000001,4.000000000000002,0.5,19.019230126732896
7250,91.4,2.500000000000001,4.000000000000002,0.6,18.93369856211999
7251,91.3,2.500000000000001,4.000000000000002,0.7000000000000001,18.84489908703046
7252,91.8,2.600000000000001,4.000000000000002,0.1,19.199594271070296
7253,91.7,2.600000000000001,4.000000000000002,0.2,19.130550206397334
7254,91.6,2.600000000000001,4.000000000000002,0.3,19.055504498217843
7255,91.5,2.600000000000001,4.000000000000002,0.4,18.975243678322418
7256,91.4,2.600000000000001,4.000000000000002,0.5,18.89061421485968
7257,91.3,2.600000000000001,4.000000000000002,0.6,18.802507383075877
7258,91.2,2.600000000000001,4.000000000000002,0.7000000000000001,18.711843425998776
7259,91.7,2.700000000000001,4.000000000000002,0.1,19.077640470561835
7260,91.6,2.700000000000001,4.000000000000002,0.2,19.003922130819813
7261,91.5,2.700000000000001,4.000000000000002,0.3,18.924828574757537
7262,91.4,2.700000000000001,4.000000000000002,0.4,18.841187742759303
7263,91.3,2.700000000000001,4.000000000000002,0.5,18.753877858029973
7264,91.2,2.700000000000001,4.000000000000002,0.6,18.663811811809133
7265,91.1,2.700000000000001,4.000000000000002,0.7000000000000001,18.57192107166941
7266,91.6,2.800000000000001,4.000000000000002,0.1,18.946372874612585
7267,91.5,2.800000000000001,4.000000000000002,0.2,18.86848672820602
7268,91.4,2.800000000000001,4.000000000000002,0.3,18.785896184721516
7269,91.3,2.800000000000001,4.000000000000002,0.4,18.699463368583388
7270,91.2,2.800000000000001,4.000000000000002,0.5,18.610090580204197
7271,91.1,2.800000000000001,4.000000000000002,0.6,18.518704359941484
7272,91.0,2.800000000000001,4.000000000000002,0.7000000000000001,18.426239312124878
7273,91.5,2.900000000000001,4.000000000000002,0.1,18.80680436823544
7274,91.4,2.900000000000001,4.000000000000002,0.2,18.72530248668906
7275,91.3,2.900000000000001,4.000000000000002,0.3,18.639803893646867
7276,91.2,2.900000000000001,4.000000000000002,0.4,18.551197259864907
7277,91.1,2.900000000000001,4.000000000000002,0.5,18.460401012892532
7278,91.0,2.900000000000001,4.000000000000002,0.6,18.368347247751785
7279,90.9,2.900000000000001,4.000000000000002,0.7000000000000001,18.275965634718435
7280,91.4,3.0000000000000013,4.000000000000002,0.1,18.660046019489755
7281,91.3,3.0000000000000013,4.000000000000002,0.2,18.57551770545903
7282,91.2,3.0000000000000013,4.000000000000002,0.3,18.48772920377296
7283,91.1,3.0000000000000013,4.000000000000002,0.4,18.39758781514569
7284,91.0,3.0000000000000013,4.000000000000002,0.5,18.306020010652713
7285,90.9,3.0000000000000013,4.000000000000002,0.6,18.2139553575454
7286,90.8,3.0000000000000013,4.000000000000002,0.7000000000000001,18.122310675482495
7287,91.3,3.1000000000000014,4.000000000000002,0.1,18.507290748046287
7288,91.2,3.1000000000000014,4.000000000000002,0.2,18.420353571452008
7289,91.1,3.1000000000000014,4.000000000000002,0.3,18.330913194843784
7290,91.0,3.1000000000000014,4.000000000000002,0.4,18.239887492715663
7291,90.9,3.1000000000000014,4.000000000000002,0.5,18.148202902377854
7292,90.8,3.1000000000000014,4.000000000000002,0.6,18.05677853049919
7293,90.7,3.1000000000000014,4.000000000000002,0.7000000000000001,17.96651071602906
7294,91.2,3.200000000000001,4.000000000000002,0.1,18.3497956894744
7295,91.1,3.200000000000001,4.000000000000002,0.2,18.261086132981436
7296,91.0,3.200000000000001,4.000000000000002,0.3,18.170642268749276
7297,90.9,3.200000000000001,4.000000000000002,0.4,18.079384488867117
7298,90.8,3.200000000000001,4.000000000000002,0.5,17.98823126352855
7299,90.7,3.200000000000001,4.000000000000002,0.6,17.89808358793106
7300,90.6,3.200000000000001,4.000000000000002,0.7000000000000001,17.809810100738098
7301,91.1,3.3000000000000016,4.000000000000002,0.1,18.18886364189851
7302,91.0,3.3000000000000016,4.000000000000002,0.2,18.099027563687404
7303,90.9,3.3000000000000016,4.000000000000002,0.3,18.00822939384404
7304,90.8,3.3000000000000016,4.000000000000002,0.4,17.91738412318952
7305,90.7,3.3000000000000016,4.000000000000002,0.5,17.827394597470636
7306,90.6,3.3000000000000016,4.000000000000002,0.6,17.739136455327838
7307,90.5,3.3000000000000016,4.000000000000002,0.7000000000000001,17.653443939092153
7308,91.0,3.4000000000000017,4.000000000000002,0.1,18.025823997074838
7309,90.9,3.4000000000000017,4.000000000000002,0.2,17.93550711963284
7310,90.8,3.4000000000000017,4.000000000000002,0.3,17.844995248323528
7311,90.7,3.4000000000000017,4.000000000000002,0.4,17.755190322735693
7312,90.6,3.4000000000000017,4.000000000000002,0.5,17.66697230631182
7313,90.5,3.4000000000000017,4.000000000000002,0.6,17.58118475448977
7314,90.4,3.4000000000000017,4.000000000000002,0.7000000000000001,17.498621440237407
7315,90.9,3.5000000000000018,4.000000000000002,0.1,17.862013561959895
7316,90.8,3.5000000000000018,4.000000000000002,0.2,17.77185219054131
7317,90.7,3.5000000000000018,4.000000000000002,0.3,17.68224965451749
7318,90.6,3.5000000000000018,4.000000000000002,0.4,17.594087583950117
7319,90.5,3.5000000000000018,4.000000000000002,0.5,17.50821631362745
7320,90.4,3.5000000000000018,4.000000000000002,0.6,17.42544120651448
7321,90.3,3.5000000000000018,4.000000000000002,0.7000000000000001,17.346510200089142
7322,90.8,3.600000000000002,4.000000000000002,0.1,17.698757669637438
7323,90.7,3.600000000000002,4.000000000000002,0.2,17.609369833398148
7324,90.6,3.600000000000002,4.000000000000002,0.3,17.5212736779138
7325,90.5,3.600000000000002,4.000000000000002,0.4,17.43532376831271
7326,90.4,3.600000000000002,4.000000000000002,0.5,17.352334674091498
7327,90.3,3.600000000000002,4.000000000000002,0.6,17.273068157059395
7328,90.2,3.600000000000002,4.000000000000002,0.7000000000000001,17.19822172667542
7329,90.7,3.700000000000002,4.000000000000002,0.1,17.537351960568103
7330,90.6,3.700000000000002,4.000000000000002,0.2,17.449329153633176
7331,90.5,3.700000000000002,4.000000000000002,0.3,17.363302737027784
7332,90.4,3.700000000000002,4.000000000000002,0.4,17.280094055734768
7333,90.3,3.700000000000002,4.000000000000002,0.5,17.200476469439867
7334,90.2,3.700000000000002,4.000000000000002,0.6,17.1251634966465
7335,90.1,3.700000000000002,4.000000000000002,0.7000000000000001,17.05479844827899
7336,90.6,3.800000000000002,4.000000000000002,0.1,17.379045187395622
7337,90.5,3.800000000000002,4.000000000000002,0.2,17.29294486689693
7338,90.4,3.800000000000002,4.000000000000002,0.3,17.2095110340454
7339,90.3,3.800000000000002,4.000000000000002,0.4,17.12952634013912
7340,90.2,3.800000000000002,4.000000000000002,0.5,17.053718247770888
7341,90.1,3.800000000000002,4.000000000000002,0.6,16.982748204172097
7342,90.0,3.800000000000002,4.000000000000002,0.7000000000000001,16.917202402811537
7343,90.5,3.900000000000002,4.000000000000002,0.1,17.22502336015419
7344,90.4,3.900000000000002,4.000000000000002,0.2,17.14136233432667
7345,90.3,3.900000000000002,4.000000000000002,0.3,17.060997572903176
7346,90.2,3.900000000000002,4.000000000000002,0.4,16.984668305853297
7347,90.1,3.900000000000002,4.000000000000002,0.5,16.913052215493817
7348,90.0,3.900000000000002,4.000000000000002,0.6,16.846755692859563
7349,89.89999999999999,3.900000000000002,4.000000000000002,0.7000000000000001,16.786305757356228
7350,90.4,4.000000000000002,4.000000000000002,0.1,17.076395505081653
7351,90.3,4.000000000000002,4.000000000000002,0.2,16.995644317688036
7352,90.2,4.000000000000002,4.000000000000002,0.3,16.918773982707073
7353,90.1,4.000000000000002,4.000000000000002,0.4,16.84647637308575
7354,90.0,4.000000000000002,4.000000000000002,0.5,16.779376339942665
7355,89.9,4.000000000000002,4.000000000000002,0.6,16.7180230863225
7356,89.8,4.000000000000002,4.000000000000002,0.7000000000000001,16.66288325561343
7357,90.3,4.100000000000002,4.000000000000002,0.1,16.934181260953874
7358,90.2,4.100000000000002,4.000000000000002,0.2,16.85675964952988
7359,90.1,4.100000000000002,4.000000000000002,0.3,16.78375431184039
7360,89.99999999999999,4.100000000000002,4.000000000000002,0.4,16.71580664756318
7361,89.89999999999999,4.100000000000002,4.000000000000002,0.5,16.65348646749601
7362,89.8,4.100000000000002,4.000000000000002,0.6,16.597284499885912
7363,89.69999999999999,4.100000000000002,4.000000000000002,0.7000000000000001,16.547606639724446
7364,90.2,4.200000000000003,4.000000000000002,0.1,16.79930048362875
7365,90.1,4.200000000000003,4.000000000000002,0.2,16.72557395925226
7366,90.0,4.200000000000003,4.000000000000002,0.3,16.65674690352369
7367,89.89999999999999,4.200000000000003,4.000000000000002,0.4,16.593407955120053
7368,89.8,4.200000000000003,4.000000000000002,0.5,16.53607050869074
7369,89.7,4.200000000000003,4.000000000000002,0.6,16.485166350488505
7370,89.6,4.200000000000003,4.000000000000002,0.7000000000000001,16.441041043205793
7371,90.1,4.3000000000000025,4.000000000000002,0.1,16.672564974096957
7372,90.0,4.3000000000000025,4.000000000000002,0.2,16.602842540528954
7373,89.9,4.3000000000000025,4.000000000000002,0.3,16.538448408705566
7374,89.8,4.3000000000000025,4.000000000000002,0.4,16.47991698834623
7375,89.7,4.3000000000000025,4.000000000000002,0.5,16.42770468991401
7376,89.60000000000001,4.3000000000000025,4.000000000000002,0.6,16.38218466890703
7377,89.5,4.3000000000000025,4.000000000000002,0.7000000000000001,16.343643304943082
7378,90.0,4.400000000000002,4.000000000000002,0.1,16.554672389541903
7379,89.89999999999999,4.400000000000002,4.000000000000002,0.2,16.489205390567722
7380,89.8,4.400000000000002,4.000000000000002,0.3,16.42943993865419
7381,89.69999999999999,4.400000000000002,4.000000000000002,0.4,16.375855540907217
7382,89.6,4.400000000000002,4.000000000000002,0.5,16.32885182230772
7383,89.5,4.400000000000002,4.000000000000002,0.6,16.28874434209605
7384,89.39999999999999,4.400000000000002,4.000000000000002,0.7000000000000001,16.255762111644728
7385,89.9,4.500000000000003,4.000000000000002,0.1,16.44620234240015
7386,89.8,4.500000000000003,4.000000000000002,0.2,16.38518439886209
7387,89.7,4.500000000000003,4.000000000000002,0.3,16.330185309023122
7388,89.6,4.500000000000003,4.000000000000002,0.4,16.281629757295068
7389,89.5,4.500000000000003,4.000000000000002,0.5,16.23986149384635
7390,89.4,4.500000000000003,4.000000000000002,0.6,16.205140172322675
7391,89.3,4.500000000000003,4.000000000000002,0.7000000000000001,16.17763983890385
7392,89.8,4.600000000000003,4.000000000000002,0.1,16.347614640753104
7393,89.69999999999999,4.600000000000003,4.000000000000002,0.2,16.291182613855852
7394,89.6,4.600000000000003,4.000000000000002,0.3,16.241031280848976
7395,89.49999999999999,4.600000000000003,4.000000000000002,0.4,16.19753128279141
7396,89.39999999999999,4.600000000000003,4.000000000000002,0.5,16.160972051267784
7397,89.3,4.600000000000003,4.000000000000002,0.6,16.131559604471562
7398,89.19999999999999,4.600000000000003,4.000000000000002,0.7000000000000001,16.10941592989126
7399,89.7,4.700000000000003,4.000000000000002,0.1,16.259249575956883
7400,89.6,4.700000000000003,4.000000000000002,0.2,16.207485471587056
7401,89.5,4.700000000000003,4.000000000000002,0.3,16.16220966305429
7402,89.39999999999999,4.700000000000003,4.000000000000002,0.4,16.12374016134472
7403,89.3,4.700000000000003,4.000000000000002,0.5,16.09231420552204
7404,89.2,4.700000000000003,4.000000000000002,0.6,16.068086944125742
7405,89.1,4.700000000000003,4.000000000000002,0.7000000000000001,16.051131626279183
7406,89.60000000000001,4.8000000000000025,4.000000000000002,0.1,16.1813301214101
7407,89.5,4.8000000000000025,4.000000000000002,0.2,16.134263831946676
7408,89.4,4.8000000000000025,4.000000000000002,0.3,16.09384110648564
7409,89.3,4.8000000000000025,4.000000000000002,0.4,16.060329298646526
7410,89.2,4.8000000000000025,4.000000000000002,0.5,16.033916068269825
7411,89.10000000000001,4.8000000000000025,4.000000000000002,0.6,16.01470886725993
7412,89.0,4.8000000000000025,4.000000000000002,0.7000000000000001,16.002735848590948
7413,89.5,4.900000000000003,4.000000000000002,0.1,16.113965870702973
7414,89.39999999999999,4.900000000000003,4.000000000000002,0.2,16.07157863647647
7415,89.3,4.900000000000003,4.000000000000002,0.3,16.035940391966594
7416,89.19999999999999,4.900000000000003,4.000000000000002,0.4,16.00727028443703
7417,89.1,4.900000000000003,4.000000000000002,0.5,15.985709408063038
7418,89.0,4.900000000000003,4.000000000000002,0.6,15.971321007817888
7419,88.89999999999999,4.900000000000003,4.000000000000002,0.7000000000000001,15.964092012845907
7420,89.4,5.000000000000004,4.000000000000002,0.1,16.05715851476042
7421,89.3,5.000000000000004,4.000000000000002,0.2,16.019386977168452
7422,89.2,5.000000000000004,4.000000000000002,0.3,15.988422994665802
7423,89.1,5.000000000000004,4.000000000000002,0.4,15.964440352211435
7424,89.0,5.000000000000004,4.000000000000002,0.5,15.94753690326036
7425,88.9,5.000000000000004,4.000000000000002,0.6,15.9377354020316
7426,88.8,5.000000000000004,4.000000000000002,0.7000000000000001,15.9349855669363
7427,89.3,5.100000000000003,4.000000000000002,0.1,16.01080863639348
7428,89.19999999999999,5.100000000000003,4.000000000000002,0.2,15.977549348775053
7429,89.1,5.100000000000003,4.000000000000002,0.3,15.95111269438823
7430,88.99999999999999,5.100000000000003,4.000000000000002,0.4,15.931630246007304
7431,88.89999999999999,5.100000000000003,4.000000000000002,0.5,15.919160164308432
7432,88.8,5.100000000000003,4.000000000000002,0.6,15.913688567785663
7433,88.69999999999999,5.100000000000003,4.000000000000002,0.7000000000000001,15.915132033223806
7434,89.2,5.200000000000003,4.000000000000002,0.1,15.974723587045458
7435,89.1,5.200000000000003,4.000000000000002,0.2,15.945837847690395
7436,89.0,5.200000000000003,4.000000000000002,0.3,15.923749996050095
7437,88.89999999999999,5.200000000000003,4.000000000000002,0.4,15.908552762557107
7438,88.8,5.200000000000003,4.000000000000002,0.5,15.900268300358466
7439,88.7,5.200000000000003,4.000000000000002,0.6,15.898850003128175
7440,88.6,5.200000000000003,4.000000000000002,0.7000000000000001,15.90418535277185
7441,89.10000000000001,5.300000000000003,4.000000000000002,0.1,15.948626204342004
7442,89.0,5.300000000000003,4.000000000000002,0.2,15.92394507826763
7443,88.9,5.300000000000003,4.000000000000002,0.3,15.906001126217959
7444,88.8,5.300000000000003,4.000000000000002,0.4,15.894851742295188
7445,88.7,5.300000000000003,4.000000000000002,0.5,15.890486813689275
7446,88.60000000000001,5.300000000000003,4.000000000000002,0.6,15.892830899488084
7447,88.5,5.300000000000003,4.000000000000002,0.7000000000000001,15.901746340664593
7448,89.0,5.400000000000004,4.000000000000002,0.1,15.932164129972902
7449,88.89999999999999,5.400000000000004,4.000000000000002,0.2,15.911493532019135
7450,88.8,5.400000000000004,4.000000000000002,0.3,15.897467379594444
7451,88.69999999999999,5.400000000000004,4.000000000000002,0.4,15.890111293830582
7452,88.6,5.400000000000004,4.000000000000002,0.5,15.889386619302318
7453,88.5,5.400000000000004,4.000000000000002,0.6,15.895192881437692
7454,88.39999999999999,5.400000000000004,4.000000000000002,0.7000000000000001,15.907371080109364
7455,88.9,5.500000000000004,4.000000000000002,0.1,15.924919494879278
7456,88.8,5.500000000000004,4.000000000000002,0.2,15.908045215835093
7457,88.7,5.500000000000004,4.000000000000002,0.3,15.897694602955333
7458,88.6,5.500000000000004,4.000000000000002,0.4,15.893865052697697
7459,88.5,5.500000000000004,4.000000000000002,0.5,15.896493005439906
7460,88.4,5.500000000000004,4.000000000000002,0.6,15.905456604989041
7461,88.3,5.500000000000004,4.000000000000002,0.7000000000000001,15.920579104495367
7462,92.8,1.5,4.100000000000002,0.1,19.747527720536848
7463,92.7,1.5,4.100000000000002,0.2,19.740423827212975
7464,92.6,1.5,4.100000000000002,0.3,19.724740992351887
7465,92.5,1.5,4.100000000000002,0.4,19.700603617895485
7466,92.4,1.5,4.100000000000002,0.5,19.668242468965353
7467,92.3,1.5,4.100000000000002,0.6,19.62799090626629
7468,92.2,1.5,4.100000000000002,0.7000000000000001,19.58027903418029
7469,92.7,1.6,4.100000000000002,0.1,19.751015507834403
7470,92.6,1.6,4.100000000000002,0.2,19.737992698750187
7471,92.5,1.6,4.100000000000002,0.3,19.716329578804604
7472,92.4,1.6,4.100000000000002,0.4,19.686218722857536
7473,92.3,1.6,4.100000000000002,0.5,19.64795917530764
7474,92.2,1.6,4.100000000000002,0.6,19.60195137170079
7475,92.1,1.6,4.100000000000002,0.7000000000000001,19.548690006603405
7476,92.6,1.7000000000000002,4.100000000000002,0.1,19.74295724650114
7477,92.5,1.7000000000000002,4.100000000000002,0.2,19.723821114660613
7478,92.4,1.7000000000000002,4.100000000000002,0.3,19.69604975793196
7479,92.29999999999998,1.7000000000000002,4.100000000000002,0.4,19.65990549712858
7480,92.2,1.7000000000000002,4.100000000000002,0.5,19.6157561772866
7481,92.1,1.7000000000000002,4.100000000000002,0.6,19.56406877117298
7482,92.0,1.7000000000000002,4.100000000000002,0.7000000000000001,19.505400985236076
7483,92.5,1.8000000000000005,4.100000000000002,0.1,19.722911891080983
7484,92.4,1.8000000000000005,4.100000000000002,0.2,19.697532261356237
7485,92.3,1.8000000000000005,4.100000000000002,0.3,19.663591616890113
7486,92.2,1.8000000000000005,4.100000000000002,0.4,19.62142269346199
7487,92.1,1.8000000000000005,4.100000000000002,0.5,19.571461727451133
7488,92.0,1.8000000000000005,4.100000000000002,0.6,19.514240754540324
7489,91.9,1.8000000000000005,4.100000000000002,0.7000000000000001,19.450377992654545
7490,92.4,1.9000000000000004,4.100000000000002,0.1,19.690566035843055
7491,92.29999999999998,1.9000000000000004,4.100000000000002,0.2,19.65888098383803
7492,92.2,1.9000000000000004,4.100000000000002,0.3,19.61877992586491
7493,92.09999999999998,1.9000000000000004,4.100000000000002,0.4,19.57066573703567
7494,92.0,1.9000000000000004,4.100000000000002,0.5,19.515041683563474
7495,91.9,1.9000000000000004,4.100000000000002,0.6,19.45250245094761
7496,91.79999999999998,1.9000000000000004,4.100000000000002,0.7000000000000001,19.383723363282215
7497,92.3,2.0000000000000004,4.100000000000002,0.1,19.645742831291074
7498,92.2,2.0000000000000004,4.100000000000002,0.2,19.607761529025456
7499,92.1,2.0000000000000004,4.100000000000002,0.3,19.56158064704168
7500,92.0,2.0000000000000004,4.100000000000002,0.4,19.507671958133113
7501,91.9,2.0000000000000004,4.100000000000002,0.5,19.446603443006275
7502,91.8,2.0000000000000004,4.100000000000002,0.6,19.379029103122697
7503,91.7,2.0000000000000004,4.100000000000002,0.7000000000000001,19.305677095595332
7504,92.2,2.1000000000000005,4.100000000000002,0.1,19.58840861392425
7505,92.1,2.1000000000000005,4.100000000000002,0.2,19.54421291144946
7506,92.0,2.1000000000000005,4.100000000000002,0.3,19.4921049980854
7507,91.9,2.1000000000000005,4.100000000000002,0.4,19.43262333551029
7508,91.8,2.1000000000000005,4.100000000000002,0.5,19.366397368573946
7509,91.7,2.1000000000000005,4.100000000000002,0.6,19.294136198260688
7510,91.6,2.1000000000000005,4.100000000000002,0.7000000000000001,19.216615730106696
7511,92.1,2.2000000000000006,4.100000000000002,0.1,19.51867705342634
7512,92.0,2.2000000000000006,4.100000000000002,0.2,19.46842173620555
7513,91.9,2.2000000000000006,4.100000000000002,0.3,19.410610937236576
7514,91.79999999999998,2.2000000000000006,4.100000000000002,0.4,19.34584665069186
7515,91.7,2.2000000000000006,4.100000000000002,0.5,19.274815639380577
7516,91.6,2.2000000000000006,4.100000000000002,0.6,19.198277062492373
7517,91.5,2.2000000000000006,4.100000000000002,0.7000000000000001,19.117048752601214
7518,92.0,2.3000000000000007,4.100000000000002,0.1,19.43681068071451
7519,91.9,2.3000000000000007,4.100000000000002,0.2,19.380722375581414
7520,91.8,2.3000000000000007,4.100000000000002,0.3,19.31750200019158
7521,91.7,2.3000000000000007,4.100000000000002,0.4,19.24781101730553
7522,91.6,2.3000000000000007,4.100000000000002,0.5,19.17238852453761
7523,91.5,2.3000000000000007,4.100000000000002,0.6,19.09203794917375
7524,91.4,2.3000000000000007,4.100000000000002,0.7000000000000001,19.007612583946937
7525,91.9,2.400000000000001,4.100000000000002,0.1,19.34321972425767
7526,91.79999999999998,2.400000000000001,4.100000000000002,0.2,19.28159446097721
7527,91.7,2.400000000000001,4.100000000000002,0.3,19.213323484610697
7528,91.59999999999998,2.400000000000001,4.100000000000002,0.4,19.139122814953417
7529,91.5,2.400000000000001,4.100000000000002,0.5,19.059778141619496
7530,91.4,2.400000000000001,4.100000000000002,0.6,18.976130713861753
7531,91.29999999999998,2.400000000000001,4.100000000000002,0.7000000000000001,18.889062278036995
7532,91.8,2.500000000000001,4.100000000000002,0.1,19.23845824876952
7533,91.7,2.500000000000001,4.100000000000002,0.2,19.17165771856539
7534,91.6,2.500000000000001,4.100000000000002,0.3,19.098756044298515
7535,91.5,2.500000000000001,4.100000000000002,0.4,19.02051812195256
7536,91.4,2.500000000000001,4.100000000000002,0.5,18.937769824691173
7537,91.3,2.500000000000001,4.100000000000002,0.6,18.851383228865426
7538,91.2,2.500000000000001,4.100000000000002,0.7000000000000001,18.7622611061142
7539,91.7,2.600000000000001,4.100000000000002,0.1,19.12321765768143
7540,91.6,2.600000000000001,4.100000000000002,0.2,19.051664243467552
7541,91.5,2.600000000000001,4.100000000000002,0.3,18.9746068197247
7542,91.4,2.600000000000001,4.100000000000002,0.4,18.89285280348901
7543,91.3,2.600000000000001,4.100000000000002,0.5,18.807261285829174
7544,91.2,2.600000000000001,4.100000000000002,0.6,18.718727745781727
7545,91.1,2.600000000000001,4.100000000000002,0.7000000000000001,18.62816825711074
7546,91.6,2.700000000000001,4.100000000000002,0.1,18.998317686566587
7547,91.5,2.700000000000001,4.100000000000002,0.2,18.922488370953573
7548,91.4,2.700000000000001,4.100000000000002,0.3,18.841798292548873
7549,91.29999999999998,2.700000000000001,4.100000000000002,0.4,18.75709046936334
7550,91.2,2.700000000000001,4.100000000000002,0.5,18.669249807770562
7551,91.1,2.700000000000001,4.100000000000002,0.6,18.579187463715154
7552,91.0,2.700000000000001,4.100000000000002,0.7000000000000001,18.487824928121455
7553,91.5,2.800000000000001,4.100000000000002,0.1,18.864695076840206
7554,91.4,2.800000000000001,4.100000000000002,0.2,18.785114362283185
7555,91.3,2.800000000000001,4.100000000000002,0.3,18.701355107275003
7556,91.2,2.800000000000001,4.100000000000002,0.4,18.61428856676497
7557,91.1,2.800000000000001,4.100000000000002,0.5,18.524817751922296
7558,91.0,2.800000000000001,4.100000000000002,0.6,18.433861602448903
7559,90.9,2.800000000000001,4.100000000000002,0.7000000000000001,18.342339115393496
7560,91.4,2.900000000000001,4.100000000000002,0.1,18.72339017565535
7561,91.29999999999998,2.900000000000001,4.100000000000002,0.2,18.64062217548225
7562,91.2,2.900000000000001,4.100000000000002,0.3,18.554389151384015
7563,91.09999999999998,2.900000000000001,4.100000000000002,0.4,18.465582916851233
7564,91.0,2.900000000000001,4.100000000000002,0.5,18.37511670407528
7565,90.9,2.900000000000001,4.100000000000002,0.6,18.28390931247434
7566,90.79999999999998,2.900000000000001,4.100000000000002,0.7000000000000001,18.192869443243985
7567,91.3,3.0000000000000013,4.100000000000002,0.1,18.575531757218933
7568,91.2,3.0000000000000013,4.100000000000002,0.2,18.49017163598107
7569,91.1,3.0000000000000013,4.100000000000002,0.3,18.402083224848596
7570,91.0,3.0000000000000013,4.100000000000002,0.4,18.312171038069565
7571,90.9,3.0000000000000013,4.100000000000002,0.5,18.22135060871919
7572,90.8,3.0000000000000013,4.100000000000002,0.6,18.130532776619663
7573,90.7,3.0000000000000013,4.100000000000002,0.7000000000000001,18.04060838542477
7574,91.2,3.1000000000000014,4.100000000000002,0.1,18.42232040130353
7575,91.1,3.1000000000000014,4.100000000000002,0.2,18.334985357348177
7576,91.0,3.1000000000000014,4.100000000000002,0.3,18.24567365971198
7577,90.9,3.1000000000000014,4.100000000000002,0.4,18.155294623223302
7578,90.8,3.1000000000000014,4.100000000000002,0.5,18.06475826112658
7579,90.7,3.1000000000000014,4.100000000000002,0.6,17.974959870522742
7580,90.6,3.1000000000000014,4.100000000000002,0.7000000000000001,17.8867652403137
7581,91.1,3.200000000000001,4.100000000000002,0.1,18.26501079538914
7582,91.0,3.200000000000001,4.100000000000002,0.2,18.17633078738093
7583,90.9,3.200000000000001,4.100000000000002,0.3,18.086432269654317
7584,90.79999999999998,3.200000000000001,4.100000000000002,0.4,17.996221550694504
7585,90.7,3.200000000000001,4.100000000000002,0.5,17.90659553401022
7586,90.6,3.200000000000001,4.100000000000002,0.6,17.81842675120852
7587,90.5,3.200000000000001,4.100000000000002,0.7000000000000001,17.732549217957416
7588,91.0,3.3000000000000016,4.100000000000002,0.1,18.10489334685705
7589,90.9,3.3000000000000016,4.100000000000002,0.2,18.015501768978492
7590,90.8,3.3000000000000016,4.100000000000002,0.3,17.925648017799176
7591,90.7,3.3000000000000016,4.100000000000002,0.4,17.836227812814975
7592,90.6,3.3000000000000016,4.100000000000002,0.5,17.74811771257319
7593,90.5,3.3000000000000016,4.100000000000002,0.6,17.662160734762928
7594,90.4,3.3000000000000016,4.100000000000002,0.7000000000000001,17.57915298379711
7595,90.9,3.4000000000000017,4.100000000000002,0.1,17.94327550057232
7596,90.79999999999998,3.4000000000000017,4.100000000000002,0.2,17.853800008329046
7597,90.7,3.4000000000000017,4.100000000000002,0.3,17.76460878842707
7598,90.59999999999998,3.4000000000000017,4.100000000000002,0.4,17.676579736316516
7599,90.5,3.4000000000000017,4.100000000000002,0.5,17.590562298543254
7600,90.4,3.4000000000000017,4.100000000000002,0.6,17.507363806086246
7601,90.29999999999998,3.4000000000000017,4.100000000000002,0.7000000000000001,17.42773698158288
7602,90.8,3.5000000000000018,4.100000000000002,0.1,17.781463155019697
7603,90.7,3.5000000000000018,4.100000000000002,0.2,17.69251683516958
7604,90.6,3.5000000000000018,4.100000000000002,0.3,17.604583635132865
7605,90.5,3.5000000000000018,4.100000000000002,0.4,17.518516851639813
7606,90.4,3.5000000000000018,4.100000000000002,0.5,17.435132621021385
7607,90.3,3.5000000000000018,4.100000000000002,0.6,17.3551970768242
7608,90.2,3.5000000000000018,4.100000000000002,0.7000000000000001,17.27941482750992
7609,90.7,3.600000000000002,4.100000000000002,0.1,17.620742557258072
7610,90.59999999999998,3.600000000000002,4.100000000000002,0.2,17.5329156217667
7611,90.5,3.600000000000002,4.100000000000002,0.3,17.446805855004705
7612,90.39999999999998,3.600000000000002,4.100000000000002,0.4,17.363235740507015
7613,90.29999999999998,3.600000000000002,4.100000000000002,0.5,17.28298256069356
7614,90.2,3.600000000000002,4.100000000000002,0.6,17.206766472941325
7615,90.09999999999998,3.600000000000002,4.100000000000002,0.7000000000000001,17.135240030223045
7616,90.6,3.700000000000002,4.100000000000002,0.1,17.462363034039928
7617,90.5,3.700000000000002,4.100000000000002,0.2,17.37621519969514
7618,90.4,3.700000000000002,4.100000000000002,0.3,17.292457206632502
7619,90.29999999999998,3.700000000000002,4.100000000000002,0.4,17.211875155723245
7620,90.2,3.700000000000002,4.100000000000002,0.5,17.135202655413487
7621,90.1,3.700000000000002,4.100000000000002,0.6,17.06310989237265
7622,89.99999999999999,3.700000000000002,4.100000000000002,0.7000000000000001,16.996194248456828
7623,90.5,3.800000000000002,4.100000000000002,0.1,17.307520884527683
7624,90.4,3.800000000000002,4.100000000000002,0.2,17.22357457761372
7625,90.3,3.800000000000002,4.100000000000002,0.3,17.142653550458412
7626,90.2,3.800000000000002,4.100000000000002,0.4,17.065502665040206
7627,90.1,3.800000000000002,4.100000000000002,0.5,16.992807810822345
7628,90.0,3.800000000000002,4.100000000000002,0.6,16.92518602728184
7629,89.89999999999999,3.800000000000002,4.100000000000002,0.7000000000000001,16.86317725124977
7630,90.4,3.900000000000002,4.100000000000002,0.1,17.157344720410094
7631,90.29999999999998,3.900000000000002,4.100000000000002,0.2,17.07607922045693
7632,90.2,3.900000000000002,4.100000000000002,0.3,16.9984321446406
7633,90.09999999999998,3.900000000000002,4.100000000000002,0.4,16.925103023649132
7634,89.99999999999999,3.900000000000002,4.100000000000002,0.5,16.856726791127787
7635,89.89999999999999,3.900000000000002,4.100000000000002,0.6,16.793864996281542
7636,89.79999999999998,3.900000000000002,4.100000000000002,0.7000000000000001,16.73699869651625
7637,90.3,4.000000000000002,4.100000000000002,0.1,17.0128824933769
7638,90.2,4.000000000000002,4.100000000000002,0.2,16.934729102338597
7639,90.1,4.000000000000002,4.100000000000002,0.3,16.86074077984261
7640,89.99999999999999,4.000000000000002,4.100000000000002,0.4,16.791568429124137
7641,89.89999999999999,4.000000000000002,4.100000000000002,0.5,16.72779361408211
7642,89.8,4.000000000000002,4.100000000000002,0.6,16.66992088119651
7643,89.69999999999999,4.000000000000002,4.100000000000002,0.7000000000000001,16.618371793899545
7644,90.2,4.100000000000002,4.100000000000002,0.1,16.875090399483575
7645,90.09999999999998,4.100000000000002,4.100000000000002,0.2,16.80042869368965
7646,89.99999999999999,4.100000000000002,4.100000000000002,0.3,16.730428883889118
7647,89.89999999999998,4.100000000000002,4.100000000000002,0.4,16.66569076011607
7648,89.79999999999998,4.100000000000002,4.100000000000002,0.5,16.60674092226611
7649,89.69999999999999,4.100000000000002,4.100000000000002,0.6,16.554026212204782
7650,89.59999999999998,4.100000000000002,4.100000000000002,0.7000000000000001,16.50790886884035
7651,90.1,4.200000000000003,4.100000000000002,0.1,16.744823796653257
7652,89.99999999999999,4.200000000000003,4.100000000000002,0.2,16.67397898945516
7653,89.89999999999999,4.200000000000003,4.100000000000002,0.3,16.608240673760758
7654,89.79999999999998,4.200000000000003,4.100000000000002,0.4,16.548155847487646
7655,89.69999999999999,4.200000000000003,4.100000000000002,0.5,16.494195351626544
7656,89.6,4.200000000000003,4.100000000000002,0.6,16.4467483960409
7657,89.49999999999999,4.200000000000003,4.100000000000002,0.7000000000000001,16.40611879814795
7658,90.0,4.3000000000000025,4.100000000000002,0.1,16.62283021715916
7659,89.89999999999999,4.3000000000000025,4.100000000000002,0.2,16.55607163126882
7660,89.8,4.3000000000000025,4.100000000000002,0.3,16.49481037961137
7661,89.69999999999999,4.3000000000000025,4.100000000000002,0.4,16.439539775488424
7662,89.6,4.3000000000000025,4.100000000000002,0.5,16.390674869362176
7663,89.5,4.3000000000000025,4.100000000000002,0.6,16.348548035813476
7664,89.39999999999999,4.3000000000000025,4.100000000000002,0.7000000000000001,16.313406244372548
7665,89.89999999999999,4.400000000000002,4.100000000000002,0.1,16.509744503098744
7666,89.79999999999998,4.400000000000002,4.100000000000002,0.2,16.447285124051774
7667,89.69999999999999,4.400000000000002,4.100000000000002,0.3,16.3906595149457
7668,89.59999999999998,4.400000000000002,4.100000000000002,0.4,16.340307162475582
7669,89.49999999999999,4.400000000000002,4.100000000000002,0.5,16.29658800807883
7670,89.39999999999999,4.400000000000002,4.100000000000002,0.6,16.259779049136426
7671,89.29999999999998,4.400000000000002,4.100000000000002,0.7000000000000001,16.23007257807708
7672,89.8,4.500000000000003,4.100000000000002,0.1,16.406086041207313
7673,89.69999999999999,4.500000000000003,4.100000000000002,0.2,16.348083097954788
7674,89.6,4.500000000000003,4.100000000000002,0.3,16.296196120212002
7675,89.49999999999999,4.500000000000003,4.100000000000002,0.4,16.250811326894144
7676,89.39999999999999,4.500000000000003,4.100000000000002,0.5,16.212234882817086
7677,89.3,4.500000000000003,4.100000000000002,0.6,16.18069045474317
7678,89.19999999999999,4.500000000000003,4.100000000000002,0.7000000000000001,16.156318344598077
7679,89.69999999999999,4.600000000000003,4.100000000000002,0.1,16.312258025299638
7680,89.59999999999998,4.600000000000003,4.100000000000002,0.2,16.258814521317646
7681,89.49999999999999,4.600000000000003,4.100000000000002,0.3,16.2117158650603
7682,89.39999999999998,4.600000000000003,4.100000000000002,0.4,16.17129620583103
7683,89.29999999999998,4.600000000000003,4.100000000000002,0.5,16.137809843051713
7684,89.19999999999999,4.600000000000003,4.100000000000002,0.6,16.111429667356784
7685,89.09999999999998,4.600000000000003,4.100000000000002,0.7000000000000001,16.092247105731104
7686,89.6,4.700000000000003,4.100000000000002,0.1,16.22854863142455
7687,89.49999999999999,4.700000000000003,4.100000000000002,0.2,16.179715730481824
7688,89.39999999999999,4.700000000000003,4.100000000000002,0.3,16.137404858386212
7689,89.29999999999998,4.700000000000003,4.100000000000002,0.4,16.101899861302833
7690,89.19999999999999,4.700000000000003,4.100000000000002,0.5,16.073405583775312
7691,89.1,4.700000000000003,4.100000000000002,0.6,16.052047116883017
7692,88.99999999999999,4.700000000000003,4.100000000000002,0.7000000000000001,16.037870467385552
7693,89.5,4.8000000000000025,4.100000000000002,0.1,16.15513395348453
7694,89.39999999999999,4.8000000000000025,4.100000000000002,0.2,16.11091410874421
7695,89.3,4.8000000000000025,4.100000000000002,0.3,16.073343985763614
7696,89.19999999999999,4.8000000000000025,4.100000000000002,0.4,16.04265938412099
7697,89.1,4.8000000000000025,4.100000000000002,0.5,16.019018518754617
7698,89.0,4.8000000000000025,4.100000000000002,0.6,16.00250199127496
7699,88.89999999999999,4.8000000000000025,4.100000000000002,0.7000000000000001,15.993114091777
7700,89.39999999999999,4.900000000000003,4.100000000000002,0.1,16.092082516381538
7701,89.29999999999998,4.900000000000003,4.100000000000002,0.2,16.052433220109155
7702,89.19999999999999,4.900000000000003,4.100000000000002,0.3,16.019514571445846
7703,89.09999999999998,4.900000000000003,4.100000000000002,0.4,15.993516987032226
7704,88.99999999999999,4.900000000000003,4.100000000000002,0.5,15.974555205172328
7705,88.89999999999999,4.900000000000003,4.100000000000002,0.6,15.962668892729337
7706,88.79999999999998,4.900000000000003,4.100000000000002,0.7000000000000001,15.957824487069745
7707,89.3,5.000000000000004,4.100000000000002,0.1,16.039361160205868
7708,89.19999999999999,5.000000000000004,4.100000000000002,0.2,16.00419918414037
7709,89.1,5.000000000000004,4.100000000000002,0.3,15.975805146997537
7710,88.99999999999999,5.000000000000004,4.100000000000002,0.4,15.954327067924693
7711,88.89999999999999,5.000000000000004,4.100000000000002,0.5,15.939839602068501
7712,88.8,5.000000000000004,4.100000000000002,0.6,15.932345194012589
7713,88.69999999999999,5.000000000000004,4.100000000000002,0.7000000000000001,15.931776368220497
7714,89.19999999999999,5.100000000000003,4.100000000000002,0.1,15.996842072826386
7715,89.09999999999998,5.100000000000003,4.100000000000002,0.2,15.966048066230499
7716,88.99999999999999,5.100000000000003,4.100000000000002,0.3,15.942019100763094
7717,88.89999999999998,5.100000000000003,4.100000000000002,0.4,15.924864020042314
7718,88.79999999999998,5.100000000000003,4.100000000000002,0.5,15.914620944966895
7719,88.69999999999999,5.100000000000003,4.100000000000002,0.6,15.91125888525438
7720,88.59999999999998,5.100000000000003,4.100000000000002,0.7000000000000001,15.914680389575757
7721,89.1,5.200000000000003,4.100000000000002,0.1,15.96431073944797
7722,88.99999999999999,5.200000000000003,4.100000000000002,0.2,15.937734052837985
7723,88.89999999999999,5.200000000000003,4.100000000000002,0.3,15.917882981496746
7724,88.79999999999998,5.200000000000003,4.100000000000002,0.4,15.90483056895173
7725,88.69999999999999,5.200000000000003,4.100000000000002,0.5,15.898582025292418
7726,88.6,5.200000000000003,4.100000000000002,0.6,15.89907671086733
7727,88.49999999999999,5.200000000000003,4.100000000000002,0.7000000000000001,15.906191061832985
7728,89.0,5.300000000000003,4.100000000000002,0.1,15.941474576011604
7729,88.89999999999999,5.300000000000003,4.100000000000002,0.2,15.91893818329886
7730,88.8,5.300000000000003,4.100000000000002,0.3,15.903055235067956
7731,88.69999999999999,5.300000000000003,4.100000000000002,0.4,15.89386642484914
7732,88.6,5.300000000000003,4.100000000000002,0.5,15.891347674953495
7733,88.5,5.300000000000003,4.100000000000002,0.6,15.895412410572181
7734,88.39999999999999,5.300000000000003,4.100000000000002,0.7000000000000001,15.905914682443566
7735,88.89999999999999,5.400000000000004,4.100000000000002,0.1,15.927972018240256
7736,88.79999999999998,5.400000000000004,4.100000000000002,0.2,15.909277418113101
7737,88.69999999999999,5.400000000000004,4.100000000000002,0.3,15.897135164524077
7738,88.59999999999998,5.400000000000004,4.100000000000002,0.4,15.891557052900902
7739,88.49999999999999,5.400000000000004,4.100000000000002,0.5,15.892493272929588
7740,88.39999999999999,5.400000000000004,4.100000000000002,0.6,15.899834896923675
7741,88.29999999999998,5.400000000000004,4.100000000000002,0.7000000000000001,15.91341712846939
7742,88.8,5.500000000000004,4.100000000000002,0.1,15.923381849005793
7743,88.69999999999999,5.500000000000004,4.100000000000002,0.2,15.908313837365883
7744,88.6,5.500000000000004,4.100000000000002,0.3,15.89967192009678
7745,88.49999999999999,5.500000000000004,4.100000000000002,0.4,15.89744238277645
7746,88.39999999999999,5.500000000000004,4.100000000000002,0.5,15.901553110915446
7747,88.3,5.500000000000004,4.100000000000002,0.6,15.911876223257407
7748,88.19999999999999,5.500000000000004,4.100000000000002,0.7000000000000001,15.928231383301691
7749,92.7,1.5,4.200000000000003,0.1,19.720047209813735
7750,92.6,1.5,4.200000000000003,0.2,19.708530307801343
7751,92.5,1.5,4.200000000000003,0.3,19.688567892034932
7752,92.4,1.5,4.200000000000003,0.4,19.660336840917214
7753,92.3,1.5,4.200000000000003,0.5,19.62411782826645
7754,92.2,1.5,4.200000000000003,0.6,19.580290549305175
7755,92.1,1.5,4.200000000000003,0.7000000000000001,19.529326945933988
7756,92.6,1.6,4.200000000000003,0.1,19.71786550186305
7757,92.5,1.6,4.200000000000003,0.2,19.700434651636296
7758,92.4,1.6,4.200000000000003,0.3,19.67454013507968
7759,92.3,1.6,4.200000000000003,0.4,19.640426485179233
7760,92.2,1.6,4.200000000000003,0.5,19.598441389009253
7761,92.1,1.6,4.200000000000003,0.6,19.549029630796763
7762,92.0,1.6,4.200000000000003,0.7000000000000001,19.49272508347489
7763,92.5,1.7000000000000002,4.200000000000003,0.1,19.70410962537694
7764,92.4,1.7000000000000002,4.200000000000003,0.2,19.680614521475157
7765,92.3,1.7000000000000002,4.200000000000003,0.3,19.648704278624717
7766,92.2,1.7000000000000002,4.200000000000003,0.4,19.608692005519877
7767,92.1,1.7000000000000002,4.200000000000003,0.5,19.56099227895891
7768,92.0,1.7000000000000002,4.200000000000003,0.6,19.5061138117628
7769,91.9,1.7000000000000002,4.200000000000003,0.7000000000000001,19.4446502433495
7770,92.4,1.8000000000000005,4.200000000000003,0.1,19.678407601769834
7771,92.3,1.8000000000000005,4.200000000000003,0.2,19.64876309914159
7772,92.2,1.8000000000000005,4.200000000000003,0.3,19.61082066505948
7773,92.1,1.8000000000000005,4.200000000000003,0.4,19.564961995521582
7774,92.0,1.8000000000000005,4.200000000000003,0.5,19.511667510900736
7775,91.9,1.8000000000000005,4.200000000000003,0.6,19.45150777687961
7776,91.8,1.8000000000000005,4.200000000000003,0.7000000000000001,19.38513314680129
7777,92.3,1.9000000000000004,4.200000000000003,0.1,19.640516924319126
7778,92.2,1.9000000000000004,4.200000000000003,0.2,19.60470626209613
7779,92.1,1.9000000000000004,4.200000000000003,0.3,19.560784546496198
7780,92.0,1.9000000000000004,4.200000000000003,0.4,19.50920113579703
7781,91.9,1.9000000000000004,4.200000000000003,0.5,19.450500317184947
7782,91.8,1.9000000000000004,4.200000000000003,0.6,19.38531152929372
7783,91.7,1.9000000000000004,4.200000000000003,0.7000000000000001,19.31433792862075
7784,92.2,2.0000000000000004,4.200000000000003,0.1,19.59033214233155
7785,92.1,2.0000000000000004,4.200000000000003,0.2,19.548408966573806
7786,92.0,2.0000000000000004,4.200000000000003,0.3,19.49863122114908
7787,91.9,2.0000000000000004,4.200000000000003,0.4,19.441514057360973
7788,91.8,2.0000000000000004,4.200000000000003,0.5,19.377662733670842
7789,91.7,2.0000000000000004,4.200000000000003,0.6,19.30776170840763
7790,91.6,2.0000000000000004,4.200000000000003,0.7000000000000001,19.23256222111499
7791,92.1,2.1000000000000005,4.200000000000003,0.1,19.527890108041376
7792,92.0,2.1000000000000005,4.200000000000003,0.2,19.479979222772325
7793,91.9,2.1000000000000005,4.200000000000003,0.3,19.424538714550838
7794,91.8,2.1000000000000005,4.200000000000003,0.4,19.362146726710336
7795,91.7,2.1000000000000005,4.200000000000003,0.5,19.293465706448284
7796,91.6,2.1000000000000005,4.200000000000003,0.6,19.219230455324183
7797,91.5,2.1000000000000005,4.200000000000003,0.7000000000000001,19.140234833561898
7798,92.0,2.2000000000000006,4.200000000000003,0.1,19.45337272563361
7799,91.9,2.2000000000000006,4.200000000000003,0.2,19.39966953292582
7800,91.8,2.2000000000000006,4.200000000000003,0.3,19.33882790890694
7801,91.7,2.2000000000000006,4.200000000000003,0.4,19.271485288835862
7802,91.6,2.2000000000000006,4.200000000000003,0.5,19.19835669037064
7803,91.5,2.2000000000000006,4.200000000000003,0.6,19.12022182712526
7804,91.4,2.2000000000000006,4.200000000000003,0.7000000000000001,19.037911059261777
7805,91.9,2.3000000000000007,4.200000000000003,0.1,19.3671071022923
7806,91.8,2.3000000000000007,4.200000000000003,0.2,19.3078757252167
7807,91.7,2.3000000000000007,4.200000000000003,0.3,19.241960086888515
7808,91.6,2.3000000000000007,4.200000000000003,0.4,19.170052367535718
7809,91.5,2.3000000000000007,4.200000000000003,0.5,19.09291477099901
7810,91.4,2.3000000000000007,4.200000000000003,0.6,19.011365822437075
7811,91.3,2.3000000000000007,4.200000000000003,0.7000000000000001,18.926265701623265
7812,91.8,2.400000000000001,4.200000000000003,0.1,19.26956306523329
7813,91.7,2.400000000000001,4.200000000000003,0.2,19.205133181096095
7814,91.6,2.400000000000001,4.200000000000003,0.3,19.13453192059719
7815,91.5,2.400000000000001,4.200000000000003,0.4,19.058500885915706
7816,91.4,2.400000000000001,4.200000000000003,0.5,18.977843403445277
7817,91.3,2.400000000000001,4.200000000000003,0.6,18.893410140334623
7818,91.2,2.400000000000001,4.200000000000003,0.7000000000000001,18.806083967422857
7819,91.7,2.500000000000001,4.200000000000003,0.1,19.161348074266904
7820,91.6,2.500000000000001,4.200000000000003,0.2,19.09211051864894
7821,91.5,2.500000000000001,4.200000000000003,0.3,19.017268000247068
7822,91.4,2.500000000000001,4.200000000000003,0.4,18.93760553181353
7823,91.3,2.500000000000001,4.200000000000003,0.5,18.85396092084064
7824,91.2,2.500000000000001,4.200000000000003,0.6,18.76720985066264
7825,91.1,2.500000000000001,4.200000000000003,0.7000000000000001,18.67825042766288
7826,91.6,2.600000000000001,4.200000000000003,0.1,19.043199624462915
7827,91.5,2.600000000000001,4.200000000000003,0.2,18.96960085808223
7828,91.4,2.600000000000001,4.200000000000003,0.3,18.891011058268077
7829,91.3,2.600000000000001,4.200000000000003,0.4,18.808252051115293
7830,91.2,2.600000000000001,4.200000000000003,0.5,18.722189019871053
7831,91.1,2.600000000000001,4.200000000000003,0.6,18.63371520454038
7832,91.0,2.600000000000001,4.200000000000003,0.7000000000000001,18.54373629269302
7833,91.5,2.700000000000001,4.200000000000003,0.1,18.91597529589274
7834,91.4,2.700000000000001,4.200000000000003,0.2,18.838510855221582
7835,91.3,2.700000000000001,4.200000000000003,0.3,18.756710101113583
7836,91.2,2.700000000000001,4.200000000000003,0.4,18.67142460471162
7837,91.1,2.700000000000001,4.200000000000003,0.5,18.583539479310584
7838,91.0,2.700000000000001,4.200000000000003,0.6,18.493957857613896
7839,90.9,2.700000000000001,4.200000000000003,0.7000000000000001,18.403585287050003
7840,91.4,2.800000000000001,4.200000000000003,0.1,18.780640665234124
7841,91.3,2.800000000000001,4.200000000000003,0.2,18.699847743201648
7842,91.2,2.800000000000001,4.200000000000003,0.3,18.615406711293637
7843,91.1,2.800000000000001,4.200000000000003,0.4,18.528191470548528
7844,91.0,2.800000000000001,4.200000000000003,0.5,18.439099408281017
7845,90.9,2.800000000000001,4.200000000000003,0.6,18.349035814218485
7846,90.8,2.800000000000001,4.200000000000003,0.7000000000000001,18.258898439687403
7847,91.3,2.900000000000001,4.200000000000003,0.1,18.638255345451363
7848,91.2,2.900000000000001,4.200000000000003,0.2,18.554704669662936
7849,91.1,2.900000000000001,4.200000000000003,0.3,18.468219824536167
7850,91.0,2.900000000000001,4.200000000000003,0.4,18.379689409509446
7851,90.9,2.900000000000001,4.200000000000003,0.5,18.290015352887224
7852,90.8,2.900000000000001,4.200000000000003,0.6,18.20009742702037
7853,90.7,2.900000000000001,4.200000000000003,0.7000000000000001,18.110818126101293
7854,91.2,3.0000000000000013,4.200000000000003,0.1,18.489957463254523
7855,91.1,3.0000000000000013,4.200000000000003,0.2,18.404244655324543
7856,91.0,3.0000000000000013,4.200000000000003,0.3,18.31632932027654
7857,90.9,3.0000000000000013,4.200000000000003,0.4,18.227107041672447
7858,90.8,3.0000000000000013,4.200000000000003,0.5,18.13747661207006
7859,90.7,3.0000000000000013,4.200000000000003,0.6,18.048324803256353
7860,90.6,3.0000000000000013,4.200000000000003,0.7000000000000001,17.960511709838883
7861,91.1,3.1000000000000014,4.200000000000003,0.1,18.33694691833707
7862,91.0,3.1000000000000014,4.200000000000003,0.2,18.24968352871098
7863,90.9,3.1000000000000014,4.200000000000003,0.3,18.16095878699555
7864,90.8,3.1000000000000014,4.200000000000003,0.4,18.071667597123362
7865,90.7,3.1000000000000014,4.200000000000003,0.5,17.982698125476126
7866,90.6,3.1000000000000014,4.200000000000003,0.6,17.89491697507376
7867,90.5,3.1000000000000014,4.200000000000003,0.7000000000000001,17.80915513188725
7868,91.0,3.200000000000001,4.200000000000003,0.1,18.180467792573747
7869,90.9,3.200000000000001,4.200000000000003,0.2,18.092272210339033
7870,90.8,3.200000000000001,4.200000000000003,0.3,18.003357836736566
7871,90.7,3.200000000000001,4.200000000000003,0.4,17.914611412633906
7872,90.6,3.200000000000001,4.200000000000003,0.5,17.826903297725526
7873,90.5,3.200000000000001,4.200000000000003,0.6,17.741073187738333
7874,90.4,3.200000000000001,4.200000000000003,0.7000000000000001,17.657916787699794
7875,90.9,3.3000000000000016,4.200000000000003,0.1,18.02179029086981
7876,90.8,3.3000000000000016,4.200000000000003,0.2,17.933278727461445
7877,90.7,3.3000000000000016,4.200000000000003,0.3,17.84478434527064
7878,90.6,3.3000000000000016,4.200000000000003,0.4,17.757178542165125
7879,90.5,3.3000000000000016,4.200000000000003,0.5,17.67130711488224
7880,90.4,3.3000000000000016,4.200000000000003,0.6,17.587976646012965
7881,90.3,3.3000000000000016,4.200000000000003,0.7000000000000001,17.507942013686
7882,90.8,3.4000000000000017,4.200000000000003,0.1,17.862192598011763
7883,90.7,3.4000000000000017,4.200000000000003,0.2,17.773970337531637
7884,90.6,3.4000000000000017,4.200000000000003,0.3,17.68648698604947
7885,90.5,3.4000000000000017,4.200000000000003,0.4,17.600591835718216
7886,90.4,3.4000000000000017,4.200000000000003,0.5,17.517099890750117
7887,90.3,3.4000000000000017,4.200000000000003,0.6,17.436779036530382
7888,90.2,3.4000000000000017,4.200000000000003,0.7000000000000001,17.36033847871025
7889,90.7,3.5000000000000018,4.200000000000003,0.1,17.702943027868827
7890,90.6,3.5000000000000018,4.200000000000003,0.2,17.61559612527632
7891,90.5,3.5000000000000018,4.200000000000003,0.3,17.52968840784597
7892,90.4,3.5000000000000018,4.200000000000003,0.4,17.446040818242462
7893,90.3,3.5000000000000018,4.200000000000003,0.5,17.365431953700405
7894,90.2,3.5000000000000018,4.200000000000003,0.6,17.2885861134798
7895,90.1,3.5000000000000018,4.200000000000003,0.7000000000000001,17.2161627426255
7896,90.6,3.600000000000002,4.200000000000003,0.1,17.54528282318129
7897,90.5,3.600000000000002,4.200000000000003,0.2,17.459370415358844
7898,90.4,3.600000000000002,4.200000000000003,0.3,17.375569378700273
7899,90.29999999999998,3.600000000000002,4.200000000000003,0.4,17.29466666913827
7900,90.2,3.600000000000002,4.200000000000003,0.5,17.217399550212328
7901,90.1,3.600000000000002,4.200000000000003,0.6,17.144444597635026
7902,89.99999999999999,3.600000000000002,4.200000000000003,0.7000000000000001,17.07640820442048
7903,90.5,3.700000000000002,4.200000000000003,0.1,17.390409936817765
7904,90.4,3.700000000000002,4.200000000000003,0.2,17.306457311099706
7905,90.3,3.700000000000002,4.200000000000003,0.3,17.22525418361686
7906,90.2,3.700000000000002,4.200000000000003,0.4,17.147548564617995
7907,90.1,3.700000000000002,4.200000000000003,0.5,17.07403220052706
7908,90.0,3.700000000000002,4.200000000000003,0.6,17.00533059608867
7909,89.89999999999999,3.700000000000002,4.200000000000003,0.7000000000000001,16.941994618645815
7910,90.4,3.800000000000002,4.200000000000003,0.1,17.23946408993648
7911,90.3,3.800000000000002,4.200000000000003,0.2,17.15795663086706
7912,90.2,3.800000000000002,4.200000000000003,0.3,17.079797521763687
7913,90.1,3.800000000000002,4.200000000000003,0.4,17.005691601259116
7914,90.0,3.800000000000002,4.200000000000003,0.5,16.93628169628657
7915,89.9,3.800000000000002,4.200000000000003,0.6,16.8721397035635
7916,89.8,3.800000000000002,4.200000000000003,0.7000000000000001,16.81375931196507
7917,90.3,3.900000000000002,4.200000000000003,0.1,17.093513360328902
7918,90.2,3.900000000000002,4.200000000000003,0.2,17.014891469024256
7919,90.1,3.900000000000002,4.200000000000003,0.3,16.94017310224532
7920,89.99999999999999,3.900000000000002,4.200000000000003,0.4,16.870016471089723
7921,89.89999999999999,3.900000000000002,4.200000000000003,0.5,16.80501288135612
7922,89.8,3.900000000000002,4.200000000000003,0.6,16.74567889746109
7923,89.69999999999999,3.900000000000002,4.200000000000003,0.7000000000000001,16.69245018353806
7924,90.2,4.000000000000002,4.200000000000003,0.1,16.95354250690375
7925,90.1,4.000000000000002,4.200000000000003,0.2,16.878197559331397
7926,90.0,4.000000000000002,4.200000000000003,0.3,16.807264087501135
7927,89.89999999999999,4.000000000000002,4.200000000000003,0.4,16.741351008132675
7928,89.8,4.000000000000002,4.200000000000003,0.5,16.68099630686076
7929,89.7,4.000000000000002,4.200000000000003,0.6,16.626660289488804
7930,89.6,4.000000000000002,4.200000000000003,0.7000000000000001,16.578720525051114
7931,90.1,4.100000000000002,4.200000000000003,0.1,16.820443185444056
7932,89.99999999999999,4.100000000000002,4.200000000000003,0.2,16.74871456712505
7933,89.89999999999999,4.100000000000002,4.200000000000003,0.3,16.68185548169546
7934,89.79999999999998,4.100000000000002,4.200000000000003,0.4,16.620423675170343
7935,89.69999999999999,4.100000000000002,4.200000000000003,0.5,16.564902801418416
7936,89.6,4.100000000000002,4.200000000000003,0.6,16.515696748343714
7937,89.49999999999999,4.100000000000002,4.200000000000003,0.7000000000000001,16.473125650044985
7938,90.0,4.200000000000003,4.200000000000003,0.1,16.695006158142643
7939,89.89999999999999,4.200000000000003,4.200000000000003,0.2,16.627179384134184
7940,89.8,4.200000000000003,4.200000000000003,0.3,16.564628509784292
7941,89.69999999999999,4.200000000000003,4.200000000000003,0.4,16.5078590091818
7942,89.6,4.200000000000003,4.200000000000003,0.5,16.45729994917023
7943,89.5,4.200000000000003,4.200000000000003,0.6,16.413299361977806
7944,89.39999999999999,4.200000000000003,4.200000000000003,0.7000000000000001,16.376121279108364
7945,89.9,4.3000000000000025,4.200000000000003,0.1,16.577915546672937
7946,89.8,4.3000000000000025,4.200000000000003,0.2,16.514221448077006
7947,89.7,4.3000000000000025,4.200000000000003,0.3,16.456156982841353
7948,89.6,4.3000000000000025,4.200000000000003,0.4,16.404174995955586
7949,89.5,4.3000000000000025,4.200000000000003,0.5,16.35865042289852
7950,89.4,4.3000000000000025,4.200000000000003,0.6,16.319876665723953
7951,89.3,4.3000000000000025,4.200000000000003,0.7000000000000001,16.28806358868384
7952,89.8,4.400000000000002,4.200000000000003,0.1,16.46974512729357
7953,89.69999999999999,4.400000000000002,4.200000000000003,0.2,16.410360059758858
7954,89.6,4.400000000000002,4.200000000000003,0.3,16.356905598161255
7955,89.49999999999999,4.400000000000002,4.200000000000003,0.4,16.30978230014374
7956,89.39999999999999,4.400000000000002,4.200000000000003,0.5,16.26931207852124
7957,89.3,4.400000000000002,4.200000000000003,0.6,16.23573552513647
7958,89.19999999999999,4.400000000000002,4.200000000000003,0.7000000000000001,16.209210797647177
7959,89.7,4.500000000000003,4.200000000000003,0.1,16.37095661819214
7960,89.6,4.500000000000003,4.200000000000003,0.2,16.316003624642242
7961,89.5,4.500000000000003,4.200000000000003,0.3,16.26723007990201
7962,89.39999999999999,4.500000000000003,4.200000000000003,0.4,16.22498523765031
7963,89.3,4.500000000000003,4.200000000000003,0.5,16.189539681582204
7964,89.2,4.500000000000003,4.200000000000003,0.6,16.161083530676457
7965,89.1,4.500000000000003,4.200000000000003,0.7000000000000001,16.13972613821069
7966,89.6,4.600000000000003,4.200000000000003,0.1,16.281899865252445
7967,89.49999999999999,4.600000000000003,4.200000000000003,0.2,16.231450704975657
7968,89.39999999999999,4.600000000000003,4.200000000000003,0.3,16.187379028650003
7969,89.29999999999998,4.600000000000003,4.200000000000003,0.4,16.149984343671886
7970,89.19999999999999,4.600000000000003,4.200000000000003,0.5,16.11948810680673
7971,89.1,4.600000000000003,4.200000000000003,0.6,16.096032735994996
7972,88.99999999999999,4.600000000000003,4.200000000000003,0.7000000000000001,16.079682036562904
7973,89.5,4.700000000000003,4.200000000000003,0.1,16.20281479377276
7974,89.39999999999999,4.700000000000003,4.200000000000003,0.2,16.15689273351263
7975,89.3,4.700000000000003,4.200000000000003,0.3,16.117497317113497
7976,89.19999999999999,4.700000000000003,4.200000000000003,0.4,16.08488036261031
7977,89.1,4.700000000000003,4.200000000000003,0.5,16.059216828898606
7978,89.0,4.700000000000003,4.200000000000003,0.6,16.040604552922876
7979,88.89999999999999,4.700000000000003,4.200000000000003,0.7000000000000001,16.029065314231147
7980,89.4,4.8000000000000025,4.200000000000003,0.1,16.133834961223982
7981,89.3,4.8000000000000025,4.200000000000003,0.2,16.09241821134123
7982,89.2,4.8000000000000025,4.200000000000003,0.3,16.057630844746075
7983,89.1,4.8000000000000025,4.200000000000003,0.4,16.029679465881898
7984,89.0,4.8000000000000025,4.200000000000003,0.5,16.008695506793327
7985,88.9,4.8000000000000025,4.200000000000003,0.6,15.994735604498024
7986,88.8,4.8000000000000025,4.200000000000003,0.7000000000000001,15.987783213435605
7987,89.3,4.900000000000003,4.200000000000003,0.1,16.074992520517895
7988,89.19999999999999,4.900000000000003,4.200000000000003,0.2,16.03801819083318
7989,89.1,4.900000000000003,4.200000000000003,0.3,16.007732446779176
7990,88.99999999999999,4.900000000000003,4.200000000000003,0.4,15.984299490519433
7991,88.89999999999999,4.900000000000003,4.200000000000003,0.5,15.967810454577217
7992,88.8,4.900000000000003,4.200000000000003,0.6,15.95828433233762
7993,88.69999999999999,4.900000000000003,4.200000000000003,0.7000000000000001,15.955670048451477
7994,89.2,5.000000000000004,4.200000000000003,0.1,16.026224384791345
7995,89.1,5.000000000000004,4.200000000000003,0.2,15.993592830402033
7996,89.0,5.000000000000004,4.200000000000003,0.3,15.967668742952904
7997,88.89999999999999,5.000000000000004,4.200000000000003,0.4,15.948576985313023
7998,88.8,5.000000000000004,4.200000000000003,0.5,15.936371790012744
7999,88.7,5.000000000000004,4.200000000000003,0.6,15.931038156048478
8000,88.6,5.000000000000004,4.200000000000003,0.7000000000000001,15.932494289755903
8001,89.1,5.100000000000003,4.200000000000003,0.1,15.987379373481017
8002,88.99999999999999,5.100000000000003,4.200000000000003,0.2,15.958958800571665
8003,88.89999999999999,5.100000000000003,4.200000000000003,0.3,15.937227707981382
8004,88.79999999999998,5.100000000000003,4.200000000000003,0.4,15.9222748517428
8005,88.69999999999999,5.100000000000003,4.200000000000003,0.5,15.91412105563742
8006,88.6,5.100000000000003,4.200000000000003,0.6,15.912720989620915
8007,88.49999999999999,5.100000000000003,4.200000000000003,0.7000000000000001,15.917965897867957
8008,89.0,5.200000000000003,4.200000000000003,0.1,15.958226115293801
8009,88.89999999999999,5.200000000000003,4.200000000000003,0.2,15.933857320498621
8010,88.8,5.200000000000003,4.200000000000003,0.3,15.916126749052061
8011,88.69999999999999,5.200000000000003,4.200000000000003,0.4,15.905090373587313
8012,88.6,5.200000000000003,4.200000000000003,0.5,15.900739117094952
8013,88.5,5.200000000000003,4.200000000000003,0.6,15.903000932148657
8014,88.39999999999999,5.200000000000003,4.200000000000003,0.7000000000000001,15.911743738502214
8015,88.9,5.300000000000003,4.200000000000003,0.1,15.938461486171322
8016,88.8,5.300000000000003,4.200000000000003,0.2,15.917962610051246
8017,88.7,5.300000000000003,4.200000000000003,0.3,15.904021084818735
8018,88.6,5.300000000000003,4.200000000000003,0.4,15.896663441135301
8019,88.5,5.300000000000003,4.200000000000003,0.5,15.895854157922045
8020,88.4,5.300000000000003,4.200000000000003,0.6,15.901497966905549
8021,88.3,5.300000000000003,4.200000000000003,0.7000000000000001,15.913442929045065
8022,88.8,5.400000000000004,4.200000000000003,0.1,15.927719368905375
8023,88.69999999999999,5.400000000000004,4.200000000000003,0.2,15.910890554129198
8024,88.6,5.400000000000004,4.200000000000003,0.3,15.900512234624774
8025,88.49999999999999,5.400000000000004,4.200000000000003,0.4,15.896584792532233
8026,88.39999999999999,5.400000000000004,4.200000000000003,0.5,15.899049608542901
8027,88.3,5.400000000000004,4.200000000000003,0.6,15.907791522837867
8028,88.19999999999999,5.400000000000004,4.200000000000003,0.7000000000000001,15.922641987452142
8029,88.7,5.500000000000004,4.200000000000003,0.1,15.925579534917745
8030,88.6,5.500000000000004,4.200000000000003,0.2,15.912207392264907
8031,88.5,5.500000000000004,4.200000000000003,0.3,15.905156445178418
8032,88.39999999999999,5.500000000000004,4.200000000000003,0.4,15.904404115000785
8033,88.3,5.500000000000004,4.200000000000003,0.5,15.909871868727363
8034,88.2,5.500000000000004,4.200000000000003,0.6,15.92142777489374
8035,88.1,5.500000000000004,4.200000000000003,0.7000000000000001,15.938889677448838
8036,92.6,1.5,4.3000000000000025,0.1,19.685501599271802
8037,92.5,1.5,4.3000000000000025,0.2,19.669711516384258
8038,92.4,1.5,4.3000000000000025,0.3,19.645655969941707
8039,92.3,1.5,4.3000000000000025,0.4,19.61356206999606
8040,92.2,1.5,4.3000000000000025,0.5,19.573757413186257
8041,92.1,1.5,4.3000000000000025,0.6,19.526664365256323
8042,92.0,1.5,4.3000000000000025,0.7000000000000001,19.47279244357001
8043,92.5,1.6,4.3000000000000025,0.1,19.677742798133977
8044,92.4,1.6,4.3000000000000025,0.2,19.656084308006655
8045,92.3,1.6,4.3000000000000025,0.3,19.626184556346608
8046,92.2,1.6,4.3000000000000025,0.4,19.58833719937762
8047,92.1,1.6,4.3000000000000025,0.5,19.542935017435898
8048,92.0,1.6,4.3000000000000025,0.6,19.490462955713703
8049,91.9,1.6,4.3000000000000025,0.7000000000000001,19.431489331712015
8050,92.4,1.7000000000000002,4.3000000000000025,0.1,19.658444280855186
8051,92.3,1.7000000000000002,4.3000000000000025,0.2,19.630810978211844
8052,92.2,1.7000000000000002,4.3000000000000025,0.3,19.595026934051983
8053,92.1,1.7000000000000002,4.3000000000000025,0.4,19.551452631076668
8054,92.0,1.7000000000000002,4.3000000000000025,0.5,19.500545287638225
8055,91.9,1.7000000000000002,4.3000000000000025,0.6,19.44285067900007
8056,91.8,1.7000000000000002,4.3000000000000025,0.7000000000000001,19.378993216020618
8057,92.3,1.8000000000000005,4.3000000000000025,0.1,19.62730342481617
8058,92.2,1.8000000000000005,4.3000000000000025,0.2,19.593654338083056
8059,92.1,1.8000000000000005,4.3000000000000025,0.3,19.55201268094531
8060,92.0,1.8000000000000005,4.3000000000000025,0.4,19.502805139057557
8061,91.9,1.8000000000000005,4.3000000000000025,0.5,19.446551719459332
8062,91.8,1.8000000000000005,4.3000000000000025,0.6,19.383856394523246
8063,91.7,1.8000000000000005,4.3000000000000025,0.7000000000000001,19.315396117310282
8064,92.2,1.9000000000000004,4.3000000000000025,0.1,19.584147860615772
8065,92.1,1.9000000000000004,4.3000000000000025,0.2,19.544509874586854
8066,92.0,1.9000000000000004,4.3000000000000025,0.3,19.497105460874337
8067,91.9,1.9000000000000004,4.3000000000000025,0.4,19.44242596708308
8068,91.8,1.9000000000000004,4.3000000000000025,0.5,19.381051641166685
8069,91.7,1.9000000000000004,4.3000000000000025,0.6,19.31364115982102
8070,91.6,1.9000000000000004,4.3000000000000025,0.7000000000000001,19.24091966429879
8071,92.1,2.0000000000000004,4.3000000000000025,0.1,19.528941707487107
8072,92.0,2.0000000000000004,4.3000000000000025,0.2,19.48341077256771
8073,91.9,2.0000000000000004,4.3000000000000025,0.3,19.430406801990788
8074,91.8,2.0000000000000004,4.3000000000000025,0.4,19.370483352596864
8075,91.7,2.0000000000000004,4.3000000000000025,0.5,19.30427749166578
8076,91.6,2.0000000000000004,4.3000000000000025,0.6,19.232498290326383
8077,91.5,2.0000000000000004,4.3000000000000025,0.7000000000000001,19.155913980713464
8078,92.0,2.1000000000000005,4.3000000000000025,0.1,19.461789446475173
8079,91.9,2.1000000000000005,4.3000000000000025,0.2,19.41053052421807
8080,91.8,2.1000000000000005,4.3000000000000025,0.3,19.352157435837675
8081,91.7,2.1000000000000005,4.3000000000000025,0.4,19.2872826084116
8082,91.6,2.1000000000000005,4.3000000000000025,0.5,19.21659567694525
8083,91.5,2.1000000000000005,4.3000000000000025,0.6,19.140851040950803
8084,91.4,2.1000000000000005,4.3000000000000025,0.7000000000000001,19.060854259240994
8085,91.9,2.2000000000000006,4.3000000000000025,0.1,19.382937306364582
8086,91.8,2.2000000000000006,4.3000000000000025,0.2,19.326183032708816
8087,91.7,2.2000000000000006,4.3000000000000025,0.3,19.26273613611918
8088,91.6,2.2000000000000006,4.3000000000000025,0.4,19.19326373339385
8089,91.5,2.2000000000000006,4.3000000000000025,0.5,19.118503007819534
8090,91.4,2.2000000000000006,4.3000000000000025,0.6,19.0392479429855
8091,91.3,2.2000000000000006,4.3000000000000025,0.7000000000000001,18.95633508485049
8092,91.8,2.3000000000000007,4.3000000000000025,0.1,19.292772098308276
8093,91.7,2.3000000000000007,4.3000000000000025,0.2,19.230820178584317
8094,91.6,2.3000000000000007,4.3000000000000025,0.3,19.162656058245556
8095,91.5,2.3000000000000007,4.3000000000000025,0.4,19.088996585006193
8096,91.4,2.3000000000000007,4.3000000000000025,0.5,19.010620782342198
8097,91.3,2.3000000000000007,4.3000000000000025,0.6,18.928355888456924
8098,91.2,2.3000000000000007,4.3000000000000025,0.7000000000000001,18.843062626189592
8099,91.7,2.400000000000001,4.3000000000000025,0.1,19.191817498453222
8100,91.6,2.400000000000001,4.3000000000000025,0.2,19.125026880781203
8101,91.5,2.400000000000001,4.3000000000000025,0.3,19.052558643188362
8102,91.4,2.400000000000001,4.3000000000000025,0.4,18.975173707495532
8103,91.3,2.400000000000001,4.3000000000000025,0.5,18.893686635017964
8104,91.2,2.400000000000001,4.3000000000000025,0.6,18.80895111004232
8105,91.1,2.400000000000001,4.3000000000000025,0.7000000000000001,18.721844866394243
8106,91.6,2.500000000000001,4.3000000000000025,0.1,19.08072784157127
8107,91.5,2.500000000000001,4.3000000000000025,0.2,19.009513746703313
8108,91.4,2.500000000000001,4.3000000000000025,0.3,18.93320520991646
8109,91.3,2.500000000000001,4.3000000000000025,0.4,18.85260096776122
8110,91.2,2.500000000000001,4.3000000000000025,0.5,18.768544330093548
8111,91.1,2.500000000000001,4.3000000000000025,0.6,18.681908256179916
8112,91.0,2.500000000000001,4.3000000000000025,0.7000000000000001,18.593580092105185
8113,91.5,2.600000000000001,4.3000000000000025,0.1,18.960279550754322
8114,91.4,2.600000000000001,4.3000000000000025,0.2,18.88510746568262
8115,91.3,2.600000000000001,4.3000000000000025,0.3,18.805466417784743
8116,91.2,2.600000000000001,4.3000000000000025,0.4,18.722186204652914
8117,91.1,2.600000000000001,4.3000000000000025,0.5,18.63613172602344
8118,91.0,2.600000000000001,4.3000000000000025,0.6,18.548187806490223
8119,90.9,2.600000000000001,4.3000000000000025,0.7000000000000001,18.459243900283475
8120,91.4,2.700000000000001,4.3000000000000025,0.1,18.831360386651546
8121,91.3,2.700000000000001,4.3000000000000025,0.2,18.752739155488513
8122,91.2,2.700000000000001,4.3000000000000025,0.3,18.670309831920353
8123,91.1,2.700000000000001,4.3000000000000025,0.4,18.584926144964932
8124,91.0,2.700000000000001,4.3000000000000025,0.5,18.497467181155226
8125,90.9,2.700000000000001,4.3000000000000025,0.6,18.40882211067899
8126,90.8,2.700000000000001,4.3000000000000025,0.7000000000000001,18.31987501535121
8127,91.3,2.800000000000001,4.3000000000000025,0.1,18.694956752686867
8128,91.2,2.800000000000001,4.3000000000000025,0.2,18.613430920594386
8129,91.1,2.800000000000001,4.3000000000000025,0.3,18.528785869309484
8130,91.0,2.800000000000001,4.3000000000000025,0.4,18.441891879274838
8131,90.9,2.800000000000001,4.3000000000000025,0.5,18.3536347054819
8132,90.8,2.800000000000001,4.3000000000000025,0.6,18.264900363618892
8133,90.7,2.800000000000001,4.3000000000000025,0.7000000000000001,18.17656023332989
8134,91.2,2.900000000000001,4.3000000000000025,0.1,18.552139338569802
8135,91.1,2.900000000000001,4.3000000000000025,0.2,18.46828092219066
8136,91.0,2.900000000000001,4.3000000000000025,0.3,18.382012439609305
8137,90.9,2.900000000000001,4.3000000000000025,0.4,18.294213221863124
8138,90.8,2.900000000000001,4.3000000000000025,0.5,18.205768188995272
8139,90.7,2.900000000000001,4.3000000000000025,0.6,18.117552849516223
8140,90.6,2.900000000000001,4.3000000000000025,0.7000000000000001,18.030418824406322
8141,91.1,3.0000000000000013,4.3000000000000025,0.1,18.40404742184556
8142,91.0,3.0000000000000013,4.3000000000000025,0.2,18.318447292255076
8143,90.9,3.0000000000000013,4.3000000000000025,0.3,18.231158621675473
8144,90.8,3.0000000000000013,4.3000000000000025,0.4,18.143062300420322
8145,90.7,3.0000000000000013,4.3000000000000025,0.5,18.05503505310299
8146,90.6,3.0000000000000013,4.3000000000000025,0.6,17.967934798511745
8147,90.5,3.0000000000000013,4.3000000000000025,0.7000000000000001,17.88258673046398
8148,91.0,3.1000000000000014,4.3000000000000025,0.1,18.251872175175308
8149,90.9,3.1000000000000014,4.3000000000000025,0.2,18.165131246488404
8150,90.8,3.1000000000000014,4.3000000000000025,0.3,18.07742773373483
8151,90.7,3.1000000000000014,4.3000000000000025,0.4,17.989636732614393
8152,90.6,3.1000000000000014,4.3000000000000025,0.5,17.90261967745095
8153,90.5,3.1000000000000014,4.3000000000000025,0.6,17.817210199637966
8154,90.4,3.1000000000000014,4.3000000000000025,0.7000000000000001,17.7342008896488
8155,90.9,3.200000000000001,4.3000000000000025,0.1,18.09683934479143
8156,90.8,3.200000000000001,4.3000000000000025,0.2,18.009559763090177
8157,90.7,3.200000000000001,4.3000000000000025,0.3,17.92204016172773
8158,90.6,3.200000000000001,4.3000000000000025,0.4,17.835142747730277
8159,90.5,3.200000000000001,4.3000000000000025,0.5,17.749706950386635
8160,90.4,3.200000000000001,4.3000000000000025,0.6,17.66653590499523
8161,90.3,3.200000000000001,4.3000000000000025,0.7000000000000001,17.58638400640104
8162,90.8,3.3000000000000016,4.3000000000000025,0.1,17.940191672801117
8163,90.7,3.3000000000000016,4.3000000000000025,0.2,17.852968196038756
8164,90.6,3.3000000000000016,4.3000000000000025,0.3,17.766216306641105
8165,90.5,3.3000000000000016,4.3000000000000025,0.4,17.680778602735604
8166,90.4,3.3000000000000016,4.3000000000000025,0.5,17.597466277605267
8167,90.3,3.3000000000000016,4.3000000000000025,0.6,17.517046341881652
8168,90.2,3.3000000000000016,4.3000000000000025,0.7000000000000001,17.44023006328205
8169,90.7,3.4000000000000017,4.3000000000000025,0.1,17.78317143274277
8170,90.6,3.4000000000000017,4.3000000000000025,0.2,17.69658318297086
8171,90.5,3.4000000000000017,4.3000000000000025,0.3,17.611159998049263
8172,90.4,3.4000000000000017,4.3000000000000025,0.4,17.527718623832413
8173,90.3,3.4000000000000017,4.3000000000000025,0.5,17.447036360962215
8174,90.2,3.4000000000000017,4.3000000000000025,0.6,17.36983912326917
8175,90.1,3.4000000000000017,4.3000000000000025,0.7000000000000001,17.296790841333575
8176,90.6,3.5000000000000018,4.3000000000000025,0.1,17.62700343442004
8177,90.5,3.5000000000000018,4.3000000000000025,0.2,17.541606189487766
8178,90.4,3.5000000000000018,4.3000000000000025,0.3,17.458042698292445
8179,90.3,3.5000000000000018,4.3000000000000025,0.4,17.377098177696077
8180,90.2,3.5000000000000018,4.3000000000000025,0.5,17.299511029004588
8181,90.1,3.5000000000000018,4.3000000000000025,0.6,17.225961813568958
8182,90.0,3.5000000000000018,4.3000000000000025,0.7000000000000001,17.15706367982623
8183,90.5,3.600000000000002,4.3000000000000025,0.1,17.47287883126539
8184,90.4,3.600000000000002,4.3000000000000025,0.2,17.389198004616812
8185,90.3,3.600000000000002,4.3000000000000025,0.3,17.30798879076609
8186,90.2,3.600000000000002,4.3000000000000025,0.4,17.22999984230476
8187,90.1,3.600000000000002,4.3000000000000025,0.5,17.15592636370486
8188,90.0,3.600000000000002,4.3000000000000025,0.6,17.086400067386222
8189,89.89999999999999,3.600000000000002,4.3000000000000025,0.7000000000000001,17.021980665450354
8190,90.4,3.700000000000002,4.3000000000000025,0.1,17.32194003232621
8191,90.3,3.700000000000002,4.3000000000000025,0.2,17.240464467370806
8192,90.2,3.700000000000002,4.3000000000000025,0.3,17.162062207913454
8193,90.1,3.700000000000002,4.3000000000000025,0.4,17.087441006869007
8194,90.0,3.700000000000002,4.3000000000000025,0.5,17.017249325581133
8195,89.9,3.700000000000002,4.3000000000000025,0.6,16.952067315382187
8196,89.8,3.700000000000002,4.3000000000000025,0.7000000000000001,16.892399396764684
8197,90.3,3.800000000000002,4.3000000000000025,0.1,17.175266982683
8198,90.2,3.800000000000002,4.3000000000000025,0.2,17.09644366322843
8199,90.1,3.800000000000002,4.3000000000000025,0.3,17.021254611149523
8200,90.0,3.800000000000002,4.3000000000000025,0.4,16.95036308537771
8201,89.9,3.800000000000002,4.3000000000000025,0.5,16.88436803339213
8202,89.80000000000001,3.800000000000002,4.3000000000000025,0.6,16.823796124992086
8203,89.7,3.800000000000002,4.3000000000000025,0.7000000000000001,16.76909542358448
8204,90.2,3.900000000000002,4.3000000000000025,0.1,17.03386503214543
8205,90.1,3.900000000000002,4.3000000000000025,0.2,16.958094783424798
8206,90.0,3.900000000000002,4.3000000000000025,0.3,16.88647528766118
8207,89.89999999999999,3.900000000000002,4.3000000000000025,0.4,16.819622480272216
8208,89.8,3.900000000000002,4.3000000000000025,0.5,16.758083806499222
8209,89.7,3.900000000000002,4.3000000000000025,0.6,16.70233131616579
8210,89.6,3.900000000000002,4.3000000000000025,0.7000000000000001,16.652756414505134
8211,90.1,4.000000000000002,4.3000000000000025,0.1,16.898654564011906
8212,90.0,4.000000000000002,4.3000000000000025,0.2,16.826288790811684
8213,89.9,4.000000000000002,4.3000000000000025,0.3,16.758542879456584
8214,89.8,4.000000000000002,4.3000000000000025,0.4,16.69598338337304
8215,89.7,4.000000000000002,4.3000000000000025,0.5,16.639105029385135
8216,89.60000000000001,4.000000000000002,4.3000000000000025,0.6,16.58832486505517
8217,89.5,4.000000000000002,4.3000000000000025,0.7000000000000001,16.543978060400246
8218,90.0,4.100000000000002,4.3000000000000025,0.1,16.770462505172915
8219,89.89999999999999,4.100000000000002,4.3000000000000025,0.2,16.701800985373353
8220,89.8,4.100000000000002,4.3000000000000025,0.3,16.63817900981601
8221,89.69999999999999,4.100000000000002,4.3000000000000025,0.4,16.580112452008244
8222,89.6,4.100000000000002,4.3000000000000025,0.5,16.52804285025446
8223,89.5,4.100000000000002,4.3000000000000025,0.6,16.48233258313287
8224,89.39999999999999,4.100000000000002,4.3000000000000025,0.7000000000000001,16.44326167888148
8225,89.9,4.200000000000003,4.3000000000000025,0.1,16.650015787546195
8226,89.8,4.200000000000003,4.3000000000000025,0.2,16.58530551190178
8227,89.7,4.200000000000003,4.3000000000000025,0.3,16.526003823007304
8228,89.6,4.200000000000003,4.3000000000000025,0.4,16.472575350850086
8229,89.5,4.200000000000003,4.3000000000000025,0.5,16.425408680546028
8230,89.4,4.200000000000003,4.3000000000000025,0.6,16.384812516926836
8231,89.3,4.200000000000003,4.3000000000000025,0.7000000000000001,16.35101344558419
8232,89.80000000000001,4.3000000000000025,4.3000000000000025,0.1,16.53793678036361
8233,89.7,4.3000000000000025,4.3000000000000025,0.2,16.477371803392202
8234,89.60000000000001,4.3000000000000025,4.3000000000000025,0.3,16.422533406250583
8235,89.5,4.3000000000000025,4.3000000000000025,0.4,16.373835105637774
8236,89.4,4.3000000000000025,4.3000000000000025,0.5,16.331613420839062
8237,89.30000000000001,4.3000000000000025,4.3000000000000025,0.6,16.29612497555251
8238,89.2,4.3000000000000025,4.3000000000000025,0.7000000000000001,16.267545143778168
8239,89.7,4.400000000000002,4.3000000000000025,0.1,16.43474066468733
8240,89.6,4.400000000000002,4.3000000000000025,0.2,16.378462907840664
8241,89.5,4.400000000000002,4.3000000000000025,0.3,16.328179019769056
8242,89.39999999999999,4.400000000000002,4.3000000000000025,0.4,16.284252174960752
8243,89.3,4.400000000000002,4.3000000000000025,0.5,16.246968302121907
8244,89.2,4.400000000000002,4.3000000000000025,0.6,16.216534060473627
8245,89.1,4.400000000000002,4.3000000000000025,0.7000000000000001,16.193076295011956
8246,89.60000000000001,4.500000000000003,4.3000000000000025,0.1,16.34083467706825
8247,89.5,4.500000000000003,4.3000000000000025,0.2,16.288935604551096
8248,89.4,4.500000000000003,4.3000000000000025,0.3,16.243248022472677
8249,89.3,4.500000000000003,4.3000000000000025,0.4,16.20408611159616
8250,89.2,4.500000000000003,4.3000000000000025,0.5,16.171687200572578
8251,89.10000000000001,4.500000000000003,4.3000000000000025,0.6,16.14621054514236
8252,89.0,4.500000000000003,4.3000000000000025,0.7000000000000001,16.127737510856655
8253,89.5,4.600000000000003,4.3000000000000025,0.1,16.256519109628368
8254,89.39999999999999,4.600000000000003,4.3000000000000025,0.2,16.209042179827133
8255,89.3,4.600000000000003,4.3000000000000025,0.3,16.16794634829228
8256,89.19999999999999,4.600000000000003,4.3000000000000025,0.4,16.13349865629977
8257,89.1,4.600000000000003,4.3000000000000025,0.5,16.10589025949709
8258,89.0,4.600000000000003,4.3000000000000025,0.6,16.085235931834262
8259,88.89999999999999,4.600000000000003,4.3000000000000025,0.7000000000000001,16.071574889649515
8260,89.4,4.700000000000003,4.3000000000000025,0.1,16.18198991998394
8261,89.3,4.700000000000003,4.3000000000000025,0.2,16.138933701831014
8262,89.2,4.700000000000003,4.3000000000000025,0.3,16.1023823620704
8263,89.1,4.700000000000003,4.3000000000000025,0.4,16.072558084954125
8264,89.0,4.700000000000003,4.3000000000000025,0.5,16.04960863424881
8265,88.9,4.700000000000003,4.3000000000000025,0.6,16.033607499325125
8266,88.8,4.700000000000003,4.3000000000000025,0.7000000000000001,16.024555272530314
8267,89.30000000000001,4.8000000000000025,4.3000000000000025,0.1,16.117342777014862
8268,89.2,4.8000000000000025,4.3000000000000025,0.2,16.07866461098258
8269,89.10000000000001,4.8000000000000025,4.3000000000000025,0.3,16.046571904621345
8270,89.0,4.8000000000000025,4.3000000000000025,0.4,16.02124461483602
8271,88.9,4.8000000000000025,4.3000000000000025,0.5,16.002790164923614
8272,88.80000000000001,4.8000000000000025,4.3000000000000025,0.6,15.991244148029661
8273,88.7,4.8000000000000025,4.3000000000000025,0.7000000000000001,15.986572169857322
8274,89.2,4.900000000000003,4.3000000000000025,0.1,16.062578347957366
8275,89.1,4.900000000000003,4.3000000000000025,0.2,16.028198425833722
8276,89.0,4.900000000000003,4.3000000000000025,0.3,16.000444324241677
8277,88.89999999999999,4.900000000000003,4.3000000000000025,0.4,15.979456667482355
8278,88.8,4.900000000000003,4.3000000000000025,0.5,15.96530577726072
8279,88.7,4.900000000000003,4.3000000000000025,0.6,15.957992848577844
8280,88.6,4.900000000000003,4.3000000000000025,0.7000000000000001,15.957452171909535
8281,89.10000000000001,5.000000000000004,4.3000000000000025,0.1,16.017608618824386
8282,89.0,5.000000000000004,4.3000000000000025,0.2,15.987414354918313
8283,88.9,5.000000000000004,4.3000000000000025,0.3,15.963849286477656
8284,88.8,5.000000000000004,4.3000000000000025,0.4,15.947017783971763
8285,88.7,5.000000000000004,4.3000000000000025,0.5,15.93695641411814
8286,88.60000000000001,5.000000000000004,4.3000000000000025,0.6,15.933635505073346
8287,88.5,5.000000000000004,4.3000000000000025,0.7000000000000001,15.93696166605603
8288,89.0,5.100000000000003,4.3000000000000025,0.1,15.982264033661215
8289,88.89999999999999,5.100000000000003,4.3000000000000025,0.2,15.956114602433908
8290,88.8,5.100000000000003,4.3000000000000025,0.3,15.93656415500174
8291,88.69999999999999,5.100000000000003,4.3000000000000025,0.4,15.923683992947502
8292,88.6,5.100000000000003,4.3000000000000025,0.5,15.9174803075771
8293,88.5,5.100000000000003,4.3000000000000025,0.6,15.917896054806661
8294,88.39999999999999,5.100000000000003,4.3000000000000025,0.7000000000000001,15.924813695569533
8295,88.9,5.200000000000003,4.3000000000000025,0.1,15.956301238313207
8296,88.8,5.200000000000003,4.3000000000000025,0.2,15.934032159328186
8297,88.7,5.200000000000003,4.3000000000000025,0.3,15.918301743474078
8298,88.6,5.200000000000003,4.3000000000000025,0.4,15.909151441741608
8299,88.5,5.200000000000003,4.3000000000000025,0.5,15.9065604144317
8300,88.4,5.200000000000003,4.3000000000000025,0.6,15.910447641181872
8301,88.3,5.200000000000003,4.3000000000000025,0.7000000000000001,15.920674812120476
8302,88.80000000000001,5.300000000000003,4.3000000000000025,0.1,15.939411220694085
8303,88.7,5.300000000000003,4.3000000000000025,0.2,15.920838880814
8304,88.60000000000001,5.300000000000003,4.3000000000000025,0.3,15.908718250548697
8305,88.5,5.300000000000003,4.3000000000000025,0.4,15.903064115725256
8306,88.4,5.300000000000003,4.3000000000000025,0.5,15.903831854676909
8307,88.30000000000001,5.300000000000003,4.3000000000000025,0.6,15.910919715149412
8308,88.2,5.300000000000003,4.3000000000000025,0.7000000000000001,15.92417179376494
8309,88.7,5.400000000000004,4.3000000000000025,0.1,15.931227651300613
8310,88.6,5.400000000000004,4.3000000000000025,0.2,15.9161536657391
8311,88.5,5.400000000000004,4.3000000000000025,0.3,15.907421206872984
8312,88.39999999999999,5.400000000000004,4.3000000000000025,0.4,15.905021489592672
8313,88.3,5.400000000000004,4.3000000000000025,0.5,15.908889212666157
8314,88.2,5.400000000000004,4.3000000000000025,0.6,15.918904941537878
8315,88.1,5.400000000000004,4.3000000000000025,0.7000000000000001,15.934898121946087
8316,88.60000000000001,5.500000000000004,4.3000000000000025,0.1,15.931335244079229
8317,88.5,5.500000000000004,4.3000000000000025,0.2,15.919550571683928
8318,88.4,5.500000000000004,4.3000000000000025,0.3,15.913977283068297
8319,88.3,5.500000000000004,4.3000000000000025,0.4,15.914585975698548
8320,88.2,5.500000000000004,4.3000000000000025,0.5,15.92129358286406
8321,88.10000000000001,5.500000000000004,4.3000000000000025,0.6,15.93396580933992
8322,88.0,5.500000000000004,4.3000000000000025,0.7000000000000001,15.95242013367227
8323,92.5,1.5,4.400000000000002,0.1,19.644239097919368
8324,92.4,1.5,4.400000000000002,0.2,19.624359226805208
8325,92.3,1.5,4.400000000000002,0.3,19.596437910719438
8326,92.2,1.5,4.400000000000002,0.4,19.560749645238594
8327,92.1,1.5,4.400000000000002,0.5,19.517665419904503
8328,92.0,1.5,4.400000000000002,0.6,19.467646132927886
8329,91.9,1.5,4.400000000000002,0.7000000000000001,19.411234221823563
8330,92.4,1.6,4.400000000000002,0.1,19.631051530677816
8331,92.3,1.6,4.400000000000002,0.2,19.60538797135651
8332,92.2,1.6,4.400000000000002,0.3,19.5717481093855
8333,92.1,1.6,4.400000000000002,0.4,19.530471317254587
8334,92.0,1.6,4.400000000000002,0.5,19.481991415160184
8335,91.9,1.6,4.400000000000002,0.6,19.42682889736965
8336,91.8,1.6,4.400000000000002,0.7000000000000001,19.365581457330784
8337,92.3,1.7000000000000002,4.400000000000002,0.1,19.606419806125846
8338,92.2,1.7000000000000002,4.400000000000002,0.2,19.574909249989496
8339,92.1,1.7000000000000002,4.400000000000002,0.3,19.535552920971536
8340,92.0,1.7000000000000002,4.400000000000002,0.4,19.488754729276362
8341,91.9,1.7000000000000002,4.400000000000002,0.5,19.435009990303538
8342,91.8,1.7000000000000002,4.400000000000002,0.6,19.37489649864994
8343,91.7,1.7000000000000002,4.400000000000002,0.7000000000000001,19.309064006417845
8344,92.2,1.8000000000000005,4.400000000000002,0.1,19.570110055310007
8345,92.1,1.8000000000000005,4.400000000000002,0.2,19.532754256627406
8346,92.0,1.8000000000000005,4.400000000000002,0.3,19.487749280866804
8347,91.9,1.8000000000000005,4.400000000000002,0.4,19.4355623494628
8348,91.8,1.8000000000000005,4.400000000000002,0.5,19.376748063216436
8349,91.7,1.8000000000000005,4.400000000000002,0.6,19.311938379022333
8350,91.6,1.8000000000000005,4.400000000000002,0.7000000000000001,19.241831118135263
8351,92.1,1.9000000000000004,4.400000000000002,0.1,19.522018404440196
8352,92.0,1.9000000000000004,4.400000000000002,0.2,19.47888580906582
8353,91.9,1.9000000000000004,4.400000000000002,0.3,19.42836637367997
8354,91.79999999999998,1.9000000000000004,4.400000000000002,0.4,19.370988516625776
8355,91.7,1.9000000000000004,4.400000000000002,0.5,19.30736305774862
8356,91.6,1.9000000000000004,4.400000000000002,0.6,19.238172171428175
8357,91.5,1.9000000000000004,4.400000000000002,0.7000000000000001,19.164157018507595
8358,92.0,2.0000000000000004,4.400000000000002,0.1,19.462175865688582
8359,91.9,2.0000000000000004,4.400000000000002,0.2,19.413402029252104
8360,91.8,2.0000000000000004,4.400000000000002,0.3,19.357568088034416
8361,91.7,2.0000000000000004,4.400000000000002,0.4,19.295260673648876
8362,91.6,2.0000000000000004,4.400000000000002,0.5,19.22714293861929
8363,91.5,2.0000000000000004,4.400000000000002,0.6,19.15394257671953
8364,91.4,2.0000000000000004,4.400000000000002,0.7000000000000001,19.0764386876946
8365,91.9,2.1000000000000005,4.400000000000002,0.1,19.390750866128304
8366,91.8,2.1000000000000005,4.400000000000002,0.2,19.336537631630346
8367,91.7,2.1000000000000005,4.400000000000002,0.3,19.27565307265357
8368,91.6,2.1000000000000005,4.400000000000002,0.4,19.20873821859478
8369,91.5,2.1000000000000005,4.400000000000002,0.5,19.136503902979825
8370,91.4,2.1000000000000005,4.400000000000002,0.6,19.059717958031253
8371,91.3,2.1000000000000005,4.400000000000002,0.7000000000000001,18.979191434828618
8372,91.8,2.2000000000000006,4.400000000000002,0.1,19.30804932517087
8373,91.7,2.2000000000000006,4.400000000000002,0.2,19.24866276140033
8374,91.6,2.2000000000000006,4.400000000000002,0.3,19.18305236717784
8375,91.5,2.2000000000000006,4.400000000000002,0.4,19.111908978095713
8376,91.4,2.2000000000000006,4.400000000000002,0.5,19.03598576341441
8377,91.3,2.2000000000000006,4.400000000000002,0.6,18.95608471579712
8378,91.2,2.2000000000000006,4.400000000000002,0.7000000000000001,18.87304236082085
8379,91.7,2.3000000000000007,4.400000000000002,0.1,19.214512251495385
8380,91.6,2.3000000000000007,4.400000000000002,0.2,19.15027938549048
8381,91.5,2.3000000000000007,4.400000000000002,0.3,19.080324641717574
8382,91.4,2.3000000000000007,4.400000000000002,0.4,19.00538336710206
8383,91.3,2.3000000000000007,4.400000000000002,0.5,18.926245114897057
8384,91.2,2.3000000000000007,4.400000000000002,0.6,18.843739562289734
8385,91.1,2.3000000000000007,4.400000000000002,0.7000000000000001,18.75872185190026
8386,91.6,2.400000000000001,4.400000000000002,0.1,19.110710892332474
8387,91.5,2.400000000000001,4.400000000000002,0.2,19.042015300206554
8388,91.4,2.400000000000001,4.400000000000002,0.3,18.968149138907002
8389,91.29999999999998,2.400000000000001,4.400000000000002,0.4,18.889886356769654
8390,91.2,2.400000000000001,4.400000000000002,0.5,18.80804643326184
8391,91.1,2.400000000000001,4.400000000000002,0.6,18.7234798663886
8392,91.0,2.400000000000001,4.400000000000002,0.7000000000000001,18.63705329478494
8393,91.5,2.500000000000001,4.400000000000002,0.1,18.997339529096948
8394,91.4,2.500000000000001,4.400000000000002,0.2,18.924615878933118
8395,91.3,2.500000000000001,4.400000000000002,0.3,18.847316469276308
8396,91.2,2.500000000000001,4.400000000000002,0.4,18.76624742635355
8397,91.1,2.500000000000001,4.400000000000002,0.5,18.682251303332194
8398,91.0,2.500000000000001,4.400000000000002,0.6,18.596192285911986
8399,90.9,2.500000000000001,4.400000000000002,0.7000000000000001,18.508941246679164
8400,91.4,2.600000000000001,4.400000000000002,0.1,18.875206071804257
8401,91.3,2.600000000000001,4.400000000000002,0.2,18.79893373904732
8402,91.2,2.600000000000001,4.400000000000002,0.3,18.718717463293775
8403,91.1,2.600000000000001,4.400000000000002,0.4,18.635388723745127
8404,91.0,2.600000000000001,4.400000000000002,0.5,18.54980601941748
8405,90.9,2.600000000000001,4.400000000000002,0.6,18.462839944844784
8406,90.8,2.600000000000001,4.400000000000002,0.7000000000000001,18.375358328456652
8407,91.3,2.700000000000001,4.400000000000002,0.1,18.745220658613952
8408,91.2,2.700000000000001,4.400000000000002,0.2,18.665916557599672
8409,91.1,2.700000000000001,4.400000000000002,0.3,18.583330329813094
8410,91.0,2.700000000000001,4.400000000000002,0.4,18.498311701240745
8411,90.9,2.700000000000001,4.400000000000002,0.5,18.41172783806772
8412,90.8,2.700000000000001,4.400000000000002,0.6,18.32444844497002
8413,90.7,2.700000000000001,4.400000000000002,0.7000000000000001,18.237331136411942
8414,91.2,2.800000000000001,4.400000000000002,0.1,18.608382514540914
8415,91.1,2.800000000000001,4.400000000000002,0.2,18.526593308778622
8416,91.0,2.800000000000001,4.400000000000002,0.3,18.442206409490396
8417,90.9,2.800000000000001,4.400000000000002,0.4,18.35608252701525
8418,90.8,2.800000000000001,4.400000000000002,0.5,18.26909019170677
8419,90.7,2.800000000000001,4.400000000000002,0.6,18.182091024865844
8420,90.6,2.800000000000001,4.400000000000002,0.7000000000000001,18.095925486118762
8421,91.1,2.900000000000001,4.400000000000002,0.1,18.465765363422946
8422,91.0,2.900000000000001,4.400000000000002,0.2,18.382059231417823
8423,90.9,2.900000000000001,4.400000000000002,0.3,18.29645484188738
8424,90.79999999999998,2.900000000000001,4.400000000000002,0.4,18.209816597651088
8425,90.7,2.900000000000001,4.400000000000002,0.5,18.123007191276038
8426,90.6,2.900000000000001,4.400000000000002,0.6,18.036873193383283
8427,90.5,2.900000000000001,4.400000000000002,0.7000000000000001,17.95223131083294
8428,91.0,3.0000000000000013,4.400000000000002,0.1,18.31850171847703
8429,90.9,3.0000000000000013,4.400000000000002,0.2,18.233459860841812
8430,90.8,3.0000000000000013,4.400000000000002,0.3,18.147226485651405
8431,90.7,3.0000000000000013,4.400000000000002,0.4,18.060662492324397
8432,90.6,3.0000000000000013,4.400000000000002,0.5,17.974617755884577
8433,90.5,3.0000000000000013,4.400000000000002,0.6,17.889917169329994
8434,90.4,3.0000000000000013,4.400000000000002,0.7000000000000001,17.80734753644886
8435,90.9,3.1000000000000014,4.400000000000002,0.1,18.167766398381865
8436,90.8,3.1000000000000014,4.400000000000002,0.2,18.08197447553284
8437,90.7,3.1000000000000014,4.400000000000002,0.3,17.99569744190035
8438,90.6,3.1000000000000014,4.400000000000002,0.4,17.90978571460304
8439,90.5,3.1000000000000014,4.400000000000002,0.5,17.825069707593524
8440,90.4,3.1000000000000014,4.400000000000002,0.6,17.74234645423949
8441,90.3,3.1000000000000014,4.400000000000002,0.7000000000000001,17.662367245525914
8442,90.8,3.200000000000001,4.400000000000002,0.1,18.014759627310145
8443,90.7,3.200000000000001,4.400000000000002,0.2,17.92879931514263
8444,90.6,3.200000000000001,4.400000000000002,0.3,17.8430525316326
8445,90.5,3.200000000000001,4.400000000000002,0.4,17.758352563345788
8446,90.4,3.200000000000001,4.400000000000002,0.5,17.675504160110314
8447,90.3,3.200000000000001,4.400000000000002,0.6,17.59527085122325
8448,90.2,3.200000000000001,4.400000000000002,0.7000000000000001,17.5183634249064
8449,90.7,3.3000000000000016,4.400000000000002,0.1,17.86069007857355
8450,90.6,3.3000000000000016,4.400000000000002,0.2,17.77513092232907
8451,90.5,3.3000000000000016,4.400000000000002,0.3,17.69046906887328
8452,90.4,3.3000000000000016,4.400000000000002,0.4,17.607514460315308
8453,90.3,3.3000000000000016,4.400000000000002,0.5,17.527040511906034
8454,90.2,3.3000000000000016,4.400000000000002,0.6,17.449772220695355
8455,90.1,3.3000000000000016,4.400000000000002,0.7000000000000001,17.376375565792316
8456,90.6,3.4000000000000017,4.400000000000002,0.1,17.706758212764118
8457,90.5,3.4000000000000017,4.400000000000002,0.2,17.622149947173952
8458,90.4,3.4000000000000017,4.400000000000002,0.3,17.539101252922624
8459,90.29999999999998,3.4000000000000017,4.400000000000002,0.4,17.458393039555975
8460,90.2,3.4000000000000017,4.400000000000002,0.5,17.380762327952457
8461,90.1,3.4000000000000017,4.400000000000002,0.6,17.306891234205633
8462,89.99999999999999,3.4000000000000017,4.400000000000002,0.7000000000000001,17.23739735291492
8463,90.5,3.5000000000000018,4.400000000000002,0.1,17.554140243041758
8464,90.4,3.5000000000000018,4.400000000000002,0.2,17.471005730252745
8465,90.3,3.5000000000000018,4.400000000000002,0.3,17.39006547636233
8466,90.2,3.5000000000000018,4.400000000000002,0.4,17.312066273333087
8467,90.1,3.5000000000000018,4.400000000000002,0.5,17.237704361011506
8468,90.0,3.5000000000000018,4.400000000000002,0.6,17.16761535191587
8469,89.89999999999999,3.5000000000000018,4.400000000000002,0.7000000000000001,17.102365641882418
8470,90.4,3.600000000000002,4.400000000000002,0.1,17.403973033391882
8471,90.29999999999998,3.600000000000002,4.400000000000002,0.2,17.32280194978793
8472,90.2,3.600000000000002,4.400000000000002,0.3,17.244426811520086
8473,90.09999999999998,3.600000000000002,4.400000000000002,0.4,17.169555872707594
8474,89.99999999999999,3.600000000000002,4.400000000000002,0.5,17.098840924504955
8475,89.89999999999999,3.600000000000002,4.400000000000002,0.6,17.032868208766075
8476,89.79999999999998,3.600000000000002,4.400000000000002,0.7000000000000001,16.972150882334738
8477,90.3,3.700000000000002,4.400000000000002,0.1,17.257340201390953
8478,90.2,3.700000000000002,4.400000000000002,0.2,17.178583580957948
8479,90.1,3.700000000000002,4.400000000000002,0.3,17.103186898221235
8480,89.99999999999999,3.700000000000002,4.400000000000002,0.4,17.031816159031703
8481,89.89999999999999,3.700000000000002,4.400000000000002,0.5,16.96507578589194
8482,89.8,3.700000000000002,4.400000000000002,0.6,16.903500550584774
8483,89.69999999999999,3.700000000000002,4.400000000000002,0.7000000000000001,16.84754910065011
8484,90.2,3.800000000000002,4.400000000000002,0.1,17.115259656606998
8485,90.1,3.800000000000002,4.400000000000002,0.2,17.039325372774762
8486,90.0,3.800000000000002,4.400000000000002,0.3,16.96727341135028
8487,89.89999999999999,3.800000000000002,4.400000000000002,0.4,16.899724557307543
8488,89.8,3.800000000000002,4.400000000000002,0.5,16.837233703723133
8489,89.7,3.800000000000002,4.400000000000002,0.6,16.780282815823867
8490,89.6,3.800000000000002,4.400000000000002,0.7000000000000001,16.729275511143545
8491,90.1,3.900000000000002,4.400000000000002,0.1,16.9786727607215
8492,89.99999999999999,3.900000000000002,4.400000000000002,0.2,16.905922001529078
8493,89.89999999999999,3.900000000000002,4.400000000000002,0.3,16.837531239569632
8494,89.79999999999998,3.900000000000002,4.400000000000002,0.4,16.77407381503513
8495,89.69999999999999,3.900000000000002,4.400000000000002,0.5,16.7160536846816
8496,89.6,3.900000000000002,4.400000000000002,0.6,16.66389941277504
8497,89.49999999999999,3.900000000000002,4.400000000000002,0.7000000000000001,16.617959780443943
8498,90.0,4.000000000000002,4.400000000000002,0.1,16.848435247378752
8499,89.89999999999999,4.000000000000002,4.400000000000002,0.2,16.77918001123315
8500,89.8,4.000000000000002,4.400000000000002,0.3,16.71471545810277
8501,89.69999999999999,4.000000000000002,4.400000000000002,0.4,16.655566002456535
8502,89.6,4.000000000000002,4.400000000000002,0.5,16.60218399049216
8503,89.5,4.000000000000002,4.400000000000002,0.6,16.554944697513474
8504,89.39999999999999,4.000000000000002,4.400000000000002,0.7000000000000001,16.514142927419577
8505,89.89999999999999,4.100000000000002,4.400000000000002,0.1,16.725309990267977
8506,89.79999999999998,4.100000000000002,4.400000000000002,0.2,16.65981160237991
8507,89.69999999999999,4.100000000000002,4.400000000000002,0.3,16.599486130351327
8508,89.59999999999998,4.100000000000002,4.400000000000002,0.4,16.544808303500123
8509,89.49999999999999,4.100000000000002,4.400000000000002,0.5,16.496178880027056
8510,89.39999999999999,4.100000000000002,4.400000000000002,0.6,16.453920615773413
8511,89.29999999999998,4.100000000000002,4.400000000000002,0.7000000000000001,16.418275801897018
8512,89.8,4.200000000000003,4.400000000000002,0.1,16.60996165862319
8513,89.69999999999999,4.200000000000003,4.400000000000002,0.2,16.548430282230875
8514,89.6,4.200000000000003,4.400000000000002,0.3,16.492404926772267
8515,89.49999999999999,4.200000000000003,4.400000000000002,0.4,16.442310562648416
8516,89.39999999999999,4.200000000000003,4.400000000000002,0.5,16.398497030567366
8517,89.3,4.200000000000003,4.400000000000002,0.6,16.361235933691077
8518,89.19999999999999,4.200000000000003,4.400000000000002,0.7000000000000001,16.330719050566383
8519,89.7,4.3000000000000025,4.400000000000002,0.1,16.50295325169755
8520,89.6,4.3000000000000025,4.400000000000002,0.2,16.44554834418987
8521,89.5,4.3000000000000025,4.400000000000002,0.3,16.39393350624367
8522,89.39999999999999,4.3000000000000025,4.400000000000002,0.4,16.348484512645744
8523,89.3,4.3000000000000025,4.400000000000002,0.5,16.309501545132026
8524,89.2,4.3000000000000025,4.400000000000002,0.6,16.27720694886191
8525,89.1,4.3000000000000025,4.400000000000002,0.7000000000000001,16.25174444876268
8526,89.6,4.400000000000002,4.400000000000002,0.1,16.404744459220957
8527,89.49999999999999,4.400000000000002,4.400000000000002,0.2,16.35157610190351
8528,89.39999999999999,4.400000000000002,4.400000000000002,0.3,16.30443356627745
8529,89.29999999999998,4.400000000000002,4.400000000000002,0.4,16.26364457248825
8530,89.19999999999999,4.400000000000002,4.400000000000002,0.5,16.229461420989015
8531,89.1,4.400000000000002,4.400000000000002,0.6,16.202059545244527
8532,88.99999999999999,4.400000000000002,4.400000000000002,0.7000000000000001,16.18153745291144
8533,89.5,4.500000000000003,4.400000000000002,0.1,16.315691754588585
8534,89.39999999999999,4.500000000000003,4.400000000000002,0.2,16.266822766646463
8535,89.3,4.500000000000003,4.400000000000002,0.3,16.22416843486326
8536,89.19999999999999,4.500000000000003,4.400000000000002,0.4,16.188010075332834
8537,89.1,4.500000000000003,4.400000000000002,0.5,16.158554328611306
8538,89.0,4.500000000000003,4.400000000000002,0.6,16.135932433655437
8539,88.89999999999999,4.500000000000003,4.400000000000002,0.7000000000000001,16.12020081073408
8540,89.39999999999999,4.600000000000003,4.400000000000002,0.1,16.2360500925566
8541,89.29999999999998,4.600000000000003,4.400000000000002,0.2,16.191498825173902
8542,89.19999999999999,4.600000000000003,4.400000000000002,0.3,16.15330604918637
8543,89.09999999999998,4.600000000000003,4.400000000000002,0.4,16.1217087624191
8544,88.99999999999999,4.600000000000003,4.400000000000002,0.5,16.096870530885482
8545,88.89999999999999,4.600000000000003,4.400000000000002,0.6,16.078881404243614
8546,88.79999999999998,4.600000000000003,4.400000000000002,0.7000000000000001,16.067759054992006
8547,89.3,4.700000000000003,4.400000000000002,0.1,16.165976054306952
8548,89.19999999999999,4.700000000000003,4.400000000000002,0.2,16.12571975018385
8549,89.1,4.700000000000003,4.400000000000002,0.3,16.091923145440518
8550,88.99999999999999,4.700000000000003,4.400000000000002,0.4,16.06478136216289
8551,88.89999999999999,4.700000000000003,4.400000000000002,0.5,16.044417759523657
8552,88.8,4.700000000000003,4.400000000000002,0.6,16.030884408474204
8553,88.69999999999999,4.700000000000003,4.400000000000002,0.7000000000000001,16.024163701534636
8554,89.2,4.8000000000000025,4.400000000000002,0.1,16.105532260402477
8555,89.1,4.8000000000000025,4.400000000000002,0.2,16.069510857203447
8556,89.0,4.8000000000000025,4.400000000000002,0.3,16.040010469687985
8557,88.89999999999999,4.8000000000000025,4.400000000000002,0.4,16.017187063343222
8558,88.8,4.8000000000000025,4.400000000000002,0.5,16.00112685932475
8559,88.7,4.8000000000000025,4.400000000000002,0.6,15.991847285609522
8560,88.6,4.8000000000000025,4.400000000000002,0.7000000000000001,15.98929897340859
8561,89.1,4.900000000000003,4.400000000000002,0.1,16.054692856651155
8562,88.99999999999999,4.900000000000003,4.400000000000002,0.2,16.022813110220188
8563,88.89999999999999,4.900000000000003,4.400000000000002,0.3,15.997478812188264
8564,88.79999999999998,4.900000000000003,4.400000000000002,0.4,15.978809687617783
8565,88.69999999999999,4.900000000000003,4.400000000000002,0.5,15.966858010904009
8566,88.6,4.900000000000003,4.400000000000002,0.6,15.961609952062021
8567,88.49999999999999,4.900000000000003,4.400000000000002,0.7000000000000001,15.96298787928428
8568,89.0,5.000000000000004,4.400000000000002,0.1,16.013349869246262
8569,88.89999999999999,5.000000000000004,4.400000000000002,0.2,15.985489673597755
8570,88.8,5.000000000000004,4.400000000000002,0.3,15.96416566657138
8571,88.69999999999999,5.000000000000004,4.400000000000002,0.4,15.94946436909281
8572,88.6,5.000000000000004,4.400000000000002,0.5,15.94140734827576
8573,88.5,5.000000000000004,4.400000000000002,0.6,15.939952880722103
8574,88.39999999999999,5.000000000000004,4.400000000000002,0.7000000000000001,15.944998485790098
8575,88.89999999999999,5.100000000000003,4.400000000000002,0.1,15.981320223521992
8576,88.79999999999998,5.100000000000003,4.400000000000002,0.2,15.95733300939835
8577,88.69999999999999,5.100000000000003,4.400000000000002,0.3,15.939842320208298
8578,88.59999999999998,5.100000000000003,4.400000000000002,0.4,15.928904556770389
8579,88.49999999999999,5.100000000000003,4.400000000000002,0.5,15.92451379856886
8580,88.39999999999999,5.100000000000003,4.400000000000002,0.6,15.926603710690006
8581,88.29999999999998,5.100000000000003,4.400000000000002,0.7000000000000001,15.935050238704255
8582,88.8,5.200000000000003,4.400000000000002,0.1,15.958353224821305
8583,88.69999999999999,5.200000000000003,4.400000000000002,0.2,15.938072326627612
8584,88.6,5.200000000000003,4.400000000000002,0.3,15.924221192478335
8585,88.49999999999999,5.200000000000003,4.400000000000002,0.4,15.916829168663932
8586,88.39999999999999,5.200000000000003,4.400000000000002,0.5,15.915865986368985
8587,88.3,5.200000000000003,4.400000000000002,0.6,15.921243844898584
8588,88.19999999999999,5.200000000000003,4.400000000000002,0.7000000000000001,15.932820206430229
8589,88.7,5.300000000000003,4.400000000000002,0.1,15.944138309683487
8590,88.6,5.300000000000003,4.400000000000002,0.2,15.927381201403305
8591,88.5,5.300000000000003,4.400000000000002,0.3,15.916963252551593
8592,88.39999999999999,5.300000000000003,4.400000000000002,0.4,15.91288974334477
8593,88.3,5.300000000000003,4.400000000000002,0.5,15.915109063800676
8594,88.2,5.300000000000003,4.400000000000002,0.6,15.923514912952925
8595,88.1,5.300000000000003,4.400000000000002,0.7000000000000001,15.937949139806966
8596,88.6,5.400000000000004,4.400000000000002,0.1,15.938312890040333
8597,88.49999999999999,5.400000000000004,4.400000000000002,0.2,15.924885203769364
8598,88.39999999999999,5.400000000000004,4.400000000000002,0.3,15.917685366880992
8599,88.29999999999998,5.400000000000004,4.400000000000002,0.4,15.91669745470602
8600,88.19999999999999,5.400000000000004,4.400000000000002,0.5,15.921851348505331
8601,88.1,5.400000000000004,4.400000000000002,0.6,15.933024998143487
8602,87.99999999999999,5.400000000000004,4.400000000000002,0.7000000000000001,15.950047264094815
8603,88.5,5.500000000000004,4.400000000000002,0.1,15.940470131460572
8604,88.39999999999999,5.500000000000004,4.400000000000002,0.2,15.93016938688323
8605,88.3,5.500000000000004,4.400000000000002,0.3,15.925967447850608
8606,88.19999999999999,5.500000000000004,4.400000000000002,0.4,15.927829877802678
8607,88.1,5.500000000000004,4.400000000000002,0.5,15.93567067413604
8608,88.0,5.500000000000004,4.400000000000002,0.6,15.949354550023072
8609,87.89999999999999,5.500000000000004,4.400000000000002,0.7000000000000001,15.968699740973458
8610,92.4,1.5,4.500000000000003,0.1,19.596677207743028
8611,92.3,1.5,4.500000000000003,0.2,19.572931090206147
8612,92.2,1.5,4.500000000000003,0.3,19.541408256828095
8613,92.1,1.5,4.500000000000003,0.4,19.502427200637882
8614,92.0,1.5,4.500000000000003,0.5,19.4563983003979
8615,91.9,1.5,4.500000000000003,0.6,19.403816454165167
8616,91.8,1.5,4.500000000000003,0.7000000000000001,19.34525205778447
8617,92.3,1.6,4.500000000000003,0.1,19.57826198153947
8618,92.2,1.6,4.500000000000003,0.2,19.548854072266717
8619,92.1,1.6,4.500000000000003,0.3,19.51177360052688
8620,92.0,1.6,4.500000000000003,0.4,19.467401745403738
8621,91.9,1.6,4.500000000000003,0.5,19.41620888886222
8622,91.8,1.6,4.500000000000003,0.6,19.35874612545804
8623,91.7,1.6,4.500000000000003,0.7000000000000001,19.295635214236523
8624,92.2,1.7000000000000002,4.500000000000003,0.1,19.548556926603773
8625,92.1,1.7000000000000002,4.500000000000003,0.2,19.513465636787164
8626,92.0,1.7000000000000002,4.500000000000003,0.3,19.470869854686367
8627,91.9,1.7000000000000002,4.500000000000003,0.4,19.421212517604136
8628,91.8,1.7000000000000002,4.500000000000003,0.5,19.36502212660141
8629,91.7,1.7000000000000002,4.500000000000003,0.6,19.30290318096256
8630,91.6,1.7000000000000002,4.500000000000003,0.7000000000000001,19.23552517333638
8631,92.1,1.8000000000000005,4.500000000000003,0.1,19.507395466075632
8632,92.0,1.8000000000000005,4.500000000000003,0.2,19.466663278184143
8633,91.9,1.8000000000000005,4.500000000000003,0.3,19.418658631986787
8634,91.8,1.8000000000000005,4.500000000000003,0.4,19.36388443467829
8635,91.7,1.8000000000000005,4.500000000000003,0.5,19.302924586767396
8636,91.6,1.8000000000000005,4.500000000000003,0.6,19.23643340799727
8637,91.5,1.8000000000000005,4.500000000000003,0.7000000000000001,19.165123762275975
8638,92.0,1.9000000000000004,4.500000000000003,0.1,19.45473975045436
8639,91.9,1.9000000000000004,4.500000000000003,0.2,19.408474072856112
8640,91.8,1.9000000000000004,4.500000000000003,0.3,19.35523099920944
8641,91.7,1.9000000000000004,4.500000000000003,0.4,19.295570769752835
8642,91.6,1.9000000000000004,4.500000000000003,0.5,19.230129158813877
8643,91.5,1.9000000000000004,4.500000000000003,0.6,19.15960597606378
8644,91.4,1.9000000000000004,4.500000000000003,0.7000000000000001,19.084752423139026
8645,91.9,2.0000000000000004,4.500000000000003,0.1,19.390684227868693
8646,91.8,2.0000000000000004,4.500000000000003,0.2,19.339057056647587
8647,91.7,2.0000000000000004,4.500000000000003,0.3,19.280808661684567
8648,91.6,2.0000000000000004,4.500000000000003,0.4,19.216553161318895
8649,91.5,2.0000000000000004,4.500000000000003,0.5,19.14697391947798
8650,91.4,2.0000000000000004,4.500000000000003,0.6,19.07281122198262
8651,91.3,2.0000000000000004,4.500000000000003,0.7000000000000001,18.994848980371618
8652,91.8,2.1000000000000005,4.500000000000003,0.1,19.31545687751169
8653,91.7,2.1000000000000005,4.500000000000003,0.2,19.258703255072284
8654,91.6,2.1000000000000005,4.500000000000003,0.3,19.19574281280999
8655,91.5,2.1000000000000005,4.500000000000003,0.4,19.12723932254011
8656,91.4,2.1000000000000005,4.500000000000003,0.5,19.05391875927651
8657,91.3,2.1000000000000005,4.500000000000003,0.6,18.976556266405016
8658,91.2,2.1000000000000005,4.500000000000003,0.7000000000000001,18.895962333738307
8659,91.7,2.2000000000000006,4.500000000000003,0.1,19.229418051160913
8660,91.6,2.2000000000000006,4.500000000000003,0.2,19.167833342056145
8661,91.5,2.2000000000000006,4.500000000000003,0.3,19.10051065491218
8662,91.4,2.2000000000000006,4.500000000000003,0.4,19.028158486120475
8663,91.3,2.2000000000000006,4.500000000000003,0.5,18.95153982875686
8664,91.2,2.2000000000000006,4.500000000000003,0.6,18.87145855244789
8665,91.1,2.2000000000000006,4.500000000000003,0.7000000000000001,18.788745191809554
8666,91.6,2.3000000000000007,4.500000000000003,0.1,19.133056927256664
8667,91.5,2.3000000000000007,4.500000000000003,0.2,19.06699296221779
8668,91.4,2.3000000000000007,4.500000000000003,0.3,18.99570965599981
8669,91.3,2.3000000000000007,4.500000000000003,0.4,18.91995467731022
8670,91.2,2.3000000000000007,4.500000000000003,0.5,18.84052192314858
8671,91.1,2.3000000000000007,4.500000000000003,0.6,18.75823744880435
8672,91.0,2.3000000000000007,4.500000000000003,0.7000000000000001,18.673945009338215
8673,91.5,2.400000000000001,4.500000000000003,0.1,19.026985641697088
8674,91.4,2.400000000000001,4.500000000000003,0.2,18.9568458101015
8675,91.3,2.400000000000001,4.500000000000003,0.3,18.882049663422016
8676,91.2,2.400000000000001,4.500000000000003,0.4,18.80337796154711
8677,91.1,2.400000000000001,4.500000000000003,0.5,18.72164897489008
8678,91.0,2.400000000000001,4.500000000000003,0.6,18.637704106940266
8679,90.9,2.400000000000001,4.500000000000003,0.7000000000000001,18.552393335164886
8680,91.4,2.500000000000001,4.500000000000003,0.1,18.911931217415667
8681,91.3,2.500000000000001,4.500000000000003,0.2,18.838164615451742
8682,91.2,2.500000000000001,4.500000000000003,0.3,18.76034304828657
8683,91.1,2.500000000000001,4.500000000000003,0.4,18.679273862707568
8684,91.0,2.500000000000001,4.500000000000003,0.5,18.595792869151992
8685,90.9,2.500000000000001,4.500000000000003,0.6,18.510749803416882
8686,90.8,2.500000000000001,4.500000000000003,0.7000000000000001,18.424993814206392
8687,91.3,2.600000000000001,4.500000000000003,0.1,18.78872546909436
8688,91.2,2.600000000000001,4.500000000000003,0.2,18.711820234801852
8689,91.1,2.600000000000001,4.500000000000003,0.3,18.631493102053465
8690,91.0,2.600000000000001,4.500000000000003,0.4,18.548571191433336
8691,90.9,2.600000000000001,4.500000000000003,0.5,18.463900836533867
8692,90.8,2.600000000000001,4.500000000000003,0.6,18.378333032723482
8693,90.7,2.600000000000001,4.500000000000003,0.7000000000000001,18.292709116527597
8694,91.2,2.700000000000001,4.500000000000003,0.1,18.658293108326365
8695,91.1,2.700000000000001,4.500000000000003,0.2,18.578769094750037
8696,91.0,2.700000000000001,4.500000000000003,0.3,18.496480947534607
8697,90.9,2.700000000000001,4.500000000000003,0.4,18.41226855918449
8698,90.8,2.700000000000001,4.500000000000003,0.5,18.326981708415172
8699,90.7,2.700000000000001,4.500000000000003,0.6,18.24146564226682
8700,90.6,2.700000000000001,4.500000000000003,0.7000000000000001,18.15654708765254
8701,91.1,2.800000000000001,4.500000000000003,0.1,18.521638316673762
8702,91.0,2.800000000000001,4.500000000000003,0.2,18.440039269950194
8703,90.9,2.800000000000001,4.500000000000003,0.3,18.356351259387555
8704,90.8,2.800000000000001,4.500000000000003,0.4,18.271419881505203
8705,90.7,2.800000000000001,4.500000000000003,0.5,18.186091343121895
8706,90.6,2.800000000000001,4.500000000000003,0.6,18.101198318650948
8707,90.5,2.800000000000001,4.500000000000003,0.7000000000000001,18.017546426620328
8708,91.0,2.900000000000001,4.500000000000003,0.1,18.3798300881209
8709,90.9,2.900000000000001,4.500000000000003,0.2,18.29671550796488
8710,90.8,2.900000000000001,4.500000000000003,0.3,18.212197113177893
8711,90.7,2.900000000000001,4.500000000000003,0.4,18.12711919273634
8712,90.6,2.900000000000001,4.500000000000003,0.5,18.042317544569176
8713,90.5,2.900000000000001,4.500000000000003,0.6,17.958605742717033
8714,90.4,2.900000000000001,4.500000000000003,0.7000000000000001,17.876762201632857
8715,90.9,3.0000000000000013,4.500000000000003,0.1,18.23398666745452
8716,90.8,3.0000000000000013,4.500000000000003,0.2,18.14992353294349
8717,90.7,3.0000000000000013,4.500000000000003,0.3,18.065144296609336
8718,90.6,3.0000000000000013,4.500000000000003,0.4,17.98048510366183
8719,90.5,3.0000000000000013,4.500000000000003,0.5,17.896764799135415
8720,90.4,3.0000000000000013,4.500000000000003,0.6,17.814771729946514
8721,90.3,3.0000000000000013,4.500000000000003,0.7000000000000001,17.73525150759865
8722,90.8,3.1000000000000014,4.500000000000003,0.1,18.085259426490264
8723,90.7,3.1000000000000014,4.500000000000003,0.2,18.000813970164863
8724,90.6,3.1000000000000014,4.500000000000003,0.3,17.916335421332665
8725,90.5,3.1000000000000014,4.500000000000003,0.4,17.832645233265595
8726,90.4,3.1000000000000014,4.500000000000003,0.5,17.750539151315724
8727,90.3,3.1000000000000014,4.500000000000003,0.6,17.67077466303755
8728,90.2,3.1000000000000014,4.500000000000003,0.7000000000000001,17.59405955587168
8729,90.7,3.200000000000001,4.500000000000003,0.1,17.934816525538796
8730,90.6,3.200000000000001,4.500000000000003,0.2,17.850546233731084
8731,90.5,3.200000000000001,4.500000000000003,0.3,17.76691416893621
8732,90.4,3.200000000000001,4.500000000000003,0.4,17.684720936163288
8733,90.3,3.200000000000001,4.500000000000003,0.5,17.604733524622578
8734,90.2,3.200000000000001,4.500000000000003,0.6,17.527673505314958
8735,90.1,3.200000000000001,4.500000000000003,0.7000000000000001,17.454206464725637
8736,90.6,3.3000000000000016,4.500000000000003,0.1,17.78382670313804
8737,90.5,3.3000000000000016,4.500000000000003,0.2,17.70027271037131
8738,90.4,3.3000000000000016,4.500000000000003,0.3,17.618009990708728
8739,90.3,3.3000000000000016,4.500000000000003,0.4,17.537812628938042
8740,90.2,3.3000000000000016,4.500000000000003,0.5,17.460413771963687
8741,90.1,3.3000000000000016,4.500000000000003,0.6,17.386494657974847
8742,90.0,3.3000000000000016,4.500000000000003,0.7000000000000001,17.316674990548325
8743,90.5,3.4000000000000017,4.500000000000003,0.1,17.633443523282498
8744,90.4,3.4000000000000017,4.500000000000003,0.2,17.551123553980663
8745,90.3,3.4000000000000017,4.500000000000003,0.3,17.470723558277033
8746,90.2,3.4000000000000017,4.500000000000003,0.4,17.39298599240735
8747,90.1,3.4000000000000017,4.500000000000003,0.5,17.318605710311555
8748,90.0,3.4000000000000017,4.500000000000003,0.6,17.24821989207654
8749,89.89999999999999,3.4000000000000017,4.500000000000003,0.7000000000000001,17.18239940554406
8750,90.4,3.5000000000000018,4.500000000000003,0.1,17.484790386872895
8751,90.3,3.5000000000000018,4.500000000000003,0.2,17.404192379046957
8752,90.2,3.5000000000000018,4.500000000000003,0.3,17.326113232243447
8753,90.1,3.5000000000000018,4.500000000000003,0.4,17.251259293882068
8754,90.0,3.5000000000000018,4.500000000000003,0.5,17.18028335907864
8755,89.9,3.5000000000000018,4.500000000000003,0.6,17.113775548936225
8756,89.8,3.5000000000000018,4.500000000000003,0.7000000000000001,17.05225568921158
8757,90.3,3.600000000000002,4.500000000000003,0.1,17.338946583887424
8758,90.2,3.600000000000002,4.500000000000003,0.2,17.260523107615956
8759,90.1,3.600000000000002,4.500000000000003,0.3,17.185182779696273
8760,89.99999999999999,3.600000000000002,4.500000000000003,0.4,17.113592035043247
8761,89.89999999999999,3.600000000000002,4.500000000000003,0.5,17.04635856157908
8762,89.8,3.600000000000002,4.500000000000003,0.6,16.98402316154802
8763,89.69999999999999,3.600000000000002,4.500000000000003,0.7000000000000001,16.92705315943162
8764,90.2,3.700000000000002,4.500000000000003,0.1,17.196934626057338
8765,90.1,3.700000000000002,4.500000000000003,0.2,17.121098185227975
8766,90.0,3.700000000000002,4.500000000000003,0.3,17.04887053032475
8767,89.89999999999999,3.700000000000002,4.500000000000003,0.4,16.980875088589006
8768,89.8,3.700000000000002,4.500000000000003,0.5,16.91767212575904
8769,89.7,3.700000000000002,4.500000000000003,0.6,16.859751606326654
8770,89.6,3.700000000000002,4.500000000000003,0.7000000000000001,16.807527626115224
8771,90.1,3.800000000000002,4.500000000000003,0.1,17.05970905801265
8772,90.0,3.800000000000002,4.500000000000003,0.2,16.986828337782867
8773,89.9,3.800000000000002,4.500000000000003,0.3,16.918040116331237
8774,89.8,3.800000000000002,4.500000000000003,0.4,16.853922441810038
8775,89.7,3.800000000000002,4.500000000000003,0.5,16.794986575521197
8776,89.60000000000001,3.800000000000002,4.500000000000003,0.6,16.741670850324596
8777,89.5,3.800000000000002,4.500000000000003,0.7000000000000001,16.694336107477124
8778,90.0,3.900000000000002,4.500000000000003,0.1,16.92814689946428
8779,89.89999999999999,3.900000000000002,4.500000000000003,0.2,16.85854399509685
8780,89.8,3.900000000000002,4.500000000000003,0.3,16.793472894953112
8781,89.69999999999999,3.900000000000002,4.500000000000003,0.4,16.73346461927403
8782,89.6,3.900000000000002,4.500000000000003,0.5,16.678980558964835
8783,89.5,3.900000000000002,4.500000000000003,0.6,16.630407315578665
8784,89.39999999999999,3.900000000000002,4.500000000000003,0.7000000000000001,16.588053107496194
8785,89.9,4.000000000000002,4.500000000000003,0.1,16.803039823576476
8786,89.8,4.000000000000002,4.500000000000003,0.2,16.736988459577404
8787,89.7,4.000000000000002,4.500000000000003,0.3,16.675862105727422
8788,89.6,4.000000000000002,4.500000000000003,0.4,16.620143811342402
8789,89.5,4.000000000000002,4.500000000000003,0.5,16.57024491615149
8790,89.4,4.000000000000002,4.500000000000003,0.6,16.52650084075262
8791,89.3,4.000000000000002,4.500000000000003,0.7000000000000001,16.489168414281046
8792,89.8,4.100000000000002,4.500000000000003,0.1,16.685088128834074
8793,89.69999999999999,4.100000000000002,4.500000000000003,0.2,16.622812851496573
8794,89.6,4.100000000000002,4.500000000000003,0.3,16.565808769143803
8795,89.49999999999999,4.100000000000002,4.500000000000003,0.4,16.514510691724297
8796,89.39999999999999,4.100000000000002,4.500000000000003,0.5,16.469280367920852
8797,89.3,4.100000000000002,4.500000000000003,0.6,16.430403181997217
8798,89.19999999999999,4.100000000000002,4.500000000000003,0.7000000000000001,16.398086343994205
8799,89.7,4.200000000000003,4.500000000000003,0.1,16.574896514934427
8800,89.6,4.200000000000003,4.500000000000003,0.2,16.516572817246526
8801,89.5,4.200000000000003,4.500000000000003,0.3,16.46381929040985
8802,89.39999999999999,4.200000000000003,4.500000000000003,0.4,16.417022866975927
8803,89.3,4.200000000000003,4.500000000000003,0.5,16.376496749999802
8804,89.2,4.200000000000003,4.500000000000003,0.6,16.342477961005258
8805,89.1,4.200000000000003,4.500000000000003,0.7000000000000001,16.315126324635937
8806,89.60000000000001,4.3000000000000025,4.500000000000003,0.1,16.472971628942638
8807,89.5,4.3000000000000025,4.500000000000003,0.2,16.41872694503204
8808,89.4,4.3000000000000025,4.500000000000003,0.3,16.370304692918612
8809,89.3,4.3000000000000025,4.500000000000003,0.4,16.32804486488634
8810,89.2,4.3000000000000025,4.500000000000003,0.5,16.292213684152713
8811,89.10000000000001,4.3000000000000025,4.500000000000003,0.6,16.26300193945122
8812,89.0,4.3000000000000025,4.500000000000003,0.7000000000000001,16.24052468906657
8813,89.5,4.400000000000002,4.500000000000003,0.1,16.379721307391712
8814,89.39999999999999,4.400000000000002,4.500000000000003,0.2,16.32963679484039
8815,89.3,4.400000000000002,4.500000000000003,0.3,16.285581371690267
8816,89.19999999999999,4.400000000000002,4.500000000000003,0.4,16.247849537954835
8817,89.1,4.400000000000002,4.500000000000003,0.5,16.216662551181233
8818,89.0,4.400000000000002,4.500000000000003,0.6,16.192167476000332
8819,88.89999999999999,4.400000000000002,4.500000000000003,0.7000000000000001,16.174437527640464
8820,89.4,4.500000000000003,4.500000000000003,0.1,16.29545540424616
8821,89.3,4.500000000000003,4.500000000000003,0.2,16.249568417167286
8822,89.2,4.500000000000003,4.500000000000003,0.3,16.209873228364444
8823,89.1,4.500000000000003,4.500000000000003,0.4,16.17662073332982
8824,89.0,4.500000000000003,4.500000000000003,0.5,16.149989609725885
8825,88.9,4.500000000000003,4.500000000000003,0.6,16.1300860052385
8826,88.8,4.500000000000003,4.500000000000003,0.7000000000000001,16.1169444379825
8827,89.3,4.600000000000003,4.500000000000003,0.1,16.220388064519273
8828,89.19999999999999,4.600000000000003,4.500000000000003,0.2,16.17869520857485
8829,89.1,4.600000000000003,4.500000000000003,0.3,16.143315026815632
8830,88.99999999999999,4.600000000000003,4.500000000000003,0.4,16.114457062071885
8831,88.89999999999999,4.600000000000003,4.500000000000003,0.5,16.09226009033425
8832,88.8,4.600000000000003,4.500000000000003,0.6,16.076792367356425
8833,88.69999999999999,4.600000000000003,4.500000000000003,0.7000000000000001,16.06805300276834
8834,89.2,4.700000000000003,4.500000000000003,0.1,16.15464127943977
8835,89.1,4.700000000000003,4.500000000000003,0.2,16.11710193217472
8836,89.0,4.700000000000003,4.500000000000003,0.3,16.08595679247055
8837,88.89999999999999,4.700000000000003,4.500000000000003,0.4,16.06137658860266
8838,88.8,4.700000000000003,4.500000000000003,0.5,16.043463086182456
8839,88.7,4.700000000000003,4.500000000000003,0.6,16.03224981312666
8840,88.6,4.700000000000003,4.500000000000003,0.7000000000000001,16.02770382565522
8841,89.10000000000001,4.8000000000000025,4.500000000000003,0.1,16.09824954175329
8842,89.0,4.8000000000000025,4.500000000000003,0.2,16.06478971777661
8843,88.9,4.8000000000000025,4.500000000000003,0.3,16.037769068994553
8844,88.8,4.8000000000000025,4.500000000000003,0.4,16.017322255642174
8845,88.7,4.8000000000000025,4.500000000000003,0.5,16.003517059974033
8846,88.60000000000001,4.8000000000000025,4.500000000000003,0.6,15.996355510326557
8847,88.5,4.8000000000000025,4.500000000000003,0.7000000000000001,15.995775960324623
8848,89.0,4.900000000000003,4.500000000000003,0.1,16.051165409120173
8849,88.89999999999999,4.900000000000003,4.500000000000003,0.2,16.02168184968584
8850,88.8,4.900000000000003,4.500000000000003,0.3,15.998648843018561
8851,88.69999999999999,4.900000000000003,4.500000000000003,0.4,15.982167860529815
8852,88.6,4.900000000000003,4.500000000000003,0.5,15.972275790486144
8853,88.5,4.900000000000003,4.500000000000003,0.6,15.968946384769602
8854,88.39999999999999,4.900000000000003,4.500000000000003,0.7000000000000001,15.972092577334617
8855,88.9,5.000000000000004,4.500000000000003,0.1,16.01326577949401
8856,88.8,5.000000000000004,4.500000000000003,0.2,15.987630149705595
8857,88.7,5.000000000000004,4.500000000000003,0.3,15.968425950611124
8858,88.6,5.000000000000004,4.500000000000003,0.4,15.955724405069974
8859,88.5,5.000000000000004,4.500000000000003,0.5,15.949534591389824
8860,88.4,5.000000000000004,4.500000000000003,0.6,15.949805140828023
8861,88.3,5.000000000000004,4.500000000000003,0.7000000000000001,15.95642672738114
8862,88.8,5.100000000000003,4.500000000000003,0.1,15.984358684475115
8863,88.69999999999999,5.100000000000003,4.500000000000003,0.2,15.962421768326676
8864,88.6,5.100000000000003,4.500000000000003,0.3,15.94686978768374
8865,88.49999999999999,5.100000000000003,4.500000000000003,0.4,15.937746652270548
8866,88.39999999999999,5.100000000000003,4.500000000000003,0.5,15.93503664858607
8867,88.3,5.100000000000003,4.500000000000003,0.6,15.938666321943035
8868,88.19999999999999,5.100000000000003,4.500000000000003,0.7000000000000001,15.948507076764905
8869,88.7,5.200000000000003,4.500000000000003,0.1,15.964190414371622
8870,88.6,5.200000000000003,4.500000000000003,0.2,15.945786207713203
8871,88.5,5.200000000000003,4.500000000000003,0.3,15.933696159708598
8872,88.39999999999999,5.200000000000003,4.500000000000003,0.4,15.927939738736198
8873,88.3,5.200000000000003,4.500000000000003,0.5,15.928479339500857
8874,88.2,5.200000000000003,4.500000000000003,0.6,15.935222290210422
8875,88.1,5.200000000000003,4.500000000000003,0.7000000000000001,15.948023510412817
8876,88.60000000000001,5.300000000000003,4.500000000000003,0.1,15.952452801345155
8877,88.5,5.300000000000003,4.500000000000003,0.2,15.937402415115356
8878,88.4,5.300000000000003,4.500000000000003,0.3,15.92857412316053
8879,88.3,5.300000000000003,4.500000000000003,0.4,15.925965710122322
8880,88.2,5.300000000000003,4.500000000000003,0.5,15.929520417618686
8881,88.10000000000001,5.300000000000003,4.500000000000003,0.6,15.939129024729175
8882,88.0,5.300000000000003,4.500000000000003,0.7000000000000001,15.954632518737982
8883,88.5,5.400000000000004,4.500000000000003,0.1,15.948790503716166
8884,88.39999999999999,5.400000000000004,4.500000000000003,0.2,15.93690580385116
8885,88.3,5.400000000000004,4.500000000000003,0.3,15.931132691018455
8886,88.19999999999999,5.400000000000004,4.500000000000003,0.4,15.931449867972816
8887,88.1,5.400000000000004,4.500000000000003,0.5,15.937783967018301
8888,88.0,5.400000000000004,4.500000000000003,0.6,15.950011660027545
8889,87.89999999999999,5.400000000000004,4.500000000000003,0.7000000000000001,15.967962305979183
8890,88.4,5.500000000000004,4.500000000000003,0.1,15.952808154314042
8891,88.3,5.500000000000004,4.500000000000003,0.2,15.943895080022859
8892,88.2,5.500000000000004,4.500000000000003,0.3,15.940967296481647
8893,88.1,5.500000000000004,4.500000000000003,0.4,15.943986838458608
8894,88.0,5.500000000000004,4.500000000000003,0.5,15.952866053823065
8895,87.9,5.500000000000004,4.500000000000003,0.6,15.96746970757955
8896,87.8,5.500000000000004,4.500000000000003,0.7000000000000001,15.987617578528056
8897,92.3,1.5,4.600000000000003,0.1,19.54329545815588
8898,92.2,1.5,4.600000000000003,0.2,19.515942709759834
8899,92.1,1.5,4.600000000000003,0.3,19.481114897256568
8900,92.0,1.5,4.600000000000003,0.4,19.43917065064741
8901,91.9,1.5,4.600000000000003,0.5,19.39055533920053
8902,91.8,1.5,4.600000000000003,0.6,19.335793019638444
8903,91.7,1.5,4.600000000000003,0.7000000000000001,19.275476868957693
8904,92.2,1.6,4.600000000000003,0.1,19.51990244130418
8905,92.1,1.6,4.600000000000003,0.2,19.48704442340859
8906,92.0,1.6,4.600000000000003,0.3,19.446852109291605
8907,91.9,1.6,4.600000000000003,0.4,19.399744150688868
8908,91.8,1.6,4.600000000000003,0.5,19.346222674959492
8909,91.7,1.6,4.600000000000003,0.6,19.286864183525836
8910,91.6,1.6,4.600000000000003,0.7000000000000001,19.222309044782662
8911,92.1,1.7000000000000002,4.600000000000003,0.1,19.485429549097432
8912,92.0,1.7000000000000002,4.600000000000003,0.2,19.447084483330343
8913,91.9,1.7000000000000002,4.600000000000003,0.3,19.401607833378154
8914,91.79999999999998,1.7000000000000002,4.600000000000003,0.4,19.34947679576192
8915,91.7,1.7000000000000002,4.600000000000003,0.5,19.29124787192582
8916,91.6,1.7000000000000002,4.600000000000003,0.6,19.22754677690985
8917,91.5,1.7000000000000002,4.600000000000003,0.7000000000000001,19.159057071817468
8918,92.0,1.8000000000000005,4.600000000000003,0.1,19.43977522536635
8919,91.9,1.8000000000000005,4.600000000000003,0.2,19.39602382701592
8920,91.8,1.8000000000000005,4.600000000000003,0.3,19.345404948574178
8921,91.7,1.8000000000000005,4.600000000000003,0.4,19.288452030151426
8922,91.6,1.8000000000000005,4.600000000000003,0.5,19.225772775045687
8923,91.5,1.8000000000000005,4.600000000000003,0.6,19.158038145486877
8924,91.4,1.8000000000000005,4.600000000000003,0.7000000000000001,19.085970229334727
8925,91.9,1.9000000000000004,4.600000000000003,0.1,19.38296441066672
8926,91.79999999999998,1.9000000000000004,4.600000000000003,0.2,19.33395000105025
8927,91.7,1.9000000000000004,4.600000000000003,0.3,19.278392104656614
8928,91.59999999999998,1.9000000000000004,4.600000000000003,0.4,19.21687730343989
8929,91.5,1.9000000000000004,4.600000000000003,0.5,19.150060582405708
8930,91.4,1.9000000000000004,4.600000000000003,0.6,19.078653504940775
8931,91.29999999999998,1.9000000000000004,4.600000000000003,0.7000000000000001,19.003411422033672
8932,91.8,2.0000000000000004,4.600000000000003,0.1,19.315150835031922
8933,91.7,2.0000000000000004,4.600000000000003,0.2,19.26107829279836
8934,91.6,2.0000000000000004,4.600000000000003,0.3,19.200843706517922
8935,91.5,2.0000000000000004,4.600000000000003,0.4,19.135082938985718
8936,91.4,2.0000000000000004,4.600000000000003,0.5,19.064493645847413
8937,91.3,2.0000000000000004,4.600000000000003,0.6,18.989822737129252
8938,91.2,2.0000000000000004,4.600000000000003,0.7000000000000001,18.911853048960452
8939,91.7,2.1000000000000005,4.600000000000003,0.1,19.23661702238785
8940,91.6,2.1000000000000005,4.600000000000003,0.2,19.177750582135115
8941,91.5,2.1000000000000005,4.600000000000003,0.3,19.113157648823357
8942,91.4,2.1000000000000005,4.600000000000003,0.4,19.043518803921692
8943,91.3,2.1000000000000005,4.600000000000003,0.5,18.96956914419062
8944,91.2,2.1000000000000005,4.600000000000003,0.6,18.892085148195154
8945,91.1,2.1000000000000005,4.600000000000003,0.7000000000000001,18.811870939958467
8946,91.6,2.2000000000000006,4.600000000000003,0.1,19.1477719847535
8947,91.5,2.2000000000000006,4.600000000000003,0.2,19.08443192112123
8948,91.4,2.2000000000000006,4.600000000000003,0.3,19.015850837871646
8949,91.29999999999998,2.2000000000000006,4.600000000000003,0.4,18.94274884542962
8950,91.2,2.2000000000000006,4.600000000000003,0.5,18.86589271994956
8951,91.1,2.2000000000000006,4.600000000000003,0.6,18.786082303521535
8952,91.0,2.2000000000000006,4.600000000000003,0.7000000000000001,18.704136496157812
8953,91.5,2.3000000000000007,4.600000000000003,0.1,19.04914664211542
8954,91.4,2.3000000000000007,4.600000000000003,0.2,18.981704906416514
8955,91.3,2.3000000000000007,4.600000000000003,0.3,18.909552592972727
8956,91.2,2.3000000000000007,4.600000000000003,0.4,18.833443611291468
8957,91.1,2.3000000000000007,4.600000000000003,0.5,18.754170220988403
8958,91.0,2.3000000000000007,4.600000000000003,0.6,18.67254910183553
8959,90.9,2.3000000000000007,4.600000000000003,0.7000000000000001,18.589407214794853
8960,91.4,2.400000000000001,4.600000000000003,0.1,18.941387060717762
8961,91.29999999999998,2.400000000000001,4.600000000000003,0.2,18.870261964261303
8962,91.2,2.400000000000001,4.600000000000003,0.3,18.79499607228057
8963,91.09999999999998,2.400000000000001,4.600000000000003,0.4,18.71637092237977
8964,91.0,2.400000000000001,4.600000000000003,0.5,18.63519773478137
8965,90.9,2.400000000000001,4.600000000000003,0.6,18.552303293129636
8966,90.79999999999998,2.400000000000001,4.600000000000003,0.7000000000000001,18.468515816835204
8967,91.3,2.500000000000001,4.600000000000003,0.1,18.825245656634472
8968,91.2,2.500000000000001,4.600000000000003,0.2,18.75089571928857
8969,91.1,2.500000000000001,4.600000000000003,0.3,18.673007916223668
8970,91.0,2.500000000000001,4.600000000000003,0.4,18.592384909262204
8971,90.9,2.500000000000001,4.600000000000003,0.5,18.509850143367615
8972,90.8,2.500000000000001,4.600000000000003,0.6,18.426233681100356
8973,90.7,2.500000000000001,4.600000000000003,0.7000000000000001,18.342358227288187
8974,91.2,2.600000000000001,4.600000000000003,0.1,18.701570561167237
8975,91.1,2.600000000000001,4.600000000000003,0.2,18.624487664631975
8976,91.0,2.600000000000001,4.600000000000003,0.3,18.544496343956467
8977,90.9,2.600000000000001,4.600000000000003,0.4,18.462413663078586
8978,90.8,2.600000000000001,4.600000000000003,0.5,18.379068460494643
8979,90.7,2.600000000000001,4.600000000000003,0.6,18.29528727942829
8980,90.6,2.600000000000001,4.600000000000003,0.7000000000000001,18.211880681838938
8981,91.1,2.700000000000001,4.600000000000003,0.1,18.57129338829564
8982,91.0,2.700000000000001,4.600000000000003,0.2,18.491995390348823
8983,90.9,2.700000000000001,4.600000000000003,0.3,18.41043797332725
8984,90.79999999999998,2.700000000000001,4.600000000000003,0.4,18.327445781180693
8985,90.7,2.700000000000001,4.600000000000003,0.5,18.243846237859934
8986,90.6,2.700000000000001,4.600000000000003,0.6,18.160455711644033
8987,90.5,2.700000000000001,4.600000000000003,0.7000000000000001,18.078066248860267
8988,91.0,2.800000000000001,4.600000000000003,0.1,18.435415680774177
8989,90.9,2.800000000000001,4.600000000000003,0.2,18.35443865890538
8990,90.8,2.800000000000001,4.600000000000003,0.3,18.271863661712374
8991,90.7,2.800000000000001,4.600000000000003,0.4,18.188516109856725
8992,90.6,2.800000000000001,4.600000000000003,0.5,18.10521534411775
8993,90.5,2.800000000000001,4.600000000000003,0.6,18.022761156045846
8994,90.4,2.800000000000001,4.600000000000003,0.7000000000000001,17.941921062675306
8995,90.9,2.900000000000001,4.600000000000003,0.1,18.29499433947517
8996,90.79999999999998,2.900000000000001,4.600000000000003,0.2,18.21288463949752
8997,90.7,2.900000000000001,4.600000000000003,0.3,18.129843682993414
8998,90.59999999999998,2.900000000000001,4.600000000000003,0.4,18.04669099926556
8999,90.5,2.900000000000001,4.600000000000003,0.5,17.964231428064306
9000,90.4,2.900000000000001,4.600000000000003,0.6,17.883242139975156
9001,90.29999999999998,2.900000000000001,4.600000000000003,0.7000000000000001,17.804460562114635
9002,90.8,3.0000000000000013,4.600000000000003,0.1,18.15112635947911
9003,90.7,3.0000000000000013,4.600000000000003,0.2,18.068432626737167
9004,90.6,3.0000000000000013,4.600000000000003,0.3,17.985472564568944
9005,90.5,3.0000000000000013,4.600000000000003,0.4,17.903053389273957
9006,90.4,3.0000000000000013,4.600000000000003,0.5,17.821959376113504
9007,90.3,3.0000000000000013,4.600000000000003,0.6,17.742939481851693
9008,90.2,3.0000000000000013,4.600000000000003,0.7000000000000001,17.66669601823451
9009,90.7,3.1000000000000014,4.600000000000003,0.1,18.00493320580571
9010,90.6,3.1000000000000014,4.600000000000003,0.2,17.92219857349581
9011,90.5,3.1000000000000014,4.600000000000003,0.3,17.83985390754579
9012,90.4,3.1000000000000014,4.600000000000003,0.4,17.75868803934019
9013,90.3,3.1000000000000014,4.600000000000003,0.5,17.679459064115424
9014,90.2,3.1000000000000014,4.600000000000003,0.6,17.602882665154105
9015,90.1,3.1000000000000014,4.600000000000003,0.7000000000000001,17.529621617111435
9016,90.6,3.200000000000001,4.600000000000003,0.1,17.857545161487486
9017,90.5,3.200000000000001,4.600000000000003,0.2,17.77529976256606
9018,90.4,3.200000000000001,4.600000000000003,0.3,17.69408550341677
9019,90.29999999999998,3.200000000000001,4.600000000000003,0.4,17.61466720135894
9020,90.2,3.200000000000001,4.600000000000003,0.5,17.537771685326828
9021,90.1,3.200000000000001,4.600000000000003,0.6,17.464076906718205
9022,89.99999999999999,3.200000000000001,4.600000000000003,0.7000000000000001,17.394202338734164
9023,90.5,3.3000000000000016,4.600000000000003,0.1,17.710085971176905
9024,90.4,3.3000000000000016,4.600000000000003,0.2,17.62883992770448
9025,90.3,3.3000000000000016,4.600000000000003,0.3,17.54924504218676
9026,90.2,3.3000000000000016,4.600000000000003,0.4,17.47203701218935
9027,90.1,3.3000000000000016,4.600000000000003,0.5,17.397906910766526
9028,90.0,3.3000000000000016,4.600000000000003,0.6,17.327491153271257
9029,89.89999999999999,3.3000000000000016,4.600000000000003,0.7000000000000001,17.26136284221849
9030,90.4,3.4000000000000017,4.600000000000003,0.1,17.563658085218247
9031,90.29999999999998,3.4000000000000017,4.600000000000003,0.2,17.48389511227939
9032,90.2,3.4000000000000017,4.600000000000003,0.3,17.406376680910057
9033,90.09999999999998,3.4000000000000017,4.600000000000003,0.4,17.331804853410087
9034,89.99999999999999,3.4000000000000017,4.600000000000003,0.5,17.260831106353223
9035,89.89999999999999,3.4000000000000017,4.600000000000003,0.6,17.19404720617879
9036,89.79999999999998,3.4000000000000017,4.600000000000003,0.7000000000000001,17.13197753209567
9037,90.3,3.5000000000000018,4.600000000000003,0.1,17.419328782967618
9038,90.2,3.5000000000000018,4.600000000000003,0.2,17.341500524145925
9039,90.1,3.5000000000000018,4.600000000000003,0.3,17.266478709042435
9040,89.99999999999999,3.5000000000000018,4.600000000000003,0.4,17.194927890864758
9041,89.89999999999999,3.5000000000000018,4.600000000000003,0.5,17.127456794382297
9042,89.8,3.5000000000000018,4.600000000000003,0.6,17.06461013626066
9043,89.69999999999999,3.5000000000000018,4.600000000000003,0.7000000000000001,17.00686194160412
9044,90.2,3.600000000000002,4.600000000000003,0.1,17.278117421203522
9045,90.09999999999998,3.600000000000002,4.600000000000003,0.2,17.202638609706426
9046,89.99999999999999,3.600000000000002,4.600000000000003,0.3,17.130492509172218
9047,89.89999999999998,3.600000000000002,4.600000000000003,0.4,17.0623029671152
9048,89.79999999999998,3.600000000000002,4.600000000000003,0.5,16.9986335064351
9049,89.69999999999999,3.600000000000002,4.600000000000003,0.6,16.93998010963408
9050,89.59999999999998,3.600000000000002,4.600000000000003,0.7000000000000001,16.886765528152875
9051,90.1,3.700000000000002,4.600000000000003,0.1,17.14098401502924
9052,89.99999999999999,3.700000000000002,4.600000000000003,0.2,17.068228529752513
9053,89.89999999999999,3.700000000000002,4.600000000000003,0.3,16.999292969986673
9054,89.79999999999998,3.700000000000002,4.600000000000003,0.4,16.934757977459437
9055,89.69999999999999,3.700000000000002,4.600000000000003,0.5,16.875140132182718
9056,89.6,3.700000000000002,4.600000000000003,0.6,16.820885703311895
9057,89.49999999999999,3.700000000000002,4.600000000000003,0.7000000000000001,16.772365934838902
9058,90.0,3.800000000000002,4.600000000000003,0.1,17.00881931615833
9059,89.89999999999999,3.800000000000002,4.600000000000003,0.2,16.93911717609149
9060,89.8,3.800000000000002,4.600000000000003,0.3,16.87368046424743
9061,89.69999999999999,3.800000000000002,4.600000000000003,0.4,16.813044816180184
9062,89.6,3.800000000000002,4.600000000000003,0.5,16.757678825216562
9063,89.5,3.800000000000002,4.600000000000003,0.6,16.707978747152026
9064,89.39999999999999,3.800000000000002,4.600000000000003,0.7000000000000001,16.664264731462605
9065,89.89999999999999,3.900000000000002,4.600000000000003,0.1,16.882436508405014
9066,89.79999999999998,3.900000000000002,4.600000000000003,0.2,16.81607182266165
9067,89.69999999999999,3.900000000000002,4.600000000000003,0.3,16.754374459599337
9068,89.59999999999998,3.900000000000002,4.600000000000003,0.4,16.697833935653556
9069,89.49999999999999,3.900000000000002,4.600000000000003,0.5,16.64687048444331
9070,89.39999999999999,3.900000000000002,4.600000000000003,0.6,16.60183068808765
9071,89.29999999999998,3.900000000000002,4.600000000000003,0.7000000000000001,16.562984610183793
9072,89.8,4.000000000000002,4.600000000000003,0.1,16.762564594110934
9073,89.69999999999999,4.000000000000002,4.600000000000003,0.2,16.699774459348316
9074,89.6,4.000000000000002,4.600000000000003,0.3,16.64200878569772
9075,89.49999999999999,4.000000000000002,4.600000000000003,0.4,16.589710518279936
9076,89.39999999999999,4.000000000000002,4.600000000000003,0.5,16.54325178906159
9077,89.3,4.000000000000002,4.600000000000003,0.6,16.502930434618392
9078,89.19999999999999,4.000000000000002,4.600000000000003,0.7000000000000001,16.468967975942583
9079,89.69999999999999,4.100000000000002,4.600000000000003,0.1,16.64984349962719
9080,89.59999999999998,4.100000000000002,4.600000000000003,0.2,16.59081781248054
9081,89.49999999999999,4.100000000000002,4.600000000000003,0.3,16.537128538794896
9082,89.39999999999998,4.100000000000002,4.600000000000003,0.4,16.489172221204814
9083,89.29999999999998,4.100000000000002,4.600000000000003,0.5,16.447273727901894
9084,89.19999999999999,4.100000000000002,4.600000000000003,0.6,16.411683605409547
9085,89.09999999999998,4.100000000000002,4.600000000000003,0.7000000000000001,16.382576841016796
9086,89.6,4.200000000000003,4.600000000000003,0.1,16.544820884255792
9087,89.49999999999999,4.200000000000003,4.600000000000003,0.2,16.489703014359232
9088,89.39999999999999,4.200000000000003,4.600000000000003,0.3,16.440188565829956
9089,89.29999999999998,4.200000000000003,4.600000000000003,0.4,16.3966284176252
9090,89.19999999999999,4.200000000000003,4.600000000000003,0.5,16.359301530990955
9091,89.1,4.200000000000003,4.600000000000003,0.6,16.328413076437776
9092,88.99999999999999,4.200000000000003,4.600000000000003,0.7000000000000001,16.30409390737796
9093,89.5,4.3000000000000025,4.600000000000003,0.1,16.447950596517114
9094,89.39999999999999,4.3000000000000025,4.600000000000003,0.2,16.396838846324513
9095,89.3,4.3000000000000025,4.600000000000003,0.3,16.351553435292452
9096,89.19999999999999,4.3000000000000025,4.600000000000003,0.4,16.312400827082158
9097,89.1,4.3000000000000025,4.600000000000003,0.5,16.279615883425617
9098,89.0,4.3000000000000025,4.600000000000003,0.6,16.253360697132543
9099,88.89999999999999,4.3000000000000025,4.600000000000003,0.7000000000000001,16.233724700398476
9100,89.39999999999999,4.400000000000002,4.600000000000003,0.1,16.359592685361314
9101,89.29999999999998,4.400000000000002,4.600000000000003,0.2,16.312542446812476
9102,89.19999999999999,4.400000000000002,4.600000000000003,0.3,16.271498772552814
9103,89.09999999999998,4.400000000000002,4.600000000000003,0.4,16.23672540126296
9104,88.99999999999999,4.400000000000002,4.600000000000003,0.5,16.208415279613455
9105,88.89999999999999,4.400000000000002,4.600000000000003,0.6,16.186690027856354
9106,88.79999999999998,4.400000000000002,4.600000000000003,0.7000000000000001,16.171600603277753
9107,89.3,4.500000000000003,4.600000000000003,0.1,16.280014842884427
9108,89.19999999999999,4.500000000000003,4.600000000000003,0.2,16.23704134835139
9109,89.1,4.500000000000003,4.600000000000003,0.3,16.20021381361046
9110,88.99999999999999,4.500000000000003,4.600000000000003,0.4,16.16975531198059
9111,88.89999999999999,4.500000000000003,4.600000000000003,0.5,16.145819360019875
9112,88.8,4.500000000000003,4.600000000000003,0.6,16.1284899390684
9113,88.69999999999999,4.500000000000003,4.600000000000003,0.7000000000000001,16.11778263338448
9114,89.19999999999999,4.600000000000003,4.600000000000003,0.1,16.209395129919542
9115,89.09999999999998,4.600000000000003,4.600000000000003,0.2,16.170476686047177
9116,88.99999999999999,4.600000000000003,4.600000000000003,0.3,16.13780501370726
9117,88.89999999999998,4.600000000000003,4.600000000000003,0.4,16.111564874424875
9118,88.79999999999998,4.600000000000003,4.600000000000003,0.5,16.09187306287904
9119,88.69999999999999,4.600000000000003,4.600000000000003,0.6,16.078778906614502
9120,88.59999999999998,4.600000000000003,4.600000000000003,0.7000000000000001,16.072265799415735
9121,89.1,4.700000000000003,4.600000000000003,0.1,16.14782581698291
9122,88.99999999999999,4.700000000000003,4.600000000000003,0.2,16.112907405101254
9123,88.89999999999999,4.700000000000003,4.600000000000003,0.3,16.08430053614465
9124,88.79999999999998,4.700000000000003,4.600000000000003,0.4,16.06215423150893
9125,88.69999999999999,4.700000000000003,4.600000000000003,0.5,16.046551419766526
9126,88.6,4.700000000000003,4.600000000000003,0.6,16.037509837546004
9127,88.49999999999999,4.700000000000003,4.600000000000003,0.7000000000000001,16.034983881501656
9128,89.0,4.8000000000000025,4.600000000000003,0.1,16.09531816065117
9129,88.89999999999999,4.8000000000000025,4.600000000000003,0.2,16.064315286341305
9130,88.8,4.8000000000000025,4.600000000000003,0.3,16.03965544184421
9131,88.69999999999999,4.8000000000000025,4.600000000000003,0.4,16.02145462395602
9132,88.6,4.8000000000000025,4.600000000000003,0.5,16.00976482616422
9133,88.5,4.8000000000000025,4.600000000000003,0.6,16.004575266248683
9134,88.39999999999999,4.8000000000000025,4.600000000000003,0.7000000000000001,16.005814484593923
9135,88.89999999999999,4.900000000000003,4.600000000000003,0.1,16.051807929476336
9136,88.79999999999998,4.900000000000003,4.600000000000003,0.2,16.02461060644448
9137,88.69999999999999,4.900000000000003,4.600000000000003,0.3,16.00375740139851
9138,88.59999999999998,4.900000000000003,4.600000000000003,0.4,15.989334075263386
9139,88.49999999999999,4.900000000000003,4.600000000000003,0.5,15.981364625646046
9140,88.39999999999999,4.900000000000003,4.600000000000003,0.6,15.97981277084101
9141,88.29999999999998,4.900000000000003,4.600000000000003,0.7000000000000001,15.984584227968853
9142,88.8,5.000000000000004,4.600000000000003,0.1,16.01716149372898
9143,88.69999999999999,5.000000000000004,4.600000000000003,0.2,15.993638253094597
9144,88.6,5.000000000000004,4.600000000000003,0.3,15.976432758062405
9145,88.49999999999999,5.000000000000004,4.600000000000003,0.4,15.965603330234456
9146,88.39999999999999,5.000000000000004,4.600000000000003,0.5,15.961148858382513
9147,88.3,5.000000000000004,4.600000000000003,0.6,15.963010474011018
9148,88.19999999999999,5.000000000000004,4.600000000000003,0.7000000000000001,15.971073949625199
9149,88.69999999999999,5.100000000000003,4.600000000000003,0.1,15.991182299114794
9150,88.59999999999998,5.100000000000003,4.600000000000003,0.2,15.971184124153142
9151,88.49999999999999,5.100000000000003,4.600000000000003,0.3,15.95745278165619
9152,88.39999999999998,5.100000000000003,4.600000000000003,0.4,15.950021899629723
9153,88.29999999999998,5.100000000000003,4.600000000000003,0.5,15.948868040478224
9154,88.19999999999999,5.100000000000003,4.600000000000003,0.6,15.953912509828479
9155,88.09999999999998,5.100000000000003,4.600000000000003,0.7000000000000001,15.965023822853036
9156,88.6,5.200000000000003,4.600000000000003,0.1,15.973617555475485
9157,88.49999999999999,5.200000000000003,4.600000000000003,0.2,15.956981653293633
9158,88.39999999999999,5.200000000000003,4.600000000000003,0.3,15.946539968873793
9159,88.29999999999998,5.200000000000003,4.600000000000003,0.4,15.942304080775095
9160,88.19999999999999,5.200000000000003,4.600000000000003,0.5,15.94423085930248
9161,88.1,5.200000000000003,4.600000000000003,0.6,15.95222435764912
9162,87.99999999999999,5.200000000000003,4.600000000000003,0.7000000000000001,15.966138302338248
9163,88.5,5.300000000000003,4.600000000000003,0.1,15.964164986561924
9164,88.39999999999999,5.300000000000003,4.600000000000003,0.2,15.95071832158592
9165,88.3,5.300000000000003,4.600000000000003,0.3,15.943374264097562
9166,88.19999999999999,5.300000000000003,4.600000000000003,0.4,15.9421248437356
9167,88.1,5.300000000000003,4.600000000000003,0.5,15.946909690480439
9168,88.0,5.300000000000003,4.600000000000003,0.6,15.957617965049733
9169,87.89999999999999,5.300000000000003,4.600000000000003,0.7000000000000001,15.974090837888712
9170,88.39999999999999,5.400000000000004,4.600000000000003,0.1,15.962479505353045
9171,88.29999999999998,5.400000000000004,4.600000000000003,0.2,15.952042034276579
9172,88.19999999999999,5.400000000000004,4.600000000000003,0.3,15.947599095544609
9173,88.09999999999998,5.400000000000004,4.600000000000003,0.4,15.94912549392971
9174,87.99999999999999,5.400000000000004,4.600000000000003,0.5,15.956545863604257
9175,87.89999999999999,5.400000000000004,4.600000000000003,0.6,15.969736602840367
9176,87.79999999999998,5.400000000000004,4.600000000000003,0.7000000000000001,15.98852831430218
9177,88.3,5.500000000000004,4.600000000000003,0.1,15.96817970012325
9178,88.19999999999999,5.500000000000004,4.600000000000003,0.2,15.960567263510121
9179,88.1,5.500000000000004,4.600000000000003,0.3,15.958827143421942
9180,87.99999999999999,5.500000000000004,4.600000000000003,0.4,15.962919043851816
9181,87.89999999999999,5.500000000000004,4.600000000000003,0.5,15.97275462505442
9182,87.8,5.500000000000004,4.600000000000003,0.6,15.988199415689332
9183,87.69999999999999,5.500000000000004,4.600000000000003,0.7000000000000001,16.00907519519491
9184,92.2,1.5,4.700000000000003,0.1,19.484627142947076
9185,92.1,1.5,4.700000000000003,0.2,19.453958820482733
9186,92.0,1.5,4.700000000000003,0.3,19.41614977459307
9187,91.9,1.5,4.700000000000003,0.4,19.37159451713905
9188,91.8,1.5,4.700000000000003,0.5,19.32076869919231
9189,91.7,1.5,4.700000000000003,0.6,19.264220476628168
9190,91.6,1.5,4.700000000000003,0.7000000000000001,19.202560508240992
9191,92.1,1.6,4.700000000000003,0.1,19.45655017764831
9192,92.0,1.6,4.700000000000003,0.2,19.420564697339575
9193,91.9,1.6,4.700000000000003,0.3,19.377613068833206
9194,91.8,1.6,4.700000000000003,0.4,19.328146743626633
9195,91.7,1.6,4.700000000000003,0.5,19.27269453101213
9196,91.6,1.6,4.700000000000003,0.6,19.2118529960441
9197,91.5,1.6,4.700000000000003,0.7000000000000001,19.1462756104252
9198,92.0,1.7000000000000002,4.700000000000003,0.1,19.41765504183397
9199,91.9,1.7000000000000002,4.700000000000003,0.2,19.37640804547504
9200,91.8,1.7000000000000002,4.700000000000003,0.3,19.328428992135628
9201,91.7,1.7000000000000002,4.700000000000003,0.4,19.274224293981955
9202,91.6,1.7000000000000002,4.700000000000003,0.5,19.214373089761118
9203,91.5,1.7000000000000002,4.700000000000003,0.6,19.149516745076067
9204,91.4,1.7000000000000002,4.700000000000003,0.7000000000000001,19.08034724353946
9205,91.9,1.8000000000000005,4.700000000000003,0.1,19.367902183961554
9206,91.8,1.8000000000000005,4.700000000000003,0.2,19.321509688446
9207,91.7,1.8000000000000005,4.700000000000003,0.3,19.268677633148624
9208,91.6,1.8000000000000005,4.700000000000003,0.4,19.20996463239781
9209,91.5,1.8000000000000005,4.700000000000003,0.5,19.145996592071217
9210,91.4,1.8000000000000005,4.700000000000003,0.6,19.07745539754823
9211,91.3,1.8000000000000005,4.700000000000003,0.7000000000000001,19.005066646181177
9212,91.8,1.9000000000000004,4.700000000000003,0.1,19.3073754184713
9213,91.7,1.9000000000000004,4.700000000000003,0.2,19.25601322868122
9214,91.6,1.9000000000000004,4.700000000000003,0.3,19.19856036324939
9215,91.5,1.9000000000000004,4.700000000000003,0.4,19.135624135063278
9216,91.4,1.9000000000000004,4.700000000000003,0.5,19.06787297112642
9217,91.3,1.9000000000000004,4.700000000000003,0.6,18.99602438757997
9218,91.2,1.9000000000000004,4.700000000000003,0.7000000000000001,18.920832176319685
9219,91.7,2.0000000000000004,4.700000000000003,0.1,19.23628300151587
9220,91.6,2.0000000000000004,4.700000000000003,0.2,19.18018500684661
9221,91.5,2.0000000000000004,4.700000000000003,0.3,19.11839870631578
9222,91.4,2.0000000000000004,4.700000000000003,0.4,19.05157591362166
9223,91.3,2.0000000000000004,4.700000000000003,0.5,18.98042271243511
9224,91.2,2.0000000000000004,4.700000000000003,0.6,18.905686830130787
9225,91.1,2.0000000000000004,4.700000000000003,0.7000000000000001,18.82814440107724
9226,91.6,2.1000000000000005,4.700000000000003,0.1,19.154956488714408
9227,91.5,2.1000000000000005,4.700000000000003,0.2,19.09441186921862
9228,91.4,2.1000000000000005,4.700000000000003,0.3,19.028631063167257
9229,91.3,2.1000000000000005,4.700000000000003,0.4,18.958305559554315
9230,91.2,2.1000000000000005,4.700000000000003,0.5,18.884173694909496
9231,91.1,2.1000000000000005,4.700000000000003,0.6,18.807007547543847
9232,91.0,2.1000000000000005,4.700000000000003,0.7000000000000001,18.727599407407606
9233,91.5,2.2000000000000006,4.700000000000003,0.1,19.063847384399093
9234,91.4,2.2000000000000006,4.700000000000003,0.2,18.999196780871785
9235,91.3,2.2000000000000006,4.700000000000003,0.3,18.929807355710118
9236,91.2,2.2000000000000006,4.700000000000003,0.4,18.856404900190483
9237,91.1,2.2000000000000006,4.700000000000003,0.5,18.779754151643015
9238,91.0,2.2000000000000006,4.700000000000003,0.6,18.700645337838644
9239,90.9,2.2000000000000006,4.700000000000003,0.7000000000000001,18.619880488151164
9240,91.4,2.3000000000000007,4.700000000000003,0.1,18.963521647148767
9241,91.3,2.3000000000000007,4.700000000000003,0.2,18.89515237640716
9242,91.2,2.3000000000000007,4.700000000000003,0.3,18.822581707736024
9243,91.1,2.3000000000000007,4.700000000000003,0.4,18.74656390639813
9244,91.0,2.3000000000000007,4.700000000000003,0.5,18.667883911078444
9245,90.9,2.3000000000000007,4.700000000000003,0.6,18.58734366332137
9246,90.8,2.3000000000000007,4.700000000000003,0.7000000000000001,18.50574839692825
9247,91.3,2.400000000000001,4.700000000000003,0.1,18.85465216985748
9248,91.2,2.400000000000001,4.700000000000003,0.2,18.782992591115708
9249,91.1,2.400000000000001,4.700000000000003,0.3,18.70770332766202
9250,91.0,2.400000000000001,4.700000000000003,0.4,18.6295609370402
9251,90.9,2.400000000000001,4.700000000000003,0.5,18.549364120563563
9252,90.8,2.400000000000001,4.700000000000003,0.6,18.467919975326893
9253,90.7,2.400000000000001,4.700000000000003,0.7000000000000001,18.38603039826465
9254,91.2,2.500000000000001,4.700000000000003,0.1,18.738009402453738
9255,91.1,2.500000000000001,4.700000000000003,0.2,18.663522562256247
9256,91.0,2.500000000000001,4.700000000000003,0.3,18.58600580173695
9257,90.9,2.500000000000001,4.700000000000003,0.4,18.506251544570638
9258,90.8,2.500000000000001,4.700000000000003,0.5,18.42506568932039
9259,90.7,2.500000000000001,4.700000000000003,0.6,18.343253921441455
9260,90.6,2.500000000000001,4.700000000000003,0.7000000000000001,18.261608365239496
9261,91.1,2.600000000000001,4.700000000000003,0.1,18.614450330097966
9262,91.0,2.600000000000001,4.700000000000003,0.2,18.537627031070848
9263,90.9,2.600000000000001,4.700000000000003,0.3,18.458395043035626
9264,90.8,2.600000000000001,4.700000000000003,0.4,18.377556098501895
9265,90.7,2.600000000000001,4.700000000000003,0.5,18.29591671556264
9266,90.6,2.600000000000001,4.700000000000003,0.6,18.214274704495136
9267,90.5,2.600000000000001,4.700000000000003,0.7000000000000001,18.133406195086987
9268,91.0,2.700000000000001,4.700000000000003,0.1,18.48490605786425
9269,90.9,2.700000000000001,4.700000000000003,0.2,18.40625751001687
9270,90.8,2.700000000000001,4.700000000000003,0.3,18.32583617082744
9271,90.7,2.700000000000001,4.700000000000003,0.4,18.244446507964803
9272,90.6,2.700000000000001,4.700000000000003,0.5,18.162889182114636
9273,90.5,2.700000000000001,4.700000000000003,0.6,18.08194787735736
9274,90.4,2.700000000000001,4.700000000000003,0.7000000000000001,18.00237682313135
9275,90.9,2.800000000000001,4.700000000000003,0.1,18.35036828342539
9276,90.8,2.800000000000001,4.700000000000003,0.2,18.27041850549132
9277,90.7,2.800000000000001,4.700000000000003,0.3,18.18933961582685
9278,90.6,2.800000000000001,4.700000000000003,0.4,18.107932340559156
9279,90.5,2.800000000000001,4.700000000000003,0.5,18.0269852159423
9280,90.4,2.800000000000001,4.700000000000003,0.6,17.947261863811345
9281,90.3,2.800000000000001,4.700000000000003,0.7000000000000001,17.869489117056073
9282,90.8,2.900000000000001,4.700000000000003,0.1,18.21187496126332
9283,90.7,2.900000000000001,4.700000000000003,0.2,18.131153103380402
9284,90.6,2.900000000000001,4.700000000000003,0.3,18.04994675890405
9285,90.5,2.900000000000001,4.700000000000003,0.4,17.96904664182816
9286,90.4,2.900000000000001,4.700000000000003,0.5,17.88922320933814
9287,90.3,2.900000000000001,4.700000000000003,0.6,17.811214493531576
9288,90.2,2.900000000000001,4.700000000000003,0.7000000000000001,17.7357149269602
9289,90.7,3.0000000000000013,4.700000000000003,0.1,18.070495474885387
9290,90.6,3.0000000000000013,4.700000000000003,0.2,17.98952823272569
9291,90.5,3.0000000000000013,4.700000000000003,0.3,17.908715413870375
9292,90.4,3.0000000000000013,4.700000000000003,0.4,17.828831757963286
9293,90.3,3.0000000000000013,4.700000000000003,0.5,17.750624094258963
9294,90.2,3.0000000000000013,4.700000000000003,0.6,17.674799828740298
9295,90.1,3.0000000000000013,4.700000000000003,0.7000000000000001,17.60201655238092
9296,90.6,3.1000000000000014,4.700000000000003,0.1,17.927315637232986
9297,90.5,3.1000000000000014,4.700000000000003,0.2,17.846619921624615
9298,90.4,3.1000000000000014,4.700000000000003,0.3,17.76670545908525
9299,90.3,3.1000000000000014,4.700000000000003,0.4,17.688325454055796
9300,90.2,3.1000000000000014,4.700000000000003,0.5,17.61219804693792
9301,90.1,3.1000000000000014,4.700000000000003,0.6,17.538995542056963
9302,90.0,3.1000000000000014,4.700000000000003,0.7000000000000001,17.46933486616787
9303,90.5,3.200000000000001,4.700000000000003,0.1,17.7834228340413
9304,90.4,3.200000000000001,4.700000000000003,0.2,17.703498849457297
9305,90.3,3.200000000000001,4.700000000000003,0.3,17.624964908303408
9306,90.2,3.200000000000001,4.700000000000003,0.4,17.548547601938846
9307,90.1,3.200000000000001,4.700000000000003,0.5,17.474931878098637
9308,90.0,3.200000000000001,4.700000000000003,0.6,17.404751080211476
9309,89.89999999999999,3.200000000000001,4.700000000000003,0.7000000000000001,17.338578307706822
9310,90.4,3.3000000000000016,4.700000000000003,0.1,17.639891610775912
9311,90.3,3.3000000000000016,4.700000000000003,0.2,17.56121648124032
9312,90.2,3.3000000000000016,4.700000000000003,0.3,17.484516689110418
9313,90.1,3.3000000000000016,4.700000000000003,0.4,17.410487686256285
9314,90.0,3.3000000000000016,4.700000000000003,0.5,17.33977733584373
9315,89.9,3.3000000000000016,4.700000000000003,0.6,17.27297681770845
9316,89.8,3.3000000000000016,4.700000000000003,0.7000000000000001,17.21061292562784
9317,90.3,3.4000000000000017,4.700000000000003,0.1,17.497769981656152
9318,90.2,3.4000000000000017,4.700000000000003,0.2,17.420792044198116
9319,90.1,3.4000000000000017,4.700000000000003,0.3,17.34634636845006
9320,89.99999999999999,3.4000000000000017,4.700000000000003,0.4,17.27509334591947
9321,89.89999999999999,3.4000000000000017,4.700000000000003,0.5,17.207640514717333
9322,89.8,3.4000000000000017,4.700000000000003,0.6,17.1445343694191
9323,89.69999999999999,3.4000000000000017,4.700000000000003,0.7000000000000001,17.086253614043287
9324,90.2,3.5000000000000018,4.700000000000003,0.1,17.35806671014418
9325,90.1,3.5000000000000018,4.700000000000003,0.2,17.283200574595284
9326,90.0,3.5000000000000018,4.700000000000003,0.3,17.211391030300238
9327,89.89999999999999,3.5000000000000018,4.700000000000003,0.4,17.143260131810376
9328,89.8,3.5000000000000018,4.700000000000003,0.5,17.07937252684992
9329,89.7,3.5000000000000018,4.700000000000003,0.6,17.020228192762502
9330,89.6,3.5000000000000018,4.700000000000003,0.7000000000000001,16.966256647887562
9331,90.1,3.600000000000002,4.700000000000003,0.1,17.221739775314656
9332,89.99999999999999,3.600000000000002,4.700000000000003,0.2,17.14936222575036
9333,89.89999999999999,3.600000000000002,4.700000000000003,0.3,17.08052947182433
9334,89.79999999999998,3.600000000000002,4.700000000000003,0.4,17.015822621825915
9335,89.69999999999999,3.600000000000002,4.700000000000003,0.5,16.955761550865528
9336,89.6,3.600000000000002,4.700000000000003,0.6,16.900798570010576
9337,89.49999999999999,3.600000000000002,4.700000000000003,0.7000000000000001,16.85131358344118
9338,90.0,3.700000000000002,4.700000000000003,0.1,17.089686199060967
9339,89.89999999999999,3.700000000000002,4.700000000000003,0.2,17.020132987339935
9340,89.8,3.700000000000002,4.700000000000003,0.3,16.954573842737307
9341,89.69999999999999,3.700000000000002,4.700000000000003,0.4,16.893546992564822
9342,89.6,3.700000000000002,4.700000000000003,0.5,16.837526332795903
9343,89.5,3.700000000000002,4.700000000000003,0.6,16.786916020707988
9344,89.39999999999999,3.700000000000002,4.700000000000003,0.7000000000000001,16.742046550973033
9345,89.9,3.800000000000002,4.700000000000003,0.1,16.962733366578345
9346,89.8,3.800000000000002,4.700000000000003,0.2,16.896296923066902
9347,89.7,3.800000000000002,4.700000000000003,0.3,16.834262809639817
9348,89.6,3.800000000000002,4.700000000000003,0.4,16.77712510458188
9349,89.5,3.800000000000002,4.700000000000003,0.5,16.725311172008006
9350,89.4,3.800000000000002,4.700000000000003,0.6,16.679177154592825
9351,89.3,3.800000000000002,4.700000000000003,0.7000000000000001,16.639004928909397
9352,89.8,3.900000000000002,4.700000000000003,0.1,16.84163192848285
9353,89.69999999999999,3.900000000000002,4.700000000000003,0.2,16.778559989983904
9354,89.6,3.900000000000002,4.700000000000003,0.3,16.720256284144032
9355,89.49999999999999,3.900000000000002,4.700000000000003,0.4,16.66717011657902
9356,89.39999999999999,3.900000000000002,4.700000000000003,0.5,16.619682385454954
9357,89.3,3.900000000000002,4.700000000000003,0.6,16.578101938002103
9358,89.19999999999999,3.900000000000002,4.700000000000003,0.7000000000000001,16.542663354208358
9359,89.7,4.000000000000002,4.700000000000003,0.1,16.72705032875233
9360,89.6,4.000000000000002,4.700000000000003,0.2,16.66754545967534
9361,89.5,4.000000000000002,4.700000000000003,0.3,16.613131712123778
9362,89.39999999999999,4.000000000000002,4.700000000000003,0.4,16.564213604481225
9363,89.3,4.000000000000002,4.700000000000003,0.5,16.52112620663103
9364,89.2,4.000000000000002,4.700000000000003,0.6,16.484132312671992
9365,89.1,4.000000000000002,4.700000000000003,0.7000000000000001,16.45342099269949
9366,89.6,4.100000000000002,4.700000000000003,0.1,16.619570959828263
9367,89.49999999999999,4.100000000000002,4.700000000000003,0.2,16.56379092045803
9368,89.39999999999999,4.100000000000002,4.700000000000003,0.3,16.513381882641564
9369,89.29999999999998,4.100000000000002,4.700000000000003,0.4,16.468704125236524
9370,89.19999999999999,4.100000000000002,4.700000000000003,0.5,16.430048042521253
9371,89.1,4.100000000000002,4.700000000000003,0.6,16.39763207605402
9372,88.99999999999999,4.100000000000002,4.700000000000003,0.7000000000000001,16.37160196687407
9373,89.5,4.200000000000003,4.700000000000003,0.1,16.51968790599778
9374,89.39999999999999,4.200000000000003,4.700000000000003,0.2,16.46774680197885
9375,89.3,4.200000000000003,4.700000000000003,0.3,16.42141418015284
9376,89.19999999999999,4.200000000000003,4.700000000000003,0.4,16.381007133386458
9377,89.1,4.200000000000003,4.700000000000003,0.5,16.346772983467357
9378,89.0,4.200000000000003,4.700000000000003,0.6,16.31888790751847
9379,88.89999999999999,4.200000000000003,4.700000000000003,0.7000000000000001,16.297456817601418
9380,89.4,4.3000000000000025,4.700000000000003,0.1,16.42780619973043
9381,89.3,4.3000000000000025,4.700000000000003,0.2,16.379776330108818
9382,89.2,4.3000000000000025,4.700000000000003,0.3,16.3375511733868
9383,89.1,4.3000000000000025,4.700000000000003,0.4,16.301406131776137
9384,89.0,4.3000000000000025,4.700000000000003,0.5,16.271547437893922
9385,88.9,4.3000000000000025,4.700000000000003,0.6,16.24811140563882
9386,88.8,4.3000000000000025,4.700000000000003,0.7000000000000001,16.23116486089953
9387,89.3,4.400000000000002,4.700000000000003,0.1,16.34424248393572
9388,89.19999999999999,4.400000000000002,4.700000000000003,0.2,16.300156791696867
9389,89.1,4.400000000000002,4.700000000000003,0.3,16.262032409565006
9390,88.99999999999999,4.400000000000002,4.700000000000003,0.4,16.23010491678898
9391,88.89999999999999,4.400000000000002,4.700000000000003,0.5,16.20454174668999
9392,88.8,4.400000000000002,4.700000000000003,0.6,16.18544198844857
9393,88.69999999999999,4.400000000000002,4.700000000000003,0.7000000000000001,16.17283729136976
9394,89.2,4.500000000000003,4.700000000000003,0.1,16.2692269468757
9395,89.1,4.500000000000003,4.700000000000003,0.2,16.229081966163232
9396,89.0,4.500000000000003,4.700000000000003,0.3,16.19501726381994
9397,88.89999999999999,4.500000000000003,4.700000000000003,0.4,16.16723076353795
9398,88.8,4.500000000000003,4.700000000000003,0.5,16.145853620924903
9399,88.7,4.500000000000003,4.700000000000003,0.6,16.130950501201124
9400,88.6,4.500000000000003,4.700000000000003,0.7000000000000001,16.12252088015453
9401,89.1,4.600000000000003,4.700000000000003,0.1,16.202906376223755
9402,88.99999999999999,4.600000000000003,4.700000000000003,0.2,16.166665564458377
9403,88.89999999999999,4.600000000000003,4.700000000000003,0.3,16.136588681052995
9404,88.79999999999998,4.600000000000003,4.700000000000003,0.4,16.11283838762543
9405,88.69999999999999,4.600000000000003,4.700000000000003,0.5,16.09551224146164
9406,88.6,4.600000000000003,4.700000000000003,0.6,16.084643374588236
9407,88.49999999999999,4.600000000000003,4.700000000000003,0.7000000000000001,16.08020211701693
9408,89.0,4.700000000000003,4.700000000000003,0.1,16.14534816477466
9409,88.89999999999999,4.700000000000003,4.700000000000003,0.2,16.11294550572097
9410,88.8,4.700000000000003,4.700000000000003,0.3,16.08675764102515
9411,88.69999999999999,4.700000000000003,4.700000000000003,0.4,16.066914517267385
9412,88.6,4.700000000000003,4.700000000000003,0.5,16.05348285966324
9413,88.5,4.700000000000003,4.700000000000003,0.6,16.046467180213813
9414,88.39999999999999,4.700000000000003,4.700000000000003,0.7000000000000001,16.045811652900106
9415,88.9,4.8000000000000025,4.700000000000003,0.1,16.096545092612345
9416,88.8,4.8000000000000025,4.700000000000003,0.2,16.067888857936893
9417,88.7,4.8000000000000025,4.700000000000003,0.3,16.045468176975973
9418,88.6,4.8000000000000025,4.700000000000003,0.4,16.029382912417393
9419,88.5,4.8000000000000025,4.700000000000003,0.5,16.019671744311747
9420,88.4,4.8000000000000025,4.700000000000003,0.6,16.016313438822976
9421,88.3,4.8000000000000025,4.700000000000003,0.7000000000000001,16.019228910460132
9422,88.8,4.900000000000003,4.700000000000003,0.1,16.05642070893191
9423,88.69999999999999,4.900000000000003,4.700000000000003,0.2,16.031397270710606
9424,88.6,4.900000000000003,4.700000000000003,0.3,16.012602783084322
9425,88.49999999999999,4.900000000000003,4.700000000000003,0.4,16.00010967548552
9426,88.39999999999999,4.900000000000003,4.700000000000003,0.5,15.993931330443946
9427,88.3,4.900000000000003,4.700000000000003,0.6,15.994023549640989
9428,88.19999999999999,4.900000000000003,4.700000000000003,0.7000000000000001,16.000286744803645
9429,88.7,5.000000000000004,4.700000000000003,0.1,16.02483514078256
9430,88.6,5.000000000000004,4.700000000000003,0.2,16.00331273539328
9431,88.5,5.000000000000004,4.700000000000003,0.3,15.987988056001754
9432,88.39999999999999,5.000000000000004,4.700000000000003,0.4,15.978908710623118
9433,88.3,5.000000000000004,4.700000000000003,0.5,15.976065440279513
9434,88.2,5.000000000000004,4.700000000000003,0.6,15.979393725349691
9435,88.1,5.000000000000004,4.700000000000003,0.7000000000000001,15.988776054123498
9436,88.6,5.100000000000003,4.700000000000003,0.1,16.0015911651561
9437,88.49999999999999,5.100000000000003,4.700000000000003,0.2,15.983423519585294
9438,88.39999999999999,5.100000000000003,4.700000000000003,0.3,15.971400429743914
9439,88.29999999999998,5.100000000000003,4.700000000000003,0.4,15.965547204510667
9440,88.19999999999999,5.100000000000003,4.700000000000003,0.5,15.96583446389657
9441,88.1,5.100000000000003,4.700000000000003,0.6,15.972179835806958
9442,87.99999999999999,5.100000000000003,4.700000000000003,0.7000000000000001,15.98445025918051
9443,88.5,5.200000000000003,4.700000000000003,0.1,15.986440394346943
9444,88.39999999999999,5.200000000000003,4.700000000000003,0.2,15.97147013862777
9445,88.3,5.200000000000003,4.700000000000003,0.3,15.962571880543672
9446,88.19999999999999,5.200000000000003,4.700000000000003,0.4,15.959751020224274
9447,88.1,5.200000000000003,4.700000000000003,0.5,15.962960406853053
9448,88.0,5.200000000000003,4.700000000000003,0.6,15.972102083642168
9449,87.89999999999999,5.200000000000003,4.700000000000003,0.7000000000000001,15.987029590674725
9450,88.4,5.300000000000003,4.700000000000003,0.1,15.979089441494242
9451,88.3,5.300000000000003,4.700000000000003,0.2,15.967151245209484
9452,88.2,5.300000000000003,4.700000000000003,0.3,15.961195497906532
9453,88.1,5.300000000000003,4.700000000000003,0.4,15.961209916104394
9454,88.0,5.300000000000003,4.700000000000003,0.5,15.967131732592986
9455,87.9,5.300000000000003,4.700000000000003,0.6,15.978849455382937
9456,87.8,5.300000000000003,4.700000000000003,0.7000000000000001,15.996205143559068
9457,88.3,5.400000000000004,4.700000000000003,0.1,15.979205952749812
9458,88.19999999999999,5.400000000000004,4.700000000000003,0.2,15.970129338679408
9459,88.1,5.400000000000004,4.700000000000003,0.3,15.966930839091978
9460,87.99999999999999,5.400000000000004,4.700000000000003,0.4,15.96958252263866
9461,87.89999999999999,5.400000000000004,4.700000000000003,0.5,15.978007948265798
9462,87.8,5.400000000000004,4.700000000000003,0.6,15.992083911871536
9463,87.69999999999999,5.400000000000004,4.700000000000003,0.7000000000000001,16.011642676406563
9464,88.2,5.500000000000004,4.700000000000003,0.1,15.986424413626873
9465,88.1,5.500000000000004,4.700000000000003,0.2,15.98003621709827
9466,88.0,5.500000000000004,4.700000000000003,0.3,15.97940900561183
9467,87.89999999999999,5.500000000000004,4.700000000000003,0.4,15.98450103126591
9468,87.8,5.500000000000004,4.700000000000003,0.5,15.995223902632336
9469,87.7,5.500000000000004,4.700000000000003,0.6,16.01144430057704
9470,87.6,5.500000000000004,4.700000000000003,0.7000000000000001,16.032986151280113
9471,92.1,1.5,4.8000000000000025,0.1,19.421250261206055
9472,92.0,1.5,4.8000000000000025,0.2,19.38758378759986
9473,91.9,1.5,4.8000000000000025,0.3,19.34713903342431
9474,91.8,1.5,4.8000000000000025,0.4,19.300341826532367
9475,91.7,1.5,4.8000000000000025,0.5,19.247693170190672
9476,91.6,1.5,4.8000000000000025,0.6,19.189760133676664
9477,91.5,1.5,4.8000000000000025,0.7000000000000001,19.127165528889698
9478,92.0,1.6,4.8000000000000025,0.1,19.38882173050763
9479,91.9,1.6,4.8000000000000025,0.2,19.350054355560097
9480,91.8,1.6,4.8000000000000025,0.3,19.30471392880133
9481,91.7,1.6,4.8000000000000025,0.4,19.25327977956092
9482,91.6,1.6,4.8000000000000025,0.5,19.19630218209692
9483,91.5,1.6,4.8000000000000025,0.6,19.134392366994188
9484,91.4,1.6,4.8000000000000025,0.7000000000000001,19.06821144740338
9485,91.9,1.7000000000000002,4.8000000000000025,0.1,19.345883978553456
9486,91.8,1.7000000000000002,4.8000000000000025,0.2,19.30210595377134
9487,91.7,1.7000000000000002,4.8000000000000025,0.3,19.252016791903717
9488,91.6,1.7000000000000002,4.8000000000000025,0.4,19.196146896191642
9489,91.5,1.7000000000000002,4.8000000000000025,0.5,19.1350925985054
9490,91.4,1.7000000000000002,4.8000000000000025,0.6,19.069505369881195
9491,91.3,1.7000000000000002,4.8000000000000025,0.7000000000000001,19.00008009022876
9492,91.8,1.8000000000000005,4.8000000000000025,0.1,19.29245577658823
9493,91.7,1.8000000000000005,4.8000000000000025,0.2,19.243815123115468
9494,91.6,1.8000000000000005,4.8000000000000025,0.3,19.189180313976884
9495,91.5,1.8000000000000005,4.8000000000000025,0.4,19.12912967125741
9496,91.4,1.8000000000000005,4.8000000000000025,0.5,19.064301698240037
9497,91.3,1.8000000000000005,4.8000000000000025,0.6,18.995383581285566
9498,91.2,1.8000000000000005,4.8000000000000025,0.7000000000000001,18.923098908644672
9499,91.7,1.9000000000000004,4.8000000000000025,0.1,19.22867530769364
9500,91.6,1.9000000000000004,4.8000000000000025,0.2,19.17537658217293
9501,91.5,1.9000000000000004,4.8000000000000025,0.3,19.116453271331363
9502,91.4,1.9000000000000004,4.8000000000000025,0.4,19.05252777756814
9503,91.3,1.9000000000000004,4.8000000000000025,0.5,18.984276274695628
9504,91.2,1.9000000000000004,4.8000000000000025,0.6,18.912416605620372
9505,91.1,1.9000000000000004,4.8000000000000025,0.7000000000000001,18.837695565767802
9506,91.6,2.0000000000000004,4.8000000000000025,0.1,19.15480010167122
9507,91.5,2.0000000000000004,4.8000000000000025,0.2,19.09710210210566
9508,91.4,2.0000000000000004,4.8000000000000025,0.3,19.034198378796365
9509,91.3,2.0000000000000004,4.8000000000000025,0.4,18.966750951741176
9510,91.2,2.0000000000000004,4.8000000000000025,0.5,18.895468621706346
9511,91.1,2.0000000000000004,4.8000000000000025,0.6,18.821094378492756
9512,91.0,2.0000000000000004,4.8000000000000025,0.7000000000000001,18.744392372171898
9513,91.5,2.1000000000000005,4.8000000000000025,0.1,19.07120484218981
9514,91.4,2.1000000000000005,4.8000000000000025,0.2,19.00941729593532
9515,91.3,2.1000000000000005,4.8000000000000025,0.3,18.942888118981113
9516,91.2,2.1000000000000005,4.8000000000000025,0.4,18.872313935193407
9517,91.1,2.1000000000000005,4.8000000000000025,0.5,18.79843067018496
9518,91.0,2.1000000000000005,4.8000000000000025,0.6,18.72200059308383
9519,90.9,2.1000000000000005,4.8000000000000025,0.7000000000000001,18.64379910408354
9520,91.4,2.2000000000000006,4.8000000000000025,0.1,18.978377084706736
9521,91.3,2.2000000000000006,4.8000000000000025,0.2,18.91285638729144
9522,91.2,2.2000000000000006,4.8000000000000025,0.3,18.843098637540724
9523,91.1,2.2000000000000006,4.8000000000000025,0.4,18.769829583761723
9524,91.0,2.2000000000000006,4.8000000000000025,0.5,18.693806410056048
9525,90.9,2.2000000000000006,4.8000000000000025,0.6,18.615804540240184
9526,90.8,2.2000000000000006,4.8000000000000025,0.7000000000000001,18.53660437299369
9527,91.3,2.3000000000000007,4.8000000000000025,0.1,18.87691097598503
9528,91.2,2.3000000000000007,4.8000000000000025,0.2,18.80805507413073
9529,91.1,2.3000000000000007,4.8000000000000025,0.3,18.735501842638076
9530,91.0,2.3000000000000007,4.8000000000000025,0.4,18.660000304488722
9531,90.9,2.3000000000000007,4.8000000000000025,0.5,18.582322773720815
9532,90.8,2.3000000000000007,4.8000000000000025,0.6,18.503251553339165
9533,90.7,2.3000000000000007,4.8000000000000025,0.7000000000000001,18.423565749531274
9534,91.2,2.400000000000001,4.8000000000000025,0.1,18.767499115592468
9535,91.1,2.400000000000001,4.8000000000000025,0.2,18.695741649802102
9536,91.0,2.400000000000001,4.8000000000000025,0.3,18.620855890496003
9537,90.9,2.400000000000001,4.8000000000000025,0.4,18.543608018226266
9538,90.8,2.400000000000001,4.8000000000000025,0.5,18.464779193480293
9539,90.7,2.400000000000001,4.8000000000000025,0.6,18.385152280990216
9540,90.6,2.400000000000001,4.8000000000000025,0.7000000000000001,18.305498872077084
9541,91.1,2.500000000000001,4.8000000000000025,0.1,18.650922745003434
9542,91.0,2.500000000000001,4.8000000000000025,0.2,18.57672658566785
9543,90.9,2.500000000000001,4.8000000000000025,0.3,18.49999427697133
9544,90.8,2.500000000000001,4.8000000000000025,0.4,18.421502880627823
9545,90.7,2.500000000000001,4.8000000000000025,0.5,18.342036074901614
9546,90.6,2.500000000000001,4.8000000000000025,0.6,18.262371035675795
9547,90.5,2.500000000000001,4.8000000000000025,0.7000000000000001,18.18326579105156
9548,91.0,2.600000000000001,4.8000000000000025,0.1,18.528040489417254
9549,90.9,2.600000000000001,4.8000000000000025,0.2,18.45189081499536
9550,90.8,2.600000000000001,4.8000000000000025,0.3,18.373813786298346
9551,90.7,2.600000000000001,4.8000000000000025,0.4,18.294591020810163
9552,90.6,2.600000000000001,4.8000000000000025,0.5,18.215002450182954
9553,90.5,2.600000000000001,4.8000000000000025,0.6,18.135813483823256
9554,90.4,2.600000000000001,4.8000000000000025,0.7000000000000001,18.057762812550962
9555,90.9,2.700000000000001,4.8000000000000025,0.1,18.399775909957125
9556,90.8,2.700000000000001,4.8000000000000025,0.2,18.322172985952747
9557,90.7,2.700000000000001,4.8000000000000025,0.3,18.243261571642467
9558,90.6,2.700000000000001,4.8000000000000025,0.4,18.16382157572473
9559,90.5,2.700000000000001,4.8000000000000025,0.5,18.084623089580713
9560,90.4,2.700000000000001,4.8000000000000025,0.6,18.006413952117455
9561,90.3,2.700000000000001,4.8000000000000025,0.7000000000000001,17.92990810978488
9562,90.8,2.800000000000001,4.8000000000000025,0.1,18.267104148586785
9563,90.7,2.800000000000001,4.8000000000000025,0.2,18.18855597149666
9564,90.6,2.800000000000001,4.8000000000000025,0.3,18.10932165725999
9565,90.5,2.800000000000001,4.8000000000000025,0.4,18.03017330864264
9566,90.4,2.800000000000001,4.8000000000000025,0.5,17.951865354622946
9567,90.3,2.800000000000001,4.8000000000000025,0.6,17.875122625997193
9568,90.2,2.800000000000001,4.8000000000000025,0.7000000000000001,17.800629367617383
9569,90.7,2.900000000000001,4.8000000000000025,0.1,18.131037964230845
9570,90.6,2.900000000000001,4.8000000000000025,0.2,18.052052935252398
9571,90.5,2.900000000000001,4.8000000000000025,0.3,17.97300115856934
9572,90.4,2.900000000000001,4.8000000000000025,0.4,17.89464110197885
9573,90.3,2.900000000000001,4.8000000000000025,0.5,17.817706074168818
9574,90.2,2.900000000000001,4.8000000000000025,0.6,17.742892909396524
9575,90.1,2.900000000000001,4.8000000000000025,0.7000000000000001,17.670851714752285
9576,90.6,3.0000000000000013,4.8000000000000025,0.1,17.992613465874644
9577,90.5,3.0000000000000013,4.8000000000000025,0.2,17.91369325499147
9578,90.4,3.0000000000000013,4.8000000000000025,0.3,17.8353165142999
9579,90.3,3.0000000000000013,4.8000000000000025,0.4,17.75822260812485
9580,90.2,3.0000000000000013,4.8000000000000025,0.5,17.683118713693077
9581,90.1,3.0000000000000013,4.8000000000000025,0.6,17.6106692003478
9582,90.0,3.0000000000000013,4.8000000000000025,0.7000000000000001,17.54148618031005
9583,90.5,3.1000000000000014,4.8000000000000025,0.1,17.85287584683347
9584,90.4,3.1000000000000014,4.8000000000000025,0.2,17.774508599152522
9585,90.3,3.1000000000000014,4.8000000000000025,0.3,17.697280014404075
9586,90.2,3.1000000000000014,4.8000000000000025,0.4,17.62190532747281
9587,90.1,3.1000000000000014,4.8000000000000025,0.5,17.549061090064964
9588,90.00000000000001,3.1000000000000014,4.8000000000000025,0.6,17.4793753157653
9589,89.9,3.1000000000000014,4.8000000000000025,0.7000000000000001,17.413418887528792
9590,90.4,3.200000000000001,4.8000000000000025,0.1,17.71286541420768
9591,90.3,3.200000000000001,4.8000000000000025,0.2,17.635519437477285
9592,90.2,3.200000000000001,4.8000000000000025,0.3,17.55988688917975
9593,90.1,3.200000000000001,4.8000000000000025,0.4,17.486654361114933
9594,90.0,3.200000000000001,4.8000000000000025,0.5,17.416463859384127
9595,89.9,3.200000000000001,4.8000000000000025,0.6,17.34990377150158
9596,89.8,3.200000000000001,4.8000000000000025,0.7000000000000001,17.28750116809713
9597,90.3,3.3000000000000016,4.8000000000000025,0.1,17.57360418936562
9598,90.2,3.3000000000000016,4.8000000000000025,0.2,17.497722244958045
9599,90.1,3.3000000000000016,4.8000000000000025,0.3,17.424103199896994
9600,90.0,3.3000000000000016,4.8000000000000025,0.4,17.353401057739127
9601,89.9,3.3000000000000016,4.8000000000000025,0.5,17.286219975166794
9602,89.80000000000001,3.3000000000000016,4.8000000000000025,0.6,17.223106091726784
9603,89.7,3.3000000000000016,4.8000000000000025,0.7000000000000001,17.164540747349633
9604,90.2,3.4000000000000017,4.8000000000000025,0.1,17.43608332995871
9605,90.1,3.4000000000000017,4.8000000000000025,0.2,17.362077629876598
9606,90.0,3.4000000000000017,4.8000000000000025,0.3,17.29085474021055
9607,89.89999999999999,3.4000000000000017,4.8000000000000025,0.4,17.223032741149616
9608,89.8,3.4000000000000017,4.8000000000000025,0.5,17.159175279546186
9609,89.7,3.4000000000000017,4.8000000000000025,0.6,17.099784286060572
9610,89.6,3.4000000000000017,4.8000000000000025,0.7000000000000001,17.04529411449579
9611,90.1,3.5000000000000018,4.8000000000000025,0.1,17.301251592538286
9612,90.0,3.5000000000000018,4.8000000000000025,0.2,17.229499582910634
9613,89.9,3.5000000000000018,4.8000000000000025,0.3,17.16101712199174
9614,89.8,3.5000000000000018,4.8000000000000025,0.4,17.096383667900135
9615,89.7,3.5000000000000018,4.8000000000000025,0.5,17.036120352469037
9616,89.60000000000001,3.5000000000000018,4.8000000000000025,0.6,16.980683595017762
9617,89.5,3.5000000000000018,4.8000000000000025,0.7000000000000001,16.930460154528387
9618,90.0,3.600000000000002,4.8000000000000025,0.1,17.170005018550462
9619,89.89999999999999,3.600000000000002,4.8000000000000025,0.2,17.1008460063892
9620,89.8,3.600000000000002,4.8000000000000025,0.3,17.0354071802749
9621,89.69999999999999,3.600000000000002,4.8000000000000025,0.4,16.97422732509964
9622,89.6,3.600000000000002,4.8000000000000025,0.5,16.917783704507872
9623,89.5,3.600000000000002,4.8000000000000025,0.6,16.86648656556139
9624,89.39999999999999,3.600000000000002,4.8000000000000025,0.7000000000000001,16.820675080788583
9625,89.9,3.700000000000002,4.8000000000000025,0.1,17.043177986691415
9626,89.8,3.700000000000002,4.8000000000000025,0.2,16.976910642191715
9627,89.7,3.700000000000002,4.8000000000000025,0.3,16.914775791188283
9628,89.6,3.700000000000002,4.8000000000000025,0.4,16.85727013794078
9629,89.5,3.700000000000002,4.8000000000000025,0.5,16.80482635924053
9630,89.4,3.700000000000002,4.8000000000000025,0.6,16.75780848022804
9631,89.3,3.700000000000002,4.8000000000000025,0.7000000000000001,16.71650867062952
9632,89.80000000000001,3.800000000000002,4.8000000000000025,0.1,16.921535732743934
9633,89.7,3.800000000000002,4.8000000000000025,0.2,16.858416474932785
9634,89.60000000000001,3.800000000000002,4.8000000000000025,0.3,16.7998021554463
9635,89.5,3.800000000000002,4.8000000000000025,0.4,16.7461466162875
9636,89.4,3.800000000000002,4.8000000000000025,0.5,16.69783783250399
9637,89.30000000000001,3.800000000000002,4.8000000000000025,0.6,16.65519412665998
9638,89.2,3.800000000000002,4.8000000000000025,0.7000000000000001,16.618461772396184
9639,89.7,3.900000000000002,4.8000000000000025,0.1,16.80576839552542
9640,89.6,3.900000000000002,4.8000000000000025,0.2,16.746010645378842
9641,89.5,3.900000000000002,4.8000000000000025,0.3,16.691089559590516
9642,89.39999999999999,3.900000000000002,4.8000000000000025,0.4,16.641415931055807
9643,89.3,3.900000000000002,4.8000000000000025,0.5,16.59733347944737
9644,89.2,3.900000000000002,4.8000000000000025,0.6,16.559115860595753
9645,89.1,3.900000000000002,4.8000000000000025,0.7000000000000001,16.526965021074314
9646,89.60000000000001,4.000000000000002,4.8000000000000025,0.1,16.69648660586262
9647,89.5,4.000000000000002,4.8000000000000025,0.2,16.640260868848483
9648,89.4,4.000000000000002,4.8000000000000025,0.3,16.58916258896161
9649,89.3,4.000000000000002,4.8000000000000025,0.4,16.543559875325926
9650,89.2,4.000000000000002,4.8000000000000025,0.5,16.503753147287323
9651,89.10000000000001,4.000000000000002,4.8000000000000025,0.6,16.469972885426646
9652,89.0,4.000000000000002,4.8000000000000025,0.7000000000000001,16.44237867333096
9653,89.5,4.100000000000002,4.8000000000000025,0.1,16.594218595879045
9654,89.39999999999999,4.100000000000002,4.8000000000000025,0.2,16.54165331589313
9655,89.3,4.100000000000002,4.8000000000000025,0.3,16.494465731509607
9656,89.19999999999999,4.100000000000002,4.8000000000000025,0.4,16.45298213317775
9657,89.1,4.100000000000002,4.8000000000000025,0.5,16.41746104293773
9658,89.0,4.100000000000002,4.8000000000000025,0.6,16.388091646128846
9659,88.89999999999999,4.100000000000002,4.8000000000000025,0.7000000000000001,16.364993450953826
9660,89.4,4.200000000000003,4.8000000000000025,0.1,16.49940876951551
9661,89.3,4.200000000000003,4.8000000000000025,0.2,16.450591878919326
9662,89.2,4.200000000000003,4.8000000000000025,0.3,16.407363280975392
9663,89.1,4.200000000000003,4.8000000000000025,0.4,16.370008751997442
9664,89.0,4.200000000000003,4.8000000000000025,0.5,16.33874670097234
9665,88.9,4.200000000000003,4.8000000000000025,0.6,16.313727215328157
9666,88.8,4.200000000000003,4.8000000000000025,0.7000000000000001,16.29503226536139
9667,89.30000000000001,4.3000000000000025,4.8000000000000025,0.1,16.41241764310712
9668,89.2,4.3000000000000025,4.8000000000000025,0.2,16.367398719488637
9669,89.10000000000001,4.3000000000000025,4.8000000000000025,0.3,16.328140422473332
9670,89.0,4.3000000000000025,4.8000000000000025,0.4,16.294889692102846
9671,88.9,4.3000000000000025,4.8000000000000025,0.5,16.267826919191652
9672,88.80000000000001,4.3000000000000025,4.8000000000000025,0.6,16.247065534818397
9673,88.7,4.3000000000000025,4.8000000000000025,0.7000000000000001,16.23265268513975
9674,89.2,4.400000000000002,4.8000000000000025,0.1,16.33352303781541
9675,89.1,4.400000000000002,4.8000000000000025,0.2,16.29231596749566
9676,89.0,4.400000000000002,4.8000000000000025,0.3,16.257005363620134
9677,88.89999999999999,4.400000000000002,4.8000000000000025,0.4,16.227801311392305
9678,88.8,4.400000000000002,4.8000000000000025,0.5,16.204848516683604
9679,88.7,4.400000000000002,4.8000000000000025,0.6,16.188226367182615
9680,88.6,4.400000000000002,4.8000000000000025,0.7000000000000001,16.17795000348222
9681,89.10000000000001,4.500000000000003,4.8000000000000025,0.1,16.262922384342776
9682,89.0,4.500000000000003,4.8000000000000025,0.2,16.225508425727647
9683,88.9,4.500000000000003,4.8000000000000025,0.3,16.194092360403506
9684,88.8,4.500000000000003,4.8000000000000025,0.4,16.168849632515496
9685,88.7,4.500000000000003,4.8000000000000025,0.5,16.149891762737024
9686,88.60000000000001,4.500000000000003,4.8000000000000025,0.6,16.137266809176058
9687,88.5,4.500000000000003,4.8000000000000025,0.7000000000000001,16.130960762760168
9688,89.0,4.600000000000003,4.8000000000000025,0.1,16.200735984984902
9689,88.89999999999999,4.600000000000003,4.8000000000000025,0.2,16.167067121663223
9690,88.8,4.600000000000003,4.8000000000000025,0.3,16.1394654790449
9691,88.69999999999999,4.600000000000003,4.8000000000000025,0.4,16.11807423574427
9692,88.6,4.600000000000003,4.8000000000000025,0.5,16.102974324112644
9693,88.5,4.600000000000003,4.8000000000000025,0.6,16.094185220928043
9694,88.39999999999999,4.600000000000003,4.8000000000000025,0.7000000000000001,16.091666598837023
9695,88.9,4.700000000000003,4.8000000000000025,0.1,16.14701106881744
9696,88.8,4.700000000000003,4.8000000000000025,0.2,16.117013542753366
9697,88.7,4.700000000000003,4.8000000000000025,0.3,16.09312293303599
9698,88.6,4.700000000000003,4.8000000000000025,0.4,16.07545262201791
9699,88.5,4.700000000000003,4.8000000000000025,0.5,16.06405558261491
9700,88.4,4.700000000000003,4.8000000000000025,0.6,16.0589254323195
9701,88.3,4.700000000000003,4.8000000000000025,0.7000000000000001,16.059998277572646
9702,88.80000000000001,4.8000000000000025,4.8000000000000025,0.1,16.101726472545998
9703,88.7,4.8000000000000025,4.8000000000000025,0.2,16.07530439160113
9704,88.60000000000001,4.8000000000000025,4.8000000000000025,0.3,16.055001837958468
9705,88.5,4.8000000000000025,4.8000000000000025,0.4,16.040904897080893
9706,88.4,4.8000000000000025,4.8000000000000025,0.5,16.03304118407198
9707,88.30000000000001,4.8000000000000025,4.8000000000000025,0.6,16.031381099441475
9708,88.2,4.8000000000000025,4.8000000000000025,0.7000000000000001,16.03583980952731
9709,88.7,4.900000000000003,4.8000000000000025,0.1,16.06479778194158
9710,88.6,4.900000000000003,4.8000000000000025,0.2,16.04183670297474
9711,88.5,4.900000000000003,4.8000000000000025,0.3,16.024983235084044
9712,88.39999999999999,4.900000000000003,4.8000000000000025,0.4,16.014298638583497
9713,88.3,4.900000000000003,4.8000000000000025,0.5,16.009787693003084
9714,88.2,4.900000000000003,4.8000000000000025,0.6,16.011400099052572
9715,88.1,4.900000000000003,4.8000000000000025,0.7000000000000001,16.01903254532751
9716,88.60000000000001,5.000000000000004,4.8000000000000025,0.1,16.03608277631345
9717,88.5,5.000000000000004,4.8000000000000025,0.2,16.016453174829046
9718,88.4,5.000000000000004,4.8000000000000025,0.3,16.00289724738919
9719,88.3,5.000000000000004,4.8000000000000025,0.4,15.995453822697321
9720,88.2,5.000000000000004,4.8000000000000025,0.5,15.994107243593907
9721,88.10000000000001,5.000000000000004,4.8000000000000025,0.6,15.998788866550257
9722,88.0,5.000000000000004,4.8000000000000025,0.7000000000000001,16.00937917259241
9723,88.5,5.100000000000003,4.8000000000000025,0.1,16.015387030451343
9724,88.39999999999999,5.100000000000003,4.8000000000000025,0.2,15.998947579710169
9725,88.3,5.100000000000003,4.8000000000000025,0.3,15.988528247679362
9726,88.19999999999999,5.100000000000003,4.8000000000000025,0.4,15.984147704329938
9727,88.1,5.100000000000003,4.8000000000000025,0.5,15.985772096198016
9728,88.0,5.100000000000003,4.8000000000000025,0.6,15.993316602217229
9729,87.89999999999999,5.100000000000003,4.8000000000000025,0.7000000000000001,16.00664755480116
9730,88.4,5.200000000000003,4.8000000000000025,0.1,16.00246954408732
9731,88.3,5.200000000000003,4.8000000000000025,0.2,15.989070140207497
9732,88.2,5.200000000000003,4.8000000000000025,0.3,15.981619937086762
9733,88.1,5.200000000000003,4.8000000000000025,0.4,15.980119564465085
9734,88.0,5.200000000000003,4.8000000000000025,0.5,15.984519028482902
9735,87.9,5.200000000000003,4.8000000000000025,0.6,15.994719290452434
9736,87.8,5.200000000000003,4.8000000000000025,0.7000000000000001,16.010574372078537
9737,88.30000000000001,5.300000000000003,4.8000000000000025,0.1,15.997048287281967
9738,88.2,5.300000000000003,4.8000000000000025,0.2,15.986532771558526
9739,88.10000000000001,5.300000000000003,4.8000000000000025,0.3,15.981880252328434
9740,88.0,5.300000000000003,4.8000000000000025,0.4,15.983075258547425
9741,87.9,5.300000000000003,4.8000000000000025,0.5,15.990053510595732
9742,87.80000000000001,5.300000000000003,4.8000000000000025,0.6,16.002703496424726
9743,87.7,5.300000000000003,4.8000000000000025,0.7000000000000001,16.020868542710407
9744,88.2,5.400000000000004,4.8000000000000025,0.1,15.998805570280885
9745,88.1,5.400000000000004,4.8000000000000025,0.2,15.991014115145639
9746,88.0,5.400000000000004,4.8000000000000025,0.3,15.988986040830572
9747,87.89999999999999,5.400000000000004,4.8000000000000025,0.4,15.9926915202362
9748,87.8,5.400000000000004,4.8000000000000025,0.5,16.00205363343199
9749,87.7,5.400000000000004,4.8000000000000025,0.6,16.016949923241125
9750,87.6,5.400000000000004,4.8000000000000025,0.7000000000000001,16.03721442147594
9751,88.10000000000001,5.500000000000004,4.8000000000000025,0.1,16.007393167357677
9752,88.0,5.500000000000004,4.8000000000000025,0.2,16.002164307502717
9753,87.9,5.500000000000004,4.8000000000000025,0.3,16.00258746322099
9754,87.8,5.500000000000004,4.8000000000000025,0.4,16.008619994391736
9755,87.7,5.500000000000004,4.8000000000000025,0.5,16.020173777427352
9756,87.60000000000001,5.500000000000004,4.8000000000000025,0.6,16.037116729544575
9757,87.5,5.500000000000004,4.8000000000000025,0.7000000000000001,16.059274785923407
9758,92.0,1.5,4.900000000000003,0.1,19.353777879667863
9759,91.9,1.5,4.900000000000003,0.2,19.317451649305543
9760,91.8,1.5,4.900000000000003,0.3,19.274732841612803
9761,91.7,1.5,4.900000000000003,0.4,19.226073811534548
9762,91.6,1.5,4.900000000000003,0.5,19.171995854801615
9763,91.5,1.5,4.900000000000003,0.6,19.11307973371675
9764,91.4,1.5,4.900000000000003,0.7000000000000001,19.04995514544488
9765,91.9,1.6,4.900000000000003,0.1,19.317362764507735
9766,91.8,1.6,4.900000000000003,0.2,19.27617626548183
9767,91.7,1.6,4.900000000000003,0.3,19.228829640415366
9768,91.6,1.6,4.900000000000003,0.4,19.175825017617726
9769,91.5,1.6,4.900000000000003,0.5,19.117728859397246
9770,91.4,1.6,4.900000000000003,0.6,19.055161701597374
9771,91.3,1.6,4.900000000000003,0.7000000000000001,18.98878697071172
9772,91.8,1.7000000000000002,4.900000000000003,0.1,19.27078958761763
9773,91.7,1.7000000000000002,4.900000000000003,0.2,19.224864518535043
9774,91.6,1.7000000000000002,4.900000000000003,0.3,19.17306528806942
9775,91.5,1.7000000000000002,4.900000000000003,0.4,19.115940980121508
9776,91.4,1.7000000000000002,4.900000000000003,0.5,19.05409968928227
9777,91.3,1.7000000000000002,4.900000000000003,0.6,18.988197559226936
9778,91.2,1.7000000000000002,4.900000000000003,0.7000000000000001,18.91892704711343
9779,91.7,1.8000000000000005,4.900000000000003,0.1,19.214131185674912
9780,91.6,1.8000000000000005,4.900000000000003,0.2,19.16364398387602
9781,91.5,1.8000000000000005,4.900000000000003,0.3,19.1076200250117
9782,91.4,1.8000000000000005,4.900000000000003,0.4,19.0466518614077
9783,91.3,1.8000000000000005,4.900000000000003,0.5,18.98138507827157
9784,91.2,1.8000000000000005,4.900000000000003,0.6,18.91250672823747
9785,91.1,1.8000000000000005,4.900000000000003,0.7000000000000001,18.840733151479206
9786,91.6,1.9000000000000004,4.900000000000003,0.1,19.14757511819892
9787,91.5,1.9000000000000004,4.900000000000003,0.2,19.092755139269805
9788,91.4,1.9000000000000004,4.900000000000003,0.3,19.03278437313485
9789,91.29999999999998,1.9000000000000004,4.900000000000003,0.4,18.968294736350572
9790,91.2,1.9000000000000004,4.900000000000003,0.5,18.899964620693112
9791,91.1,1.9000000000000004,4.900000000000003,0.6,18.82850683156027
9792,91.0,1.9000000000000004,4.900000000000003,0.7000000000000001,18.75465608017275
9793,91.5,2.0000000000000004,4.900000000000003,0.1,19.07142255134369
9794,91.4,2.0000000000000004,4.900000000000003,0.2,19.01254925515379
9795,91.3,2.0000000000000004,4.900000000000003,0.3,18.948956081646354
9796,91.2,2.0000000000000004,4.900000000000003,0.4,18.881309656555857
9797,91.1,2.0000000000000004,4.900000000000003,0.5,18.810316029029057
9798,91.0,2.0000000000000004,4.900000000000003,0.6,18.73670822996399
9799,90.9,2.0000000000000004,4.900000000000003,0.7000000000000001,18.66123355837186
9800,91.4,2.1000000000000005,4.900000000000003,0.1,18.986085121765427
9801,91.3,2.1000000000000005,4.900000000000003,0.2,18.923484321630607
9802,91.2,2.1000000000000005,4.900000000000003,0.3,18.85663518388434
9803,91.1,2.1000000000000005,4.900000000000003,0.4,18.786233915943328
9804,91.0,2.1000000000000005,4.900000000000003,0.5,18.71300869759213
9805,90.9,2.1000000000000005,4.900000000000003,0.6,18.63770698145249
9806,90.8,2.1000000000000005,4.900000000000003,0.7000000000000001,18.561082698883975
9807,91.3,2.2000000000000006,4.900000000000003,0.1,18.89207984543709
9808,91.2,2.2000000000000006,4.900000000000003,0.2,18.826119101513815
9809,91.1,2.2000000000000006,4.900000000000003,0.3,18.75641727724457
9810,91.0,2.2000000000000006,4.900000000000003,0.4,18.683694650532598
9811,90.9,2.2000000000000006,4.900000000000003,0.5,18.60869572335881
9812,90.8,2.2000000000000006,4.900000000000003,0.6,18.53217639027574
9813,90.7,2.2000000000000006,4.900000000000003,0.7000000000000001,18.454891190048507
9814,91.2,2.3000000000000007,4.900000000000003,0.1,18.790022185081963
9815,91.1,2.3000000000000007,4.900000000000003,0.2,18.721105445300907
9816,91.0,2.3000000000000007,4.900000000000003,0.3,18.648985182078473
9817,90.9,2.3000000000000007,4.900000000000003,0.4,18.574399945754127
9818,90.8,2.3000000000000007,4.900000000000003,0.5,18.49810457198177
9819,90.7,2.3000000000000007,4.900000000000003,0.6,18.42085734533827
9820,90.6,2.3000000000000007,4.900000000000003,0.7000000000000001,18.34340742122821
9821,91.1,2.400000000000001,4.900000000000003,0.1,18.680617435176977
9822,91.0,2.400000000000001,4.900000000000003,0.2,18.609179046201064
9823,90.9,2.400000000000001,4.900000000000003,0.3,18.535099174232002
9824,90.79999999999998,2.400000000000001,4.900000000000003,0.4,18.459128659632462
9825,90.7,2.400000000000001,4.900000000000003,0.5,18.382026607973366
9826,90.6,2.400000000000001,4.900000000000003,0.6,18.304547674514986
9827,90.5,2.400000000000001,4.900000000000003,0.7000000000000001,18.227429776768787
9828,91.0,2.500000000000001,4.900000000000003,0.1,18.564650623801068
9829,90.9,2.500000000000001,4.900000000000003,0.2,18.49114885002501
9830,90.8,2.500000000000001,4.900000000000003,0.3,18.415586018606756
9831,90.7,2.500000000000001,4.900000000000003,0.4,18.3387191986827
9832,90.6,2.500000000000001,4.900000000000003,0.5,18.261305732162697
9833,90.5,2.500000000000001,4.900000000000003,0.6,18.184090761029843
9834,90.4,2.500000000000001,4.900000000000003,0.7000000000000001,18.10779534448236
9835,90.9,2.600000000000001,4.900000000000003,0.1,18.442975164723535
9836,90.8,2.600000000000001,4.900000000000003,0.2,18.36788536473619
9837,90.7,2.600000000000001,4.900000000000003,0.3,18.29132705676206
9838,90.6,2.600000000000001,4.900000000000003,0.4,18.214057504500893
9839,90.5,2.600000000000001,4.900000000000003,0.5,18.13682638611323
9840,90.4,2.600000000000001,4.900000000000003,0.6,18.060363680103265
9841,90.3,2.600000000000001,4.900000000000003,0.7000000000000001,17.985368292334584
9842,90.8,2.700000000000001,4.900000000000003,0.1,18.316500520031997
9843,90.7,2.700000000000001,4.900000000000003,0.2,18.240308136900744
9844,90.6,2.700000000000001,4.900000000000003,0.3,18.163245619429848
9845,90.5,2.700000000000001,4.900000000000003,0.4,18.086064522264962
9846,90.4,2.700000000000001,4.900000000000003,0.5,18.009501191853083
9847,90.3,2.700000000000001,4.900000000000003,0.6,17.934265118301788
9848,90.2,2.700000000000001,4.900000000000003,0.7000000000000001,17.861028167005422
9849,90.7,2.800000000000001,4.900000000000003,0.1,18.186179152544028
9850,90.6,2.800000000000001,4.900000000000003,0.2,18.109372676573496
9851,90.5,2.800000000000001,4.900000000000003,0.3,18.032294044462414
9852,90.4,2.800000000000001,4.900000000000003,0.4,17.95568342743135
9853,90.3,2.800000000000001,4.900000000000003,0.5,17.88025849591793
9854,90.2,2.800000000000001,4.900000000000003,0.6,17.806703334475497
9855,90.1,2.800000000000001,4.900000000000003,0.7000000000000001,17.73565836054633
9856,90.6,2.900000000000001,4.900000000000003,0.1,18.052993057780686
9857,90.5,2.900000000000001,4.900000000000003,0.2,17.976057118033438
9858,90.4,2.900000000000001,4.900000000000003,0.3,17.89944058204933
9859,90.29999999999998,2.900000000000001,4.900000000000003,0.4,17.82386688385249
9860,90.2,2.900000000000001,4.900000000000003,0.5,17.750030079519206
9861,90.1,2.900000000000001,4.900000000000003,0.6,17.67858441017429
9862,89.99999999999999,2.900000000000001,4.900000000000003,0.7000000000000001,17.610134976930162
9863,90.5,3.0000000000000013,4.900000000000003,0.1,17.917940167260067
9864,90.4,3.0000000000000013,4.900000000000003,0.2,17.841348901248576
9865,90.3,3.0000000000000013,4.900000000000003,0.3,17.76565646220047
9866,90.2,3.0000000000000013,4.900000000000003,0.4,17.691564595668265
9867,90.1,3.0000000000000013,4.900000000000003,0.5,17.61973928208783
9868,90.0,3.0000000000000013,4.900000000000003,0.6,17.55080101957724
9869,89.89999999999999,3.0000000000000013,4.900000000000003,0.7000000000000001,17.48531630957588
9870,90.4,3.1000000000000014,4.900000000000003,0.1,17.782020908448988
9871,90.3,3.1000000000000014,4.900000000000003,0.2,17.706231748320903
9872,90.2,3.1000000000000014,4.900000000000003,0.3,17.63190338494951
9873,90.1,3.1000000000000014,4.900000000000003,0.4,17.559711397230977
9874,90.0,3.1000000000000014,4.900000000000003,0.5,17.49028976421523
9875,89.9,3.1000000000000014,4.900000000000003,0.6,17.424221925060024
9876,89.8,3.1000000000000014,4.900000000000003,0.7000000000000001,17.362033114831064
9877,90.3,3.200000000000001,4.900000000000003,0.1,17.646225192343064
9878,90.2,3.200000000000001,4.900000000000003,0.2,17.571673191022025
9879,90.1,3.200000000000001,4.900000000000003,0.3,17.499121672201927
9880,89.99999999999999,3.200000000000001,4.900000000000003,0.4,17.42921610083718
9881,89.89999999999999,3.200000000000001,4.900000000000003,0.5,17.362555109040002
9882,89.8,3.200000000000001,4.900000000000003,0.6,17.29968237557077
9883,89.69999999999999,3.200000000000001,4.900000000000003,0.7000000000000001,17.241079835974702
9884,90.2,3.3000000000000016,4.900000000000003,0.1,17.51152007803908
9885,90.1,3.3000000000000016,4.900000000000003,0.2,17.43861288071321
9886,90.0,3.3000000000000016,4.900000000000003,0.3,17.368219292573738
9887,89.89999999999999,3.3000000000000016,4.900000000000003,0.4,17.30095129218375
9888,89.8,3.3000000000000016,4.900000000000003,0.5,17.237369429513233
9889,89.7,3.3000000000000016,4.900000000000003,0.6,17.177975552133155
9890,89.6,3.3000000000000016,4.900000000000003,0.7000000000000001,17.123206898748464
9891,90.1,3.4000000000000017,4.900000000000003,0.1,17.378838335764122
9892,89.99999999999999,3.4000000000000017,4.900000000000003,0.2,17.307951881492823
9893,89.89999999999999,3.4000000000000017,4.900000000000003,0.3,17.24006193806044
9894,89.79999999999998,3.4000000000000017,4.900000000000003,0.4,17.17574422943004
9895,89.69999999999999,3.4000000000000017,4.900000000000003,0.5,17.115519113941538
9896,89.6,3.4000000000000017,4.900000000000003,0.6,17.059845169303046
9897,89.49999999999999,3.4000000000000017,4.900000000000003,0.7000000000000001,17.009114163995363
9898,90.0,3.5000000000000018,4.900000000000003,0.1,17.249068096767623
9899,89.89999999999999,3.5000000000000018,4.900000000000003,0.2,17.180543112530653
9900,89.8,3.5000000000000018,4.900000000000003,0.3,17.11546429520095
9901,89.69999999999999,3.5000000000000018,4.900000000000003,0.4,17.05436896481874
9902,89.6,3.5000000000000018,4.900000000000003,0.5,16.997735805065037
9903,89.5,3.5000000000000018,4.900000000000003,0.6,16.945979304572383
9904,89.39999999999999,3.5000000000000018,4.900000000000003,0.7000000000000001,16.899445586961633
9905,89.89999999999999,3.600000000000002,4.900000000000003,0.1,17.12304374153547
9906,89.79999999999998,3.600000000000002,4.900000000000003,0.2,17.05718306755223
9907,89.69999999999999,3.600000000000002,4.900000000000003,0.3,16.99518261489521
9908,89.59999999999998,3.600000000000002,4.900000000000003,0.4,16.93753976933403
9909,89.49999999999999,3.600000000000002,4.900000000000003,0.5,16.88469067000674
9910,89.39999999999999,3.600000000000002,4.900000000000003,0.6,16.837005490843048
9911,89.29999999999998,3.600000000000002,4.900000000000003,0.7000000000000001,16.794785097455588
9912,89.8,3.700000000000002,4.900000000000003,0.1,17.001538138315038
9913,89.69999999999999,3.700000000000002,4.900000000000003,0.2,16.93860489970038
9914,89.6,3.700000000000002,4.900000000000003,0.3,16.8799086455726
9915,89.49999999999999,3.700000000000002,4.900000000000003,0.4,16.825905902205847
9916,89.39999999999999,3.700000000000002,4.900000000000003,0.5,16.776989981041858
9917,89.3,3.700000000000002,4.900000000000003,0.6,16.73348707143896
9918,89.19999999999999,3.700000000000002,4.900000000000003,0.7000000000000001,16.69565368153864
9919,89.7,3.800000000000002,4.900000000000003,0.1,16.885256303339272
9920,89.6,3.800000000000002,4.900000000000003,0.2,16.825472919910023
9921,89.5,3.800000000000002,4.900000000000003,0.3,16.770264955338234
9922,89.39999999999999,3.800000000000002,4.900000000000003,0.4,16.72004772950259
9923,89.3,3.800000000000002,4.900000000000003,0.5,16.67517199151507
9924,89.2,3.800000000000002,4.900000000000003,0.6,16.63592078384108
9925,89.1,3.800000000000002,4.900000000000003,0.7000000000000001,16.602507614812048
9926,89.6,3.900000000000002,4.900000000000003,0.1,16.774830513788967
9927,89.49999999999999,3.900000000000002,4.900000000000003,0.2,16.718378517823385
9928,89.39999999999999,3.900000000000002,4.900000000000003,0.3,16.666801631327967
9929,89.29999999999998,3.900000000000002,4.900000000000003,0.4,16.620474160801727
9930,89.19999999999999,3.900000000000002,4.900000000000003,0.5,16.57970505850202
9931,89.1,3.900000000000002,4.900000000000003,0.6,16.54473550844054
9932,88.99999999999999,3.900000000000002,4.900000000000003,0.7000000000000001,16.51573777057446
9933,89.5,4.000000000000002,4.900000000000003,0.1,16.67081686574234
9934,89.39999999999999,4.000000000000002,4.900000000000003,0.2,16.617837477388882
9935,89.3,4.000000000000002,4.900000000000003,0.3,16.569994309942857
9936,89.19999999999999,4.000000000000002,4.900000000000003,0.4,16.52762134105523
9937,89.1,4.000000000000002,4.900000000000003,0.5,16.490986934932234
9938,89.0,4.000000000000002,4.900000000000003,0.6,16.4602920929611
9939,88.89999999999999,4.000000000000002,4.900000000000003,0.7000000000000001,16.435669903888105
9940,89.39999999999999,4.100000000000002,4.900000000000003,0.1,16.573693233327187
9941,89.29999999999998,4.100000000000002,4.900000000000003,0.2,16.52428862573895
9942,89.19999999999999,4.100000000000002,4.900000000000003,0.3,16.48024346091961
9943,89.09999999999998,4.100000000000002,4.900000000000003,0.4,16.441852507175057
9944,88.99999999999999,4.100000000000002,4.900000000000003,0.5,16.4093451296456
9945,88.89999999999999,4.100000000000002,4.900000000000003,0.6,16.38288414245807
9946,88.79999999999998,4.100000000000002,4.900000000000003,0.7000000000000001,16.362565795434822
9947,89.3,4.200000000000003,4.900000000000003,0.1,16.483858553056006
9948,89.19999999999999,4.200000000000003,4.900000000000003,0.2,16.43809372466561
9949,89.1,4.200000000000003,4.900000000000003,0.3,16.39787482214671
9950,88.99999999999999,4.200000000000003,4.900000000000003,0.4,16.36345889625294
9951,88.89999999999999,4.200000000000003,4.900000000000003,0.5,16.335038214814954
9952,88.8,4.200000000000003,4.900000000000003,0.6,16.31273964939961
9953,88.69999999999999,4.200000000000003,4.900000000000003,0.7000000000000001,16.29662512727622
9954,89.2,4.3000000000000025,4.900000000000003,0.1,16.40163332974261
9955,89.1,4.3000000000000025,4.900000000000003,0.2,16.359538489744562
9956,89.0,4.3000000000000025,4.900000000000003,0.3,16.323140861368696
9957,88.89999999999999,4.3000000000000025,4.900000000000003,0.4,16.29266157517871
9958,88.8,4.3000000000000025,4.900000000000003,0.5,16.268257946682652
9959,88.7,4.3000000000000025,4.900000000000003,0.6,16.25002332849442
9960,88.6,4.3000000000000025,4.900000000000003,0.7000000000000001,16.23798795634425
9961,89.1,4.400000000000002,4.900000000000003,0.1,16.327261238117412
9962,88.99999999999999,4.400000000000002,4.900000000000003,0.2,16.288834603418834
9963,88.89999999999999,4.400000000000002,4.900000000000003,0.3,16.256223125820345
9964,88.79999999999998,4.400000000000002,4.900000000000003,0.4,16.229614049988758
9965,88.69999999999999,4.400000000000002,4.900000000000003,0.5,16.209132057753234
9966,88.6,4.400000000000002,4.900000000000003,0.6,16.194839516643686
9967,88.49999999999999,4.400000000000002,4.900000000000003,0.7000000000000001,16.18673765055202
9968,89.0,4.500000000000003,4.900000000000003,0.1,16.260911677696654
9969,88.89999999999999,4.500000000000003,4.900000000000003,0.2,16.22612257542831
9970,88.8,4.500000000000003,4.900000000000003,0.3,16.19723533155503
9971,88.69999999999999,4.500000000000003,4.900000000000003,0.4,16.174405507586165
9972,88.6,4.500000000000003,4.900000000000003,0.5,16.157727576356663
9973,88.5,4.500000000000003,4.900000000000003,0.6,16.147235499443703
9974,88.39999999999999,4.500000000000003,4.900000000000003,0.7000000000000001,16.142904156497423
9975,88.89999999999999,4.600000000000003,4.900000000000003,0.1,16.202683127807433
9976,88.79999999999998,4.600000000000003,4.900000000000003,0.2,16.171475296921052
9977,88.69999999999999,4.600000000000003,4.900000000000003,0.3,16.146227040706364
9978,88.59999999999998,4.600000000000003,4.900000000000003,0.4,16.127064542333027
9979,88.49999999999999,4.600000000000003,4.900000000000003,0.5,16.114054532537796
9980,88.39999999999999,4.600000000000003,4.900000000000003,0.6,16.107205131632014
9981,88.29999999999998,4.600000000000003,4.900000000000003,0.7000000000000001,16.106467476320727
9982,88.8,4.700000000000003,4.900000000000003,0.1,16.152607144885945
9983,88.69999999999999,4.700000000000003,4.900000000000003,0.2,16.1249021332406
9984,88.6,4.700000000000003,4.900000000000003,0.3,16.10318777686624
9985,88.49999999999999,4.700000000000003,4.900000000000003,0.4,16.087563225027555
9986,88.39999999999999,4.700000000000003,4.900000000000003,0.5,16.078069917037737
9987,88.3,4.700000000000003,4.900000000000003,0.6,16.074692629163096
9988,88.19999999999999,4.700000000000003,4.900000000000003,0.7000000000000001,16.077361243700913
9989,88.7,4.8000000000000025,4.900000000000003,0.1,16.11065284499369
9990,88.6,4.8000000000000025,4.900000000000003,0.2,16.086353404378848
9991,88.5,4.8000000000000025,4.900000000000003,0.3,16.068051435694596
9992,88.39999999999999,4.8000000000000025,4.900000000000003,0.4,16.05582138136623
9993,88.3,4.8000000000000025,4.900000000000003,0.5,16.049681772050384
9994,88.2,4.8000000000000025,4.900000000000003,0.6,16.049596424485607
9995,88.1,4.8000000000000025,4.900000000000003,0.7000000000000001,16.055476304442784
9996,88.6,4.900000000000003,4.900000000000003,0.1,16.076731720482492
9997,88.49999999999999,4.900000000000003,4.900000000000003,0.2,16.05572511086121
9998,88.39999999999999,4.900000000000003,4.900000000000003,0.3,16.040700859152174
9999,88.29999999999998,4.900000000000003,4.900000000000003,0.4,16.031710960430974
10000,88.19999999999999,4.900000000000003,4.900000000000003,0.5,16.02875330767235
10001,88.1,4.900000000000003,4.900000000000003,0.6,16.031772993230923
10002,87.99999999999999,4.900000000000003,4.900000000000003,0.7000000000000001,16.04066422474069
10003,88.5,5.000000000000004,4.900000000000003,0.1,16.050702650259673
10004,88.39999999999999,5.000000000000004,4.900000000000003,0.2,16.03286377568145
10005,88.3,5.000000000000004,4.900000000000003,0.3,16.02097245658613
10006,88.19999999999999,5.000000000000004,4.900000000000003,0.4,16.01506039019407
10007,88.1,5.000000000000004,4.900000000000003,0.5,16.015106955635208
10008,88.0,5.000000000000004,4.900000000000003,0.6,16.02104057900287
10009,87.89999999999999,5.000000000000004,4.900000000000003,0.7000000000000001,16.03274066908349
10010,88.39999999999999,5.100000000000003,4.900000000000003,0.1,16.032376977397103
10011,88.29999999999998,5.100000000000003,4.900000000000003,0.2,16.017571289000948
10012,88.19999999999999,5.100000000000003,4.900000000000003,0.3,16.00866077342298
10013,88.09999999999998,5.100000000000003,4.900000000000003,0.4,16.005658835587152
10014,87.99999999999999,5.100000000000003,4.900000000000003,0.5,16.00852829108318
10015,87.89999999999999,5.100000000000003,4.900000000000003,0.6,16.01718276234429
10016,87.79999999999998,5.100000000000003,4.900000000000003,0.7000000000000001,16.031488608962956
10017,88.3,5.200000000000003,4.900000000000003,0.1,16.02152354502937
10018,88.19999999999999,5.200000000000003,4.900000000000003,0.2,16.009609660765697
10019,88.1,5.200000000000003,4.900000000000003,0.3,16.00352292750052
10020,87.99999999999999,5.200000000000003,4.900000000000003,0.4,16.00326029438979
10021,87.89999999999999,5.200000000000003,4.900000000000003,0.5,16.008769772894958
10022,87.8,5.200000000000003,4.900000000000003,0.6,16.01995183932392
10023,87.69999999999999,5.200000000000003,4.900000000000003,0.7000000000000001,16.036661342174597
10024,88.2,5.300000000000003,4.900000000000003,0.1,16.01787360067076
10025,88.1,5.300000000000003,4.900000000000003,0.2,16.00870560622828
10026,88.0,5.300000000000003,4.900000000000003,0.3,16.005282853150653
10027,87.89999999999999,5.300000000000003,4.900000000000003,0.4,16.007587486119398
10028,87.8,5.300000000000003,4.900000000000003,0.5,16.015554272433437
10029,87.7,5.300000000000003,4.900000000000003,0.6,16.029071993666058
10030,87.6,5.300000000000003,4.900000000000003,0.7000000000000001,16.04798531973882
10031,88.1,5.400000000000004,4.900000000000003,0.1,16.021125499302563
10032,87.99999999999999,5.400000000000004,4.900000000000003,0.2,16.014554909649668
10033,87.89999999999999,5.400000000000004,4.900000000000003,0.3,16.01363531310481
10034,87.79999999999998,5.400000000000004,4.900000000000003,0.4,16.018335508357406
10035,87.69999999999999,5.400000000000004,4.900000000000003,0.5,16.028578378798976
10036,87.6,5.400000000000004,4.900000000000003,0.6,16.044242263153283
10037,87.49999999999999,5.400000000000004,4.900000000000003,0.7000000000000001,16.065162792610597
10038,88.0,5.500000000000004,4.900000000000003,0.1,16.030949155913582
10039,87.89999999999999,5.500000000000004,4.900000000000003,0.2,16.02682653129445
10040,87.8,5.500000000000004,4.900000000000003,0.3,16.0282496572711
10041,87.69999999999999,5.500000000000004,4.900000000000003,0.4,16.03517525271955
10042,87.6,5.500000000000004,4.900000000000003,0.5,16.0475154849196
10043,87.5,5.500000000000004,4.900000000000003,0.6,16.06513931550564
10044,87.39999999999999,5.500000000000004,4.900000000000003,0.7000000000000001,16.087874302811667
10045,91.9,1.5,5.000000000000004,0.1,19.28284814318349
10046,91.8,1.5,5.000000000000004,0.2,19.244215935227732
10047,91.7,1.5,5.000000000000004,0.3,19.199595117569608
10048,91.6,1.5,5.000000000000004,0.4,19.14945964957726
10049,91.5,1.5,5.000000000000004,0.5,19.094346019764608
10050,91.4,1.5,5.000000000000004,0.6,19.03484351732306
10051,91.3,1.5,5.000000000000004,0.7000000000000001,18.97158360309581
10052,91.8,1.6,5.000000000000004,0.1,19.242837714296588
10053,91.7,1.6,5.000000000000004,0.2,19.199606242975957
10054,91.6,1.6,5.000000000000004,0.3,19.150642200542368
10055,91.5,1.6,5.000000000000004,0.4,19.096465370465435
10056,91.4,1.6,5.000000000000004,0.5,19.037653157442715
10057,91.3,1.6,5.000000000000004,0.6,18.974830168351374
10058,91.2,1.6,5.000000000000004,0.7000000000000001,18.90865703177745
10059,91.7,1.7000000000000002,5.000000000000004,0.1,19.1930571475181
10060,91.6,1.7000000000000002,5.000000000000004,0.2,19.14537611710109
10061,91.5,1.7000000000000002,5.000000000000004,0.3,19.09226861568618
10062,91.4,1.7000000000000002,5.000000000000004,0.4,19.034297104787008
10063,91.3,1.7000000000000002,5.000000000000004,0.5,18.97207611583541
10064,91.2,1.7000000000000002,5.000000000000004,0.6,18.906261230751227
10065,91.1,1.7000000000000002,5.000000000000004,0.7000000000000001,18.837537451379497
10066,91.6,1.8000000000000005,5.000000000000004,0.1,19.133628611119846
10067,91.5,1.8000000000000005,5.000000000000004,0.2,19.081699075438745
10068,91.4,1.8000000000000005,5.000000000000004,0.3,19.024696761864455
10069,91.3,1.8000000000000005,5.000000000000004,0.4,18.963223057351588
10070,91.2,1.8000000000000005,5.000000000000004,0.5,18.897925291998984
10071,91.1,1.8000000000000005,5.000000000000004,0.6,18.829485219866843
10072,91.0,1.8000000000000005,5.000000000000004,0.7000000000000001,18.758607047799227
10073,91.5,1.9000000000000004,5.000000000000004,0.1,19.064783670407728
10074,91.4,1.9000000000000004,5.000000000000004,0.2,19.008855693324033
10075,91.3,1.9000000000000004,5.000000000000004,0.3,18.948253019742005
10076,91.2,1.9000000000000004,5.000000000000004,0.4,18.88361166223016
10077,91.1,1.9000000000000004,5.000000000000004,0.5,18.815606953247887
10078,91.0,1.9000000000000004,5.000000000000004,0.6,18.744941635381387
10079,90.9,1.9000000000000004,5.000000000000004,0.7000000000000001,18.672333665055156
10080,91.4,2.0000000000000004,5.000000000000004,0.1,18.986861221424093
10081,91.3,2.0000000000000004,5.000000000000004,0.2,18.927230618853077
10082,91.2,2.0000000000000004,5.000000000000004,0.3,18.863363906583402
10083,91.1,2.0000000000000004,5.000000000000004,0.4,18.795926947320616
10084,91.0,2.0000000000000004,5.000000000000004,0.5,18.725617892267408
10085,90.9,2.0000000000000004,5.000000000000004,0.6,18.653154996378465
10086,90.8,2.0000000000000004,5.000000000000004,0.7000000000000001,18.57926431623117
10087,91.3,2.1000000000000005,5.000000000000004,0.1,18.900303527546555
10088,91.2,2.1000000000000005,5.000000000000004,0.2,18.8373077602522
10089,91.1,2.1000000000000005,5.000000000000004,0.3,18.770550488293026
10090,91.0,2.1000000000000005,5.000000000000004,0.4,18.700722255477814
10091,90.9,2.1000000000000005,5.000000000000004,0.5,18.628538550309468
10092,90.8,2.1000000000000005,5.000000000000004,0.6,18.554727466008032
10093,90.7,2.1000000000000005,5.000000000000004,0.7000000000000001,18.480017413215283
10094,91.2,2.2000000000000006,5.000000000000004,0.1,18.80565044723493
10095,91.1,2.2000000000000006,5.000000000000004,0.2,18.73966375582192
10096,91.0,2.2000000000000006,5.000000000000004,0.3,18.670421179411797
10097,90.9,2.2000000000000006,5.000000000000004,0.4,18.598632470889125
10098,90.8,2.2000000000000006,5.000000000000004,0.5,18.525024772582338
10099,90.7,2.2000000000000006,5.000000000000004,0.6,18.45033024256761
10100,90.6,2.2000000000000006,5.000000000000004,0.7000000000000001,18.375273901885983
10101,91.1,2.3000000000000007,5.000000000000004,0.1,18.703531986053356
10102,91.0,2.3000000000000007,5.000000000000004,0.2,18.63495987914375
10103,90.9,2.3000000000000007,5.000000000000004,0.3,18.563663100923172
10104,90.8,2.3000000000000007,5.000000000000004,0.4,18.49036493506946
10105,90.7,2.3000000000000007,5.000000000000004,0.5,18.415798391901
10106,90.6,2.3000000000000007,5.000000000000004,0.6,18.34069392181104
10107,90.5,2.3000000000000007,5.000000000000004,0.7000000000000001,18.26576751330914
10108,91.0,2.400000000000001,5.000000000000004,0.1,18.59465934678934
10109,90.9,2.400000000000001,5.000000000000004,0.2,18.52393256963923
10110,90.8,2.400000000000001,5.000000000000004,0.3,18.451032199484388
10111,90.7,2.400000000000001,5.000000000000004,0.4,18.376689266700623
10112,90.6,2.400000000000001,5.000000000000004,0.5,18.3016368624061
10113,90.5,2.400000000000001,5.000000000000004,0.6,18.226598056813415
10114,90.4,2.400000000000001,5.000000000000004,0.7000000000000001,18.152274358758852
10115,90.9,2.500000000000001,5.000000000000004,0.1,18.479814686723355
10116,90.8,2.500000000000001,5.000000000000004,0.2,18.407382809991503
10117,90.7,2.500000000000001,5.000000000000004,0.3,18.333342359054317
10118,90.6,2.500000000000001,5.000000000000004,0.4,18.25842632265441
10119,90.5,2.500000000000001,5.000000000000004,0.5,18.183362183940368
10120,90.4,2.500000000000001,5.000000000000004,0.6,18.108860156150467
10121,90.3,2.500000000000001,5.000000000000004,0.7000000000000001,18.03560210652188
10122,90.8,2.600000000000001,5.000000000000004,0.1,18.35983981980021
10123,90.7,2.600000000000001,5.000000000000004,0.2,18.286164596442976
10124,90.6,2.600000000000001,5.000000000000004,0.3,18.211453756045653
10125,90.5,2.600000000000001,5.000000000000004,0.4,18.13643655327886
10126,90.4,2.600000000000001,5.000000000000004,0.5,18.06182936900174
10127,90.3,2.600000000000001,5.000000000000004,0.6,17.988324368163997
10128,90.2,2.600000000000001,5.000000000000004,0.7000000000000001,17.916578981300002
10129,90.7,2.700000000000001,5.000000000000004,0.1,18.235624122788792
10130,90.6,2.700000000000001,5.000000000000004,0.2,18.161172764890956
10131,90.5,2.700000000000001,5.000000000000004,0.3,18.086260721565054
10132,90.4,2.700000000000001,5.000000000000004,0.4,18.011608013022123
10133,90.3,2.700000000000001,5.000000000000004,0.5,17.937914707863833
10134,90.2,2.700000000000001,5.000000000000004,0.6,17.865850098615454
10135,90.1,2.700000000000001,5.000000000000004,0.7000000000000001,17.796042822669545
10136,90.6,2.800000000000001,5.000000000000004,0.1,18.108091917936637
10137,90.5,2.800000000000001,5.000000000000004,0.2,18.0333304446217
10138,90.4,2.800000000000001,5.000000000000004,0.3,17.958679378778825
10139,90.3,2.800000000000001,5.000000000000004,0.4,17.88484428763929
10140,90.2,2.800000000000001,5.000000000000004,0.5,17.812504083529102
10141,90.1,2.800000000000001,5.000000000000004,0.6,17.74230080128718
10142,90.0,2.800000000000001,5.000000000000004,0.7000000000000001,17.674830427833154
10143,90.5,2.900000000000001,5.000000000000004,0.1,17.978189609868355
10144,90.4,2.900000000000001,5.000000000000004,0.2,17.903576412344236
10145,90.3,2.900000000000001,5.000000000000004,0.3,17.829635320006453
10146,90.2,2.900000000000001,5.000000000000004,0.4,17.757052591766758
10147,90.1,2.900000000000001,5.000000000000004,0.5,17.68648157699523
10148,90.0,2.900000000000001,5.000000000000004,0.6,17.61853316653885
10149,89.89999999999999,2.900000000000001,5.000000000000004,0.7000000000000001,17.553767386380297
10150,90.4,3.0000000000000013,5.000000000000004,0.1,17.846872851570705
10151,90.3,3.0000000000000013,5.000000000000004,0.2,17.77285261209572
10152,90.2,3.0000000000000013,5.000000000000004,0.3,17.700051577124857
10153,90.1,3.0000000000000013,5.000000000000004,0.4,17.629132276022137
10154,90.0,3.0000000000000013,5.000000000000004,0.5,17.560718585458527
10155,89.9,3.0000000000000013,5.000000000000004,0.6,17.495386912159084
10156,89.8,3.0000000000000013,5.000000000000004,0.7000000000000001,17.43365859175417
10157,90.3,3.1000000000000014,5.000000000000004,0.1,17.715094003573647
10158,90.2,3.1000000000000014,5.000000000000004,0.2,17.642092092045452
10159,90.1,3.1000000000000014,5.000000000000004,0.3,17.570837120853284
10160,90.0,3.1000000000000014,5.000000000000004,0.4,17.501963961702177
10161,89.9,3.1000000000000014,5.000000000000004,0.5,17.43606365235631
10162,89.80000000000001,3.1000000000000014,5.000000000000004,0.6,17.37367535496842
10163,89.7,3.1000000000000014,5.000000000000004,0.7000000000000001,17.315279586565715
10164,90.2,3.200000000000001,5.000000000000004,0.1,17.583790132457345
10165,90.1,3.200000000000001,5.000000000000004,0.2,17.512207587935926
10166,90.0,3.200000000000001,5.000000000000004,0.3,17.442876100303415
10167,89.89999999999999,3.200000000000001,5.000000000000004,0.4,17.376399494520573
10168,89.8,3.200000000000001,5.000000000000004,0.5,17.313333179561926
10169,89.7,3.200000000000001,5.000000000000004,0.6,17.254176911584178
10170,89.6,3.200000000000001,5.000000000000004,0.7000000000000001,17.1993688679065
10171,90.1,3.3000000000000016,5.000000000000004,0.1,17.453871770414914
10172,90.0,3.3000000000000016,5.000000000000004,0.2,17.38408095579434
10173,89.9,3.3000000000000016,5.000000000000004,0.3,17.317018004834107
10174,89.8,3.3000000000000016,5.000000000000004,0.4,17.253252877741065
10175,89.7,3.3000000000000016,5.000000000000004,0.5,17.193303159727552
10176,89.60000000000001,3.3000000000000016,5.000000000000004,0.6,17.137627643727416
10177,89.5,3.3000000000000016,5.000000000000004,0.7000000000000001,17.08662124557863
10178,90.0,3.4000000000000017,5.000000000000004,0.1,17.326212627803823
10179,89.89999999999999,3.4000000000000017,5.000000000000004,0.2,17.25855362472736
10180,89.8,3.4000000000000017,5.000000000000004,0.3,17.194068896913517
10181,89.69999999999999,3.4000000000000017,5.000000000000004,0.4,17.1332923107244
10182,89.6,3.4000000000000017,5.000000000000004,0.5,17.076702031958206
10183,89.5,3.4000000000000017,5.000000000000004,0.6,17.02471492867736
10184,89.39999999999999,3.4000000000000017,5.000000000000004,0.7000000000000001,16.977682311916364
10185,89.9,3.5000000000000018,5.000000000000004,0.1,17.201640416602437
10186,89.8,3.5000000000000018,5.000000000000004,0.2,17.13641820531114
10187,89.7,3.5000000000000018,5.000000000000004,0.3,17.074783828627176
10188,89.6,3.5000000000000018,5.000000000000004,0.4,17.017233422608125
10189,89.5,3.5000000000000018,5.000000000000004,0.5,16.96420472797685
10190,89.4,3.5000000000000018,5.000000000000004,0.6,16.91607230022334
10191,89.3,3.5000000000000018,5.000000000000004,0.7000000000000001,16.873144047847095
10192,89.8,3.600000000000002,5.000000000000004,0.1,17.08092890574178
10193,89.69999999999999,3.600000000000002,5.000000000000004,0.2,17.018411351616212
10194,89.6,3.600000000000002,5.000000000000004,0.3,16.959860516999964
10195,89.49999999999999,3.600000000000002,5.000000000000004,0.4,16.905733753879016
10196,89.39999999999999,3.600000000000002,5.000000000000004,0.5,16.85642793998171
10197,89.3,3.600000000000002,5.000000000000004,0.6,16.812275470960383
10198,89.19999999999999,3.600000000000002,5.000000000000004,0.7000000000000001,16.773541557200016
10199,89.7,3.700000000000002,5.000000000000004,0.1,16.964791290744827
10200,89.6,3.700000000000002,5.000000000000004,0.2,16.905207936605073
10201,89.5,3.700000000000002,5.000000000000004,0.3,16.849934315740096
10202,89.39999999999999,3.700000000000002,5.000000000000004,0.4,16.799388502262687
10203,89.3,3.700000000000002,5.000000000000004,0.5,16.753926606732442
10204,89.2,3.700000000000002,5.000000000000004,0.6,16.713839514180986
10205,89.1,3.700000000000002,5.000000000000004,0.7000000000000001,16.679350891097535
10206,89.60000000000001,3.800000000000002,5.000000000000004,0.1,16.853874921324277
10207,89.5,3.800000000000002,5.000000000000004,0.2,16.79741656282165
10208,89.4,3.800000000000002,5.000000000000004,0.3,16.745574484631867
10209,89.3,3.800000000000002,5.000000000000004,0.4,16.698727514848024
10210,89.2,3.800000000000002,5.000000000000004,0.5,16.657191582158525
10211,89.10000000000001,3.800000000000002,5.000000000000004,0.6,16.62121715397258
10212,89.0,3.800000000000002,5.000000000000004,0.7000000000000001,16.59098789749721
10213,89.5,3.900000000000002,5.000000000000004,0.1,16.748757392861627
10214,89.39999999999999,3.900000000000002,5.000000000000004,0.2,16.695576394201463
10215,89.3,3.900000000000002,5.000000000000004,0.3,16.647281723777176
10216,89.19999999999999,3.900000000000002,5.000000000000004,0.4,16.604213476776604
10217,89.1,3.900000000000002,5.000000000000004,0.5,16.56664842195718
10218,89.0,3.900000000000002,5.000000000000004,0.6,16.53479808632641
10219,88.89999999999999,3.900000000000002,5.000000000000004,0.7000000000000001,16.508808008367268
10220,89.4,4.000000000000002,5.000000000000004,0.1,16.649943972220118
10221,89.3,4.000000000000002,5.000000000000004,0.2,16.60015526159627
10222,89.2,4.000000000000002,5.000000000000004,0.3,16.55548690924724
10223,89.1,4.000000000000002,5.000000000000004,0.4,16.51624121909273
10224,89.0,4.000000000000002,5.000000000000004,0.5,16.482657199062494
10225,88.9,4.000000000000002,5.000000000000004,0.6,16.454909232805417
10226,88.8,4.000000000000002,5.000000000000004,0.7000000000000001,16.433106859158453
10227,89.3,4.100000000000002,5.000000000000004,0.1,16.5578662962024
10228,89.19999999999999,4.100000000000002,5.000000000000004,0.2,16.51154896519994
10229,89.1,4.100000000000002,5.000000000000004,0.3,16.470550940324575
10230,88.99999999999999,4.100000000000002,5.000000000000004,0.4,16.435138045220686
10231,88.89999999999999,4.100000000000002,5.000000000000004,0.5,16.405513239151425
10232,88.8,4.100000000000002,5.000000000000004,0.6,16.381815812108833
10233,88.69999999999999,4.100000000000002,5.000000000000004,0.7000000000000001,16.36412162255611
10234,89.2,4.200000000000003,5.000000000000004,0.1,16.472882253050148
10235,89.1,4.200000000000003,5.000000000000004,0.2,16.430081672273005
10236,89.0,4.200000000000003,5.000000000000004,0.3,16.39276558705936
10237,88.89999999999999,4.200000000000003,5.000000000000004,0.4,16.361164957556163
10238,88.8,4.200000000000003,5.000000000000004,0.5,16.33544865292337
10239,88.7,4.200000000000003,5.000000000000004,0.6,16.315723103998454
10240,88.6,4.200000000000003,5.000000000000004,0.7000000000000001,16.30203293111869
10241,89.10000000000001,4.3000000000000025,5.000000000000004,0.1,16.39527693439993
10242,89.0,4.3000000000000025,5.000000000000004,0.2,16.35600728897213
10243,88.9,4.3000000000000025,5.000000000000004,0.3,16.32235521078827
10244,88.8,4.3000000000000025,5.000000000000004,0.4,16.294518653153492
10245,88.7,4.3000000000000025,5.000000000000004,0.5,16.272634532942405
10246,88.60000000000001,4.3000000000000025,5.000000000000004,0.6,16.25677877458276
10247,88.5,4.3000000000000025,5.000000000000004,0.7000000000000001,16.246967261277145
10248,89.0,4.400000000000002,5.000000000000004,0.1,16.325264527546267
10249,88.89999999999999,4.400000000000002,5.000000000000004,0.2,16.289511671057955
10250,88.8,4.400000000000002,5.000000000000004,0.3,16.259479219798845
10251,88.69999999999999,4.400000000000002,5.000000000000004,0.4,16.235334150561346
10252,88.6,4.400000000000002,5.000000000000004,0.5,16.21718367934181
10253,88.5,4.400000000000002,5.000000000000004,0.6,16.205075631745753
10254,88.39999999999999,4.400000000000002,5.000000000000004,0.7000000000000001,16.19899965402462
10255,88.9,4.500000000000003,5.000000000000004,0.1,16.26299100598099
10256,88.8,4.500000000000003,5.000000000000004,0.2,16.230715529913944
10257,88.7,4.500000000000003,5.000000000000004,0.3,16.204235117472898
10258,88.6,4.500000000000003,5.000000000000004,0.4,16.183687908387864
10259,88.5,4.500000000000003,5.000000000000004,0.5,16.16915372042083
10260,88.4,4.500000000000003,5.000000000000004,0.6,16.1606546842089
10261,88.3,4.500000000000003,5.000000000000004,0.7000000000000001,16.158156655018715
10262,88.8,4.600000000000003,5.000000000000004,0.1,16.208537470014598
10263,88.69999999999999,4.600000000000003,5.000000000000004,0.2,16.179677887571117
10264,88.6,4.600000000000003,5.000000000000004,0.3,16.15666200080019
10265,88.49999999999999,4.600000000000003,5.000000000000004,0.4,16.139601299837736
10266,88.39999999999999,4.600000000000003,5.000000000000004,0.5,16.128550500684014
10267,88.3,4.600000000000003,5.000000000000004,0.6,16.123508386800925
10268,88.19999999999999,4.600000000000003,5.000000000000004,0.7000000000000001,16.124419368138252
10269,88.7,4.700000000000003,5.000000000000004,0.1,16.161923988659883
10270,88.6,4.700000000000003,5.000000000000004,0.2,16.13639993700108
10271,88.5,4.700000000000003,5.000000000000004,0.3,16.11674437270833
10272,88.39999999999999,4.700000000000003,5.000000000000004,0.4,16.10304431574802
10273,88.3,4.700000000000003,5.000000000000004,0.5,16.09533161958274
10274,88.2,4.700000000000003,5.000000000000004,0.6,16.093583967301644
10275,88.1,4.700000000000003,5.000000000000004,0.7000000000000001,16.097726531038546
10276,88.60000000000001,4.8000000000000025,5.000000000000004,0.1,16.123113798487758
10277,88.5,4.8000000000000025,5.000000000000004,0.2,16.100829171324136
10278,88.4,4.8000000000000025,5.000000000000004,0.3,16.08441614162403
10279,88.3,4.8000000000000025,5.000000000000004,0.4,16.07393938088842
10280,88.2,4.8000000000000025,5.000000000000004,0.5,16.06941001837624
10281,88.10000000000001,4.8000000000000025,5.000000000000004,0.6,16.07078674592441
10282,88.0,4.8000000000000025,5.000000000000004,0.7000000000000001,16.077977538092245
10283,88.5,4.900000000000003,5.000000000000004,0.1,16.09201772429037
10284,88.39999999999999,4.900000000000003,5.000000000000004,0.2,16.072863657130963
10285,88.3,4.900000000000003,5.000000000000004,0.3,16.05956469533605
10286,88.19999999999999,4.900000000000003,5.000000000000004,0.4,16.05216518369276
10287,88.1,4.900000000000003,5.000000000000004,0.5,16.050657529292728
10288,88.0,4.900000000000003,5.000000000000004,0.6,16.0549833762281
10289,87.89999999999999,4.900000000000003,5.000000000000004,0.7000000000000001,16.065035354387074
10290,88.4,5.000000000000004,5.000000000000004,0.1,16.068498699398212
10291,88.3,5.000000000000004,5.000000000000004,0.2,16.052356342056402
10292,88.2,5.000000000000004,5.000000000000004,0.3,16.04203495273508
10293,88.1,5.000000000000004,5.000000000000004,0.4,16.037560437271324
10294,88.0,5.000000000000004,5.000000000000004,0.5,16.03890831963174
10295,87.9,5.000000000000004,5.000000000000004,0.6,16.046004955082893
10296,87.8,5.000000000000004,5.000000000000004,0.7000000000000001,16.058729283259026
10297,88.3,5.100000000000003,5.000000000000004,0.1,16.052376279575444
10298,88.19999999999999,5.100000000000003,5.000000000000004,0.2,16.039119304200263
10299,88.1,5.100000000000003,5.000000000000004,0.3,16.031633315453043
10300,87.99999999999999,5.100000000000003,5.000000000000004,0.4,16.029927508591623
10301,87.89999999999999,5.100000000000003,5.000000000000004,0.5,16.033962182674752
10302,87.8,5.100000000000003,5.000000000000004,0.6,16.04364996833293
10303,87.69999999999999,5.100000000000003,5.000000000000004,0.7000000000000001,16.058857568273883
10304,88.2,5.200000000000003,5.000000000000004,0.1,16.0434310626641
10305,88.1,5.200000000000003,5.000000000000004,0.2,16.032927870039725
10306,88.0,5.200000000000003,5.000000000000004,0.3,16.028131460878658
10307,87.89999999999999,5.200000000000003,5.000000000000004,0.4,16.029035872175164
10308,87.8,5.200000000000003,5.000000000000004,0.5,16.035587646347313
10309,87.7,5.200000000000003,5.000000000000004,0.6,16.047687057121607
10310,87.6,5.200000000000003,5.000000000000004,0.7000000000000001,16.065189827795713
10311,88.10000000000001,5.300000000000003,5.000000000000004,0.1,16.041408945632643
10312,88.0,5.300000000000003,5.000000000000004,0.2,16.033524547184555
10313,87.9,5.300000000000003,5.000000000000004,0.3,16.03126993756128
10314,87.8,5.300000000000003,5.000000000000004,0.4,16.034625363639904
10315,87.7,5.300000000000003,5.000000000000004,0.5,16.04352488864357
10316,87.60000000000001,5.300000000000003,5.000000000000004,0.6,16.057857606665102
10317,87.5,5.300000000000003,5.000000000000004,0.7000000000000001,16.07746933555794
10318,88.0,5.400000000000004,5.000000000000004,0.1,16.046025170481794
10319,87.89999999999999,5.400000000000004,5.000000000000004,0.2,16.04062273778311
10320,87.8,5.400000000000004,5.000000000000004,0.3,16.04076154275788
10321,87.69999999999999,5.400000000000004,5.000000000000004,0.4,16.046409226094983
10322,87.6,5.400000000000004,5.000000000000004,0.5,16.057488465114304
10323,87.5,5.400000000000004,5.000000000000004,0.6,16.073878173880782
10324,87.39999999999999,5.400000000000004,5.000000000000004,0.7000000000000001,16.095415173365442
10325,87.9,5.500000000000004,5.000000000000004,0.1,16.05696812968974
10326,87.8,5.500000000000004,5.000000000000004,0.2,16.053910216751994
10327,87.7,5.500000000000004,5.000000000000004,0.3,16.056294479038527
10328,87.6,5.500000000000004,5.000000000000004,0.4,16.06407695804303
10329,87.5,5.500000000000004,5.000000000000004,0.5,16.077169867586623
10330,87.4,5.500000000000004,5.000000000000004,0.6,16.095442782138594
10331,87.3,5.500000000000004,5.000000000000004,0.7000000000000001,16.118724291738136
10332,91.8,1.5,5.100000000000003,0.1,19.209114162415347
10333,91.7,1.5,5.100000000000003,0.2,19.16853949045252
10334,91.6,1.5,5.100000000000003,0.3,19.1223933913386
10335,91.5,1.5,5.100000000000003,0.4,19.071166460958274
10336,91.4,1.5,5.100000000000003,0.5,19.015405328316017
10337,91.3,1.5,5.100000000000003,0.6,18.955702781610203
10338,91.2,1.5,5.100000000000003,0.7000000000000001,18.89268714869466
10339,91.7,1.6,5.100000000000003,0.1,19.165919456370148
10340,91.6,1.6,5.100000000000003,0.2,19.121022752185382
10341,91.5,1.6,5.100000000000003,0.3,19.070830481719103
10342,91.4,1.6,5.100000000000003,0.4,19.01587496432073
10343,91.3,1.6,5.100000000000003,0.5,18.956739419334255
10344,91.2,1.6,5.100000000000003,0.6,18.894047498206515
10345,91.1,1.6,5.100000000000003,0.7000000000000001,18.828452212037536
10346,91.6,1.7000000000000002,5.100000000000003,0.1,19.11337356349702
10347,91.5,1.7000000000000002,5.100000000000003,0.2,19.06432889330783
10348,91.4,1.7000000000000002,5.100000000000003,0.3,19.010310913894173
10349,91.29999999999998,1.7000000000000002,5.100000000000003,0.4,18.951890257723758
10350,91.2,1.7000000000000002,5.100000000000003,0.5,18.889682756221383
10351,91.1,1.7000000000000002,5.100000000000003,0.6,18.824338471516405
10352,91.0,1.7000000000000002,5.100000000000003,0.7000000000000001,18.75653027364762
10353,91.5,1.8000000000000005,5.100000000000003,0.1,19.05164287837325
10354,91.4,1.8000000000000005,5.100000000000003,0.2,18.99867198161826
10355,91.3,1.8000000000000005,5.100000000000003,0.3,18.941093628430526
10356,91.2,1.8000000000000005,5.100000000000003,0.4,18.87951281371094
10357,91.1,1.8000000000000005,5.100000000000003,0.5,18.81457353473299
10358,91.0,1.8000000000000005,5.100000000000003,0.6,18.746947424778423
10359,90.9,1.8000000000000005,5.100000000000003,0.7000000000000001,18.67732208884886
10360,91.4,1.9000000000000004,5.100000000000003,0.1,18.98099733497833
10361,91.29999999999998,1.9000000000000004,5.100000000000003,0.2,18.924366837966883
10362,91.2,1.9000000000000004,5.100000000000003,0.3,18.863534865385574
10363,91.09999999999998,1.9000000000000004,5.100000000000003,0.4,18.799136348396445
10364,91.0,1.9000000000000004,5.100000000000003,0.5,18.731838610200434
10365,90.9,1.9000000000000004,5.100000000000003,0.6,18.662329710486084
10366,90.79999999999998,1.9000000000000004,5.100000000000003,0.7000000000000001,18.591306652664784
10367,91.3,2.0000000000000004,5.100000000000003,0.1,18.901807500050175
10368,91.2,2.0000000000000004,5.100000000000003,0.2,18.84182529295256
10369,91.1,2.0000000000000004,5.100000000000003,0.3,18.77808364971733
10370,91.0,2.0000000000000004,5.100000000000003,0.4,18.711242611579657
10371,90.9,2.0000000000000004,5.100000000000003,0.5,18.641987677152326
10372,90.8,2.0000000000000004,5.100000000000003,0.6,18.571017971146954
10373,90.7,2.0000000000000004,5.100000000000003,0.7000000000000001,18.499034438075476
10374,91.2,2.1000000000000005,5.100000000000003,0.1,18.81453990442864
10375,91.1,2.1000000000000005,5.100000000000003,0.2,18.75155076144374
10376,91.0,2.1000000000000005,5.100000000000003,0.3,18.68527568840174
10377,90.9,2.1000000000000005,5.100000000000003,0.4,18.616394694625257
10378,90.8,2.1000000000000005,5.100000000000003,0.5,18.545606082855436
10379,90.7,2.1000000000000005,5.100000000000003,0.6,18.473614557977086
10380,90.6,2.1000000000000005,5.100000000000003,0.7000000000000001,18.401119521763494
10381,91.1,2.2000000000000006,5.100000000000003,0.1,18.71975072080762
10382,91.0,2.2000000000000006,5.100000000000003,0.2,18.654131263095547
10383,90.9,2.2000000000000006,5.100000000000003,0.3,18.585725825021232
10384,90.79999999999998,2.2000000000000006,5.100000000000003,0.4,18.51522901704795
10385,90.7,2.2000000000000006,5.100000000000003,0.5,18.443346448269068
10386,90.6,2.2000000000000006,5.100000000000003,0.6,18.370782890822618
10387,90.5,2.2000000000000006,5.100000000000003,0.7000000000000001,18.29823078760837
10388,91.0,2.3000000000000007,5.100000000000003,0.1,18.618077936949103
10389,90.9,2.3000000000000007,5.100000000000003,0.2,18.550231054725867
10390,90.8,2.3000000000000007,5.100000000000003,0.3,18.480119231978374
10391,90.7,2.3000000000000007,5.100000000000003,0.4,18.408446183532753
10392,90.6,2.3000000000000007,5.100000000000003,0.5,18.335919296879382
10393,90.5,2.3000000000000007,5.100000000000003,0.6,18.263237965605843
10394,90.4,2.3000000000000007,5.100000000000003,0.7000000000000001,18.19108241715411
10395,90.9,2.400000000000001,5.100000000000003,0.1,18.510232209316165
10396,90.79999999999998,2.400000000000001,5.100000000000003,0.2,18.440581072832806
10397,90.7,2.400000000000001,5.100000000000003,0.3,18.36920154914474
10398,90.59999999999998,2.400000000000001,5.100000000000003,0.4,18.296800927812228
10399,90.5,2.400000000000001,5.100000000000003,0.5,18.224082912477712
10400,90.4,2.400000000000001,5.100000000000003,0.6,18.151736232046403
10401,90.29999999999998,2.400000000000001,5.100000000000003,0.7000000000000001,18.08042388861244
10402,90.8,2.500000000000001,5.100000000000003,0.1,18.39698661214184
10403,90.7,2.500000000000001,5.100000000000003,0.2,18.325968410688983
10404,90.6,2.500000000000001,5.100000000000003,0.3,18.25376819981888
10405,90.5,2.500000000000001,5.100000000000003,0.4,18.181091377692542
10406,90.4,2.500000000000001,5.100000000000003,0.5,18.108632660595507
10407,90.3,2.500000000000001,5.100000000000003,0.6,18.03706507388741
10408,90.2,2.500000000000001,5.100000000000003,0.7000000000000001,17.96702971139369
10409,90.7,2.600000000000001,5.100000000000003,0.1,18.279165520269654
10410,90.6,2.600000000000001,5.100000000000003,0.2,18.207225073579167
10411,90.5,2.600000000000001,5.100000000000003,0.3,18.13465312972994
10412,90.4,2.600000000000001,5.100000000000003,0.4,18.062147886108257
10413,90.3,2.600000000000001,5.100000000000003,0.5,17.990390014698693
10414,90.2,2.600000000000001,5.100000000000003,0.6,17.9200321261916
10415,90.1,2.600000000000001,5.100000000000003,0.7000000000000001,17.85168912165195
10416,90.6,2.700000000000001,5.100000000000003,0.1,18.157632880036463
10417,90.5,2.700000000000001,5.100000000000003,0.2,18.085216267364416
10418,90.4,2.700000000000001,5.100000000000003,0.3,18.012717222139628
10419,90.29999999999998,2.700000000000001,5.100000000000003,0.4,17.94082167620254
10420,90.2,2.700000000000001,5.100000000000003,0.5,17.87019152732751
10421,90.1,2.700000000000001,5.100000000000003,0.6,17.801454659560594
10422,89.99999999999999,2.700000000000001,5.100000000000003,0.7000000000000001,17.735195956120194
10423,90.5,2.800000000000001,5.100000000000003,0.1,18.03328013065081
10424,90.4,2.800000000000001,5.100000000000003,0.2,17.960828479438398
10425,90.3,2.800000000000001,5.100000000000003,0.3,17.888836641801902
10426,90.2,2.800000000000001,5.100000000000003,0.4,17.817973544149933
10427,90.1,2.800000000000001,5.100000000000003,0.5,17.74887797836341
10428,90.0,2.800000000000001,5.100000000000003,0.6,17.68214924971806
10429,89.89999999999999,2.800000000000001,5.100000000000003,0.7000000000000001,17.618338907054596
10430,90.4,2.900000000000001,5.100000000000003,0.1,17.907014038860602
10431,90.29999999999998,2.900000000000001,5.100000000000003,0.2,17.834957607356102
10432,90.2,2.900000000000001,5.100000000000003,0.3,17.763891352841334
10433,90.09999999999998,2.900000000000001,5.100000000000003,0.4,17.694462852109105
10434,89.99999999999999,2.900000000000001,5.100000000000003,0.5,17.6272839179818
10435,89.89999999999999,2.900000000000001,5.100000000000003,0.6,17.562921933365015
10436,89.79999999999998,2.900000000000001,5.100000000000003,0.7000000000000001,17.501892341091178
10437,90.3,3.0000000000000013,5.100000000000003,0.1,17.779744702399835
10438,90.2,3.0000000000000013,5.100000000000003,0.2,17.70849737929394
10439,90.1,3.0000000000000013,5.100000000000003,0.3,17.63875404097466
10440,89.99999999999999,3.0000000000000013,5.100000000000003,0.4,17.571137025900384
10441,89.89999999999999,3.0000000000000013,5.100000000000003,0.5,17.506227801300533
10442,89.8,3.0000000000000013,5.100000000000003,0.6,17.444559028353073
10443,89.69999999999999,3.0000000000000013,5.100000000000003,0.7000000000000001,17.386607840102723
10444,90.2,3.1000000000000014,5.100000000000003,0.1,17.652373963211694
10445,90.1,3.1000000000000014,5.100000000000003,0.2,17.582328292630592
10446,90.0,3.1000000000000014,5.100000000000003,0.3,17.514279649630108
10447,89.89999999999999,3.1000000000000014,5.100000000000003,0.4,17.448821748547974
10448,89.8,3.1000000000000014,5.100000000000003,0.5,17.386502886152222
10449,89.7,3.1000000000000014,5.100000000000003,0.6,17.327818768985427
10450,89.6,3.1000000000000014,5.100000000000003,0.7000000000000001,17.273206593745066
10451,90.1,3.200000000000001,5.100000000000003,0.1,17.525784450468752
10452,89.99999999999999,3.200000000000001,5.100000000000003,0.2,17.457307273133768
10453,89.89999999999999,3.200000000000001,5.100000000000003,0.3,17.391295713317206
10454,89.79999999999998,3.200000000000001,5.100000000000003,0.4,17.32831201269821
10455,89.69999999999999,3.200000000000001,5.100000000000003,0.5,17.268869035836623
10456,89.6,3.200000000000001,5.100000000000003,0.6,17.21342387674007
10457,89.49999999999999,3.200000000000001,5.100000000000003,0.7000000000000001,17.162372742415968
10458,90.0,3.3000000000000016,5.100000000000003,0.1,17.40082944686265
10459,89.89999999999999,3.3000000000000016,5.100000000000003,0.2,17.33425822849294
10460,89.8,3.3000000000000016,5.100000000000003,0.3,17.27059364113953
10461,89.69999999999999,3.3000000000000016,5.100000000000003,0.4,17.210364163241163
10462,89.6,3.3000000000000016,5.100000000000003,0.5,17.15404553630719
10463,89.5,3.3000000000000016,5.100000000000003,0.6,17.102055154087434
10464,89.39999999999999,3.3000000000000016,5.100000000000003,0.7000000000000001,17.0547477369925
10465,89.89999999999999,3.4000000000000017,5.100000000000003,0.1,17.278323740594093
10466,89.79999999999998,3.4000000000000017,5.100000000000003,0.2,17.21396363740027
10467,89.69999999999999,3.4000000000000017,5.100000000000003,0.3,17.15292106980668
10468,89.59999999999998,3.4000000000000017,5.100000000000003,0.4,17.095689027439267
10469,89.49999999999999,3.4000000000000017,5.100000000000003,0.5,17.04270500323524
10470,89.39999999999999,3.4000000000000017,5.100000000000003,0.6,16.99434615556124
10471,89.29999999999998,3.4000000000000017,5.100000000000003,0.7000000000000001,16.950925749154553
10472,89.8,3.5000000000000018,5.100000000000003,0.1,17.159035591166962
10473,89.69999999999999,3.5000000000000018,5.100000000000003,0.2,17.097157280286726
10474,89.6,3.5000000000000018,5.100000000000003,0.3,17.038975370150858
10475,89.49999999999999,3.5000000000000018,5.100000000000003,0.4,16.9849461947599
10476,89.39999999999999,3.5000000000000018,5.100000000000003,0.5,16.935468420014928
10477,89.3,3.5000000000000018,5.100000000000003,0.6,16.890878957042137
10478,89.19999999999999,3.5000000000000018,5.100000000000003,0.7000000000000001,16.851450134498183
10479,89.69999999999999,3.600000000000002,5.100000000000003,0.1,17.043679900752892
10480,89.59999999999998,3.600000000000002,5.100000000000003,0.2,16.984518181456714
10481,89.49999999999999,3.600000000000002,5.100000000000003,0.3,16.929398355261785
10482,89.39999999999998,3.600000000000002,5.100000000000003,0.4,16.878739473667693
10483,89.29999999999998,3.600000000000002,5.100000000000003,0.5,16.832901314230032
10484,89.19999999999999,3.600000000000002,5.100000000000003,0.6,16.792181012476483
10485,89.09999999999998,3.600000000000002,5.100000000000003,0.7000000000000001,16.756810921069434
10486,89.6,3.700000000000002,5.100000000000003,0.1,16.93291264585097
10487,89.49999999999999,3.700000000000002,5.100000000000003,0.2,16.876665796016347
10488,89.39999999999999,3.700000000000002,5.100000000000003,0.3,16.824772203171353
10489,89.29999999999998,3.700000000000002,5.100000000000003,0.4,16.777613519056548
10490,89.19999999999999,3.700000000000002,5.100000000000003,0.5,16.735511048530764
10491,89.1,3.700000000000002,5.100000000000003,0.6,16.69872305803124
10492,88.99999999999999,3.700000000000002,5.100000000000003,0.7000000000000001,16.667443269372214
10493,89.5,3.800000000000002,5.100000000000003,0.1,16.827326587494777
10494,89.39999999999999,3.800000000000002,5.100000000000003,0.2,16.774156439888618
10495,89.3,3.800000000000002,5.100000000000003,0.3,16.7256165737188
10496,89.19999999999999,3.800000000000002,5.100000000000003,0.4,16.682051592887337
10497,89.1,3.800000000000002,5.100000000000003,0.5,16.643745173277296
10498,89.0,3.800000000000002,5.100000000000003,0.6,16.61091799789565
10499,88.89999999999999,3.800000000000002,5.100000000000003,0.7000000000000001,16.5837268271304
10500,89.39999999999999,3.900000000000002,5.100000000000003,0.1,16.727448243561607
10501,89.29999999999998,3.900000000000002,5.100000000000003,0.2,16.6774809284925
10502,89.19999999999999,3.900000000000002,5.100000000000003,0.3,16.632386868865005
10503,89.09999999999998,3.900000000000002,5.100000000000003,0.4,16.592474392910763
10504,88.99999999999999,3.900000000000002,5.100000000000003,0.5,16.557990763559488
10505,88.89999999999999,3.900000000000002,5.100000000000003,0.6,16.52912068433216
10506,88.79999999999998,3.900000000000002,5.100000000000003,0.7000000000000001,16.505985883750746
10507,89.3,4.000000000000002,5.100000000000003,0.1,16.63373607490375
10508,89.19999999999999,4.000000000000002,5.100000000000003,0.2,16.587063360331044
10509,89.1,4.000000000000002,5.100000000000003,0.3,16.54547355920197
10510,88.99999999999999,4.000000000000002,5.100000000000003,0.4,16.509239860889384
10511,88.89999999999999,4.000000000000002,5.100000000000003,0.5,16.478574642976625
10512,88.8,4.000000000000002,5.100000000000003,0.6,16.453628487711427
10513,88.69999999999999,4.000000000000002,5.100000000000003,0.7000000000000001,16.434490215974442
10514,89.19999999999999,4.100000000000002,5.100000000000003,0.1,16.546579808984667
10515,89.09999999999998,4.100000000000002,5.100000000000003,0.2,16.50326095661933
10516,88.99999999999999,4.100000000000002,5.100000000000003,0.3,16.465202477442364
10517,88.89999999999998,4.100000000000002,5.100000000000003,0.4,16.432643863089858
10518,88.79999999999998,4.100000000000002,5.100000000000003,0.5,16.40576438133658
10519,88.69999999999999,4.100000000000002,5.100000000000003,0.6,16.38468254049271
10520,88.59999999999998,4.100000000000002,5.100000000000003,0.7000000000000001,16.36945650784929
10521,89.1,4.200000000000003,5.100000000000003,0.1,16.466300801217866
10522,88.99999999999999,4.200000000000003,5.100000000000003,0.2,16.426364847824555
10523,88.89999999999999,4.200000000000003,5.100000000000003,0.3,16.391835962789465
10524,88.79999999999998,4.200000000000003,5.100000000000003,0.4,16.362921622387642
10525,88.69999999999999,4.200000000000003,5.100000000000003,0.5,16.339769943474824
10526,88.6,4.200000000000003,5.100000000000003,0.6,16.32246953257067
10527,88.49999999999999,4.200000000000003,5.100000000000003,0.7000000000000001,16.311050224918755
10528,89.0,4.3000000000000025,5.100000000000003,0.1,16.39315331582202
10529,88.89999999999999,4.3000000000000025,5.100000000000003,0.2,16.35660168301306
10530,88.8,4.3000000000000025,5.100000000000003,0.3,16.32557472857981
10531,88.69999999999999,4.3000000000000025,5.100000000000003,0.4,16.300249773283944
10532,88.6,4.3000000000000025,5.100000000000003,0.5,16.280745861747697
10533,88.5,4.3000000000000025,5.100000000000003,0.6,16.26712393402843
10534,88.39999999999999,4.3000000000000025,5.100000000000003,0.7000000000000001,16.259387824218663
10535,88.89999999999999,4.400000000000002,5.100000000000003,0.1,16.32732659505585
10536,88.79999999999998,4.400000000000002,5.100000000000003,0.2,16.294135928409155
10537,88.69999999999999,4.400000000000002,5.100000000000003,0.3,16.26656031953964
10538,88.59999999999998,4.400000000000002,5.100000000000003,0.4,16.244748908435454
10539,88.49999999999999,4.400000000000002,5.100000000000003,0.5,16.228793805258615
10540,88.39999999999999,4.400000000000002,5.100000000000003,0.6,16.218730524839412
10541,88.29999999999998,4.400000000000002,5.100000000000003,0.7000000000000001,16.214539187917925
10542,88.8,4.500000000000003,5.100000000000003,0.1,16.268947578290415
10543,88.69999999999999,4.500000000000003,5.100000000000003,0.2,16.239072717554546
10544,88.6,4.500000000000003,5.100000000000003,0.3,16.21487802426571
10545,88.49999999999999,4.500000000000003,5.100000000000003,0.4,16.19648648768806
10546,88.39999999999999,4.500000000000003,5.100000000000003,0.5,16.183965424168004
10547,88.3,4.500000000000003,5.100000000000003,0.6,16.1773271189849
10548,88.19999999999999,4.500000000000003,5.100000000000003,0.7000000000000001,16.176530178685077
10549,88.69999999999999,4.600000000000003,5.100000000000003,0.1,16.218084130409167
10550,88.59999999999998,4.600000000000003,5.100000000000003,0.2,16.19146111668925
10551,88.49999999999999,4.600000000000003,5.100000000000003,0.3,16.17056011279344
10552,88.39999999999998,4.600000000000003,5.100000000000003,0.4,16.15547998764469
10553,88.29999999999998,4.600000000000003,5.100000000000003,0.5,16.146265356981168
10554,88.19999999999999,4.600000000000003,5.100000000000003,0.6,16.142907382179665
10555,88.09999999999998,4.600000000000003,5.100000000000003,0.7000000000000001,16.145345228415486
10556,88.6,4.700000000000003,5.100000000000003,0.1,16.174748642187335
10557,88.49999999999999,4.700000000000003,5.100000000000003,0.2,16.151297675037323
10558,88.39999999999999,4.700000000000003,5.100000000000003,0.3,16.133589277832318
10559,88.29999999999998,4.700000000000003,5.100000000000003,0.4,16.121700180875806
10560,88.19999999999999,4.700000000000003,5.100000000000003,0.5,16.115654301816164
10561,88.1,4.700000000000003,5.100000000000003,0.6,16.115423657173
10562,87.99999999999999,4.700000000000003,5.100000000000003,0.7000000000000001,16.120929888013208
10563,88.5,4.8000000000000025,5.100000000000003,0.1,16.138901873096344
10564,88.39999999999999,4.8000000000000025,5.100000000000003,0.2,16.118530139983537
10565,88.3,4.8000000000000025,5.100000000000003,0.3,16.103902170757266
10566,88.19999999999999,4.8000000000000025,5.100000000000003,0.4,16.095074448255442
10567,88.1,4.8000000000000025,5.100000000000003,0.5,16.092052068525025
10568,88.0,4.8000000000000025,5.100000000000003,0.6,16.09478972757305
10569,87.89999999999999,4.8000000000000025,5.100000000000003,0.7000000000000001,16.103193283613816
10570,88.39999999999999,4.900000000000003,5.100000000000003,0.1,16.110456918756178
10571,88.29999999999998,4.900000000000003,5.100000000000003,0.2,16.09306123094374
10572,88.19999999999999,4.900000000000003,5.100000000000003,0.3,16.081392938953414
10573,88.09999999999998,4.900000000000003,5.100000000000003,0.4,16.075490044733463
10574,87.99999999999999,4.900000000000003,5.100000000000003,0.5,16.075340546297756
10575,87.89999999999999,4.900000000000003,5.100000000000003,0.6,16.080883469428287
10576,87.79999999999998,4.900000000000003,5.100000000000003,0.7000000000000001,16.09201044305452
10577,88.3,5.000000000000004,5.100000000000003,0.1,16.089283200242523
10578,88.19999999999999,5.000000000000004,5.100000000000003,0.2,16.074752382227995
10579,88.1,5.000000000000004,5.100000000000003,0.3,16.06591668874466
10580,87.99999999999999,5.000000000000004,5.100000000000003,0.4,16.062797257232045
10581,87.89999999999999,5.000000000000004,5.100000000000003,0.5,16.065366540102687
10582,87.8,5.000000000000004,5.100000000000003,0.6,16.073549358477518
10583,87.69999999999999,5.000000000000004,5.100000000000003,0.7000000000000001,16.087224474648753
10584,88.19999999999999,5.100000000000003,5.100000000000003,0.1,16.075210389783766
10585,88.09999999999998,5.100000000000003,5.100000000000003,0.2,16.06342738347508
10586,87.99999999999999,5.100000000000003,5.100000000000003,0.3,16.057292816975234
10587,87.89999999999998,5.100000000000003,5.100000000000003,0.4,16.056812412357683
10588,87.79999999999998,5.100000000000003,5.100000000000003,0.5,16.061944448095293
10589,87.69999999999999,5.100000000000003,5.100000000000003,0.6,16.072600819159575
10590,87.59999999999998,5.100000000000003,5.100000000000003,0.7000000000000001,16.088648597553853
10591,88.1,5.200000000000003,5.100000000000003,0.1,16.06803220614427
10592,87.99999999999999,5.200000000000003,5.100000000000003,0.2,16.058875865374695
10593,87.89999999999999,5.200000000000003,5.100000000000003,0.3,16.055308173437144
10594,87.79999999999998,5.200000000000003,5.100000000000003,0.4,16.05732071034582
10595,87.69999999999999,5.200000000000003,5.100000000000003,0.5,16.064858770089
10596,87.6,5.200000000000003,5.100000000000003,0.6,16.077822418330484
10597,87.49999999999999,5.200000000000003,5.100000000000003,0.7000000000000001,16.096068038465447
10598,88.0,5.300000000000003,5.100000000000003,0.1,16.067510032265613
10599,87.89999999999999,5.300000000000003,5.100000000000003,0.2,16.060856597481667
10600,87.8,5.300000000000003,5.100000000000003,0.3,16.059720034860316
10601,87.69999999999999,5.300000000000003,5.100000000000003,0.4,16.064078879258172
10602,87.6,5.300000000000003,5.100000000000003,0.5,16.073866453533643
10603,87.5,5.300000000000003,5.100000000000003,0.6,16.08897192144195
10604,87.39999999999999,5.300000000000003,5.100000000000003,0.7000000000000001,16.109241822379243
10605,87.89999999999999,5.400000000000004,5.100000000000003,0.1,16.073376326638787
10606,87.79999999999998,5.400000000000004,5.100000000000003,0.2,16.069100583107453
10607,87.69999999999999,5.400000000000004,5.100000000000003,0.3,16.070258888296728
10608,87.59999999999998,5.400000000000004,5.100000000000003,0.4,16.076817659181998
10609,87.49999999999999,5.400000000000004,5.100000000000003,0.5,16.08869909750885
10610,87.39999999999999,5.400000000000004,5.100000000000003,0.6,16.105782241090385
10611,87.29999999999998,5.400000000000004,5.100000000000003,0.7000000000000001,16.12790449521872
10612,87.8,5.500000000000004,5.100000000000003,0.1,16.085337817587824
10613,87.69999999999999,5.500000000000004,5.100000000000003,0.2,16.083313952781605
10614,87.6,5.500000000000004,5.100000000000003,0.3,16.086631036731017
10615,87.49999999999999,5.500000000000004,5.100000000000003,0.4,16.095244139407846
10616,87.39999999999999,5.500000000000004,5.100000000000003,0.5,16.109065046468896
10617,87.3,5.500000000000004,5.100000000000003,0.6,16.127963316900768
10618,87.19999999999999,5.500000000000004,5.100000000000003,0.7000000000000001,16.151767822885144
10619,91.7,1.5,5.200000000000003,0.1,19.13323400349772
10620,91.6,1.5,5.200000000000003,0.2,19.09108452684567
10621,91.5,1.5,5.200000000000003,0.3,19.043789015522055
10622,91.4,1.5,5.200000000000003,0.4,18.99184977440711
10623,91.3,1.5,5.200000000000003,0.5,18.935818650540472
10624,91.2,1.5,5.200000000000003,0.6,18.876287118775295
10625,91.1,1.5,5.200000000000003,0.7000000000000001,18.813875772496175
10626,91.6,1.6,5.200000000000003,0.1,19.087279232158405
10627,91.5,1.6,5.200000000000003,0.2,19.041096981709636
10628,91.4,1.6,5.200000000000003,0.3,18.990060558889407
10629,91.3,1.6,5.200000000000003,0.4,18.934709809112217
10630,91.2,1.6,5.200000000000003,0.5,18.87562883669774
10631,91.1,1.6,5.200000000000003,0.6,18.81343559241316
10632,91.0,1.6,5.200000000000003,0.7000000000000001,18.74877100700536
10633,91.5,1.7000000000000002,5.200000000000003,0.1,19.032417346648007
10634,91.4,1.7000000000000002,5.200000000000003,0.2,18.98239698224122
10635,91.3,1.7000000000000002,5.200000000000003,0.3,18.927856891629162
10636,91.2,1.7000000000000002,5.200000000000003,0.4,18.86937085074051
10637,91.1,1.7000000000000002,5.200000000000003,0.5,18.807551119608753
10638,91.0,1.7000000000000002,5.200000000000003,0.6,18.743037627166633
10639,90.9,1.7000000000000002,5.200000000000003,0.7000000000000001,18.676486849765563
10640,91.4,1.8000000000000005,5.200000000000003,0.1,18.968853599298818
10641,91.3,1.8000000000000005,5.200000000000003,0.2,18.915233563656116
10642,91.2,1.8000000000000005,5.200000000000003,0.3,18.85746776420169
10643,91.1,1.8000000000000005,5.200000000000003,0.4,18.796159825201883
10644,91.0,1.8000000000000005,5.200000000000003,0.5,18.73194566401841
10645,90.9,1.8000000000000005,5.200000000000003,0.6,18.665482375377564
10646,90.8,1.8000000000000005,5.200000000000003,0.7000000000000001,18.597436961548393
10647,91.3,1.9000000000000004,5.200000000000003,0.1,18.8968905017228
10648,91.2,1.9000000000000004,5.200000000000003,0.2,18.83994986269945
10649,91.1,1.9000000000000004,5.200000000000003,0.3,18.779273275808748
10650,91.0,1.9000000000000004,5.200000000000003,0.4,18.71548972825631
10651,90.9,1.9000000000000004,5.200000000000003,0.5,18.64925397624425
10652,90.8,1.9000000000000004,5.200000000000003,0.6,18.581235235793418
10653,90.7,1.9000000000000004,5.200000000000003,0.7000000000000001,18.512105873640174
10654,91.2,2.0000000000000004,5.200000000000003,0.1,18.816924193718698
10655,91.1,2.0000000000000004,5.200000000000003,0.2,18.756978736605536
10656,91.0,2.0000000000000004,5.200000000000003,0.3,18.69373881456051
10657,90.9,2.0000000000000004,5.200000000000003,0.4,18.627853966980176
10658,90.8,2.0000000000000004,5.200000000000003,0.5,18.55999273410096
10659,90.7,2.0000000000000004,5.200000000000003,0.6,18.490831264174467
10660,90.6,2.0000000000000004,5.200000000000003,0.7000000000000001,18.421042074352254
10661,91.1,2.1000000000000005,5.200000000000003,0.1,18.729439194676303
10662,91.0,2.1000000000000005,5.200000000000003,0.2,18.666836852954955
10663,90.9,2.1000000000000005,5.200000000000003,0.3,18.601408569032987
10664,90.8,2.1000000000000005,5.200000000000003,0.4,18.53381938324631
10665,90.7,2.1000000000000005,5.200000000000003,0.5,18.464746417465378
10666,90.6,2.1000000000000005,5.200000000000003,0.6,18.394867508940493
10667,90.5,2.1000000000000005,5.200000000000003,0.7000000000000001,18.324850148467128
10668,91.0,2.2000000000000006,5.200000000000003,0.1,18.635001662712355
10669,90.9,2.2000000000000006,5.200000000000003,0.2,18.57011739282781
10670,90.8,2.2000000000000006,5.200000000000003,0.3,18.502897768484214
10671,90.7,2.2000000000000006,5.200000000000003,0.4,18.434018128851733
10672,90.6,2.2000000000000006,5.200000000000003,0.5,18.364158918830462
10673,90.5,2.2000000000000006,5.200000000000003,0.6,18.293994458184564
10674,90.4,2.2000000000000006,5.200000000000003,0.7000000000000001,18.224182160167132
10675,90.9,2.3000000000000007,5.200000000000003,0.1,18.534251322931823
10676,90.8,2.3000000000000007,5.200000000000003,0.2,18.467481542657758
10677,90.7,2.3000000000000007,5.200000000000003,0.3,18.398883838551946
10678,90.6,2.3000000000000007,5.200000000000003,0.4,18.329138587802543
10679,90.5,2.3000000000000007,5.200000000000003,0.5,18.25892433523821
10680,90.4,2.3000000000000007,5.200000000000003,0.6,18.18890680250503
10681,90.3,2.3000000000000007,5.200000000000003,0.7000000000000001,18.119728484192727
10682,90.8,2.400000000000001,5.200000000000003,0.1,18.427892257213358
10683,90.7,2.400000000000001,5.200000000000003,0.2,18.359648977589057
10684,90.6,2.400000000000001,5.200000000000003,0.3,18.290096682836964
10685,90.5,2.400000000000001,5.200000000000003,0.4,18.219915560896
10686,90.4,2.400000000000001,5.200000000000003,0.5,18.149777158599033
10687,90.3,2.400000000000001,5.200000000000003,0.6,18.080333729727432
10688,90.2,2.400000000000001,5.200000000000003,0.7000000000000001,18.012208297682598
10689,90.7,2.500000000000001,5.200000000000003,0.1,18.3166827728174
10690,90.6,2.500000000000001,5.200000000000003,0.2,18.24738756010776
10691,90.5,2.500000000000001,5.200000000000003,0.3,18.177308317701176
10692,90.4,2.500000000000001,5.200000000000003,0.4,18.10711994058048
10693,90.3,2.500000000000001,5.200000000000003,0.5,18.037482090200058
10694,90.2,2.500000000000001,5.200000000000003,0.6,17.969028972442086
10695,90.1,2.500000000000001,5.200000000000003,0.7000000000000001,17.902359946236025
10696,90.6,2.600000000000001,5.200000000000003,0.1,18.201424585189752
10697,90.5,2.600000000000001,5.200000000000003,0.2,18.131502491680056
10698,90.4,2.600000000000001,5.200000000000003,0.3,18.061322097440918
10699,90.3,2.600000000000001,5.200000000000003,0.4,17.991548109836547
10700,90.2,2.600000000000001,5.200000000000003,0.5,17.922823707026183
10701,90.1,2.600000000000001,5.200000000000003,0.6,17.855760827361284
10702,90.0,2.600000000000001,5.200000000000003,0.7000000000000001,17.79093139233024
10703,90.5,2.700000000000001,5.200000000000003,0.1,18.0829515611198
10704,90.4,2.700000000000001,5.200000000000003,0.2,18.012825161765512
10705,90.3,2.700000000000001,5.200000000000003,0.3,17.942961769564302
10706,90.2,2.700000000000001,5.200000000000003,0.4,17.874011297474578
10707,90.1,2.700000000000001,5.200000000000003,0.5,17.806596202474307
10708,90.0,2.700000000000001,5.200000000000003,0.6,17.741302357039633
10709,89.89999999999999,2.700000000000001,5.200000000000003,0.7000000000000001,17.67867094267462
10710,90.4,2.800000000000001,5.200000000000003,0.1,17.962118271712608
10711,90.3,2.800000000000001,5.200000000000003,0.2,17.89220193783427
10712,90.2,2.800000000000001,5.200000000000003,0.3,17.82306059529626
10713,90.1,2.800000000000001,5.200000000000003,0.4,17.755325114015278
10714,90.0,2.800000000000001,5.200000000000003,0.5,17.689593412487504
10715,89.9,2.800000000000001,5.200000000000003,0.6,17.626421969969325
10716,89.8,2.800000000000001,5.200000000000003,0.7000000000000001,17.56631843396555
10717,90.3,2.900000000000001,5.200000000000003,0.1,17.839788600527648
10718,90.2,2.900000000000001,5.200000000000003,0.2,17.77048313211807
10719,90.1,2.900000000000001,5.200000000000003,0.3,17.702450759006588
10720,89.99999999999999,2.900000000000001,5.200000000000003,0.4,17.636299477680893
10721,89.89999999999999,2.900000000000001,5.200000000000003,0.5,17.572599320652127
10722,89.8,2.900000000000001,5.200000000000003,0.6,17.51187455514191
10723,89.69999999999999,2.900000000000001,5.200000000000003,0.7000000000000001,17.45459703458002
10724,90.2,3.0000000000000013,5.200000000000003,0.1,17.71682464105987
10725,90.1,3.0000000000000013,5.200000000000003,0.2,17.648512366234783
10726,90.0,3.0000000000000013,5.200000000000003,0.3,17.581953272590773
10727,89.89999999999999,3.0000000000000013,5.200000000000003,0.4,17.517729119666193
10728,89.8,3.0000000000000013,5.200000000000003,0.5,17.45637921317313
10729,89.7,3.0000000000000013,5.200000000000003,0.6,17.398393322716174
10730,89.6,3.0000000000000013,5.200000000000003,0.7000000000000001,17.344205793936567
10731,90.1,3.1000000000000014,5.200000000000003,0.1,17.59407610007578
10732,90.0,3.1000000000000014,5.200000000000003,0.2,17.527116534241244
10733,89.9,3.1000000000000014,5.200000000000003,0.3,17.462368557723895
10734,89.8,3.1000000000000014,5.200000000000003,0.4,17.400384832662372
10735,89.7,3.1000000000000014,5.200000000000003,0.5,17.341671627817405
10736,89.60000000000001,3.1000000000000014,5.200000000000003,0.6,17.286682474452995
10737,89.5,3.1000000000000014,5.200000000000003,0.7000000000000001,17.235813042594554
10738,90.0,3.200000000000001,5.200000000000003,0.1,17.472370399967996
10739,89.89999999999999,3.200000000000001,5.200000000000003,0.2,17.407096538978863
10740,89.8,3.200000000000001,5.200000000000003,0.3,17.344467861327114
10741,89.69999999999999,3.200000000000001,5.200000000000003,0.4,17.285005597602247
10742,89.6,3.200000000000001,5.200000000000003,0.5,17.22918121097032
10743,89.5,3.200000000000001,5.200000000000003,0.6,17.17741079717445
10744,89.39999999999999,3.200000000000001,5.200000000000003,0.7000000000000001,17.130050715772878
10745,89.9,3.3000000000000016,5.200000000000003,0.1,17.35250364523291
10746,89.8,3.3000000000000016,5.200000000000003,0.2,17.289218946832875
10747,89.7,3.3000000000000016,5.200000000000003,0.3,17.22898562863181
10748,89.6,3.3000000000000016,5.200000000000003,0.4,17.172291691920712
10749,89.5,3.3000000000000016,5.200000000000003,0.5,17.119572565040954
10750,89.4,3.3000000000000016,5.200000000000003,0.6,17.071206240833874
10751,89.3,3.3000000000000016,5.200000000000003,0.7000000000000001,17.027509641990655
10752,89.8,3.4000000000000017,5.200000000000003,0.1,17.23523258652811
10753,89.69999999999999,3.4000000000000017,5.200000000000003,0.2,17.174208673386513
10754,89.6,3.4000000000000017,5.200000000000003,0.3,17.116612925090628
10755,89.49999999999999,3.4000000000000017,5.200000000000003,0.4,17.06289884947833
10756,89.39999999999999,3.4000000000000017,5.200000000000003,0.5,17.013465135769753
10757,89.3,3.4000000000000017,5.200000000000003,0.6,16.96865151101653
10758,89.19999999999999,3.4000000000000017,5.200000000000003,0.7000000000000001,16.928735808095034
10759,89.7,3.5000000000000018,5.200000000000003,0.1,17.121267681733467
10760,89.6,3.5000000000000018,5.200000000000003,0.2,17.062742778146617
10761,89.5,3.5000000000000018,5.200000000000003,0.3,17.00799196429321
10762,89.39999999999999,3.5000000000000018,5.200000000000003,0.4,16.957433508890325
10763,89.3,3.5000000000000018,5.200000000000003,0.5,16.911429156718512
10764,89.2,3.5000000000000018,5.200000000000003,0.6,16.87028067495777
10765,89.1,3.5000000000000018,5.200000000000003,0.7000000000000001,16.834227583116995
10766,89.6,3.600000000000002,5.200000000000003,0.1,17.011267318277376
10767,89.49999999999999,3.600000000000002,5.200000000000003,0.2,16.955445411787345
10768,89.39999999999999,3.600000000000002,5.200000000000003,0.3,16.903711765215768
10769,89.29999999999998,3.600000000000002,5.200000000000003,0.4,16.856449154515925
10770,89.19999999999999,3.600000000000002,5.200000000000003,0.5,16.81398263747832
10771,89.1,3.600000000000002,5.200000000000003,0.6,16.776576751521972
10772,88.99999999999999,3.600000000000002,5.200000000000003,0.7000000000000001,16.744433857158104
10773,89.5,3.700000000000002,5.200000000000003,0.1,16.905833225941755
10774,89.39999999999999,3.700000000000002,5.200000000000003,0.2,16.852883925418933
10775,89.3,3.700000000000002,5.200000000000003,0.3,16.804304929734087
10776,89.19999999999999,3.700000000000002,5.200000000000003,0.4,16.760443723895712
10777,89.1,3.700000000000002,5.200000000000003,0.5,16.721589353942225
10778,89.0,3.700000000000002,5.200000000000003,0.6,16.68797022996816
10779,88.89999999999999,3.700000000000002,5.200000000000003,0.7000000000000001,16.65975302870002
10780,89.4,3.800000000000002,5.200000000000003,0.1,16.805507075618653
10781,89.3,3.800000000000002,5.200000000000003,0.2,16.75556611937395
10782,89.2,3.800000000000002,5.200000000000003,0.3,16.710245501422396
10783,89.1,3.800000000000002,5.200000000000003,0.4,16.669858027958256
10784,89.0,3.800000000000002,5.200000000000003,0.5,16.63465777424372
10785,88.9,3.800000000000002,5.200000000000003,0.6,16.604838440522343
10786,88.8,3.800000000000002,5.200000000000003,0.7000000000000001,16.580532755020094
10787,89.3,3.900000000000002,5.200000000000003,0.1,16.710768228157633
10788,89.19999999999999,3.900000000000002,5.200000000000003,0.2,16.66393857993542
10789,89.1,3.900000000000002,5.200000000000003,0.3,16.621947840177857
10790,88.99999999999999,3.900000000000002,5.200000000000003,0.4,16.585075106685323
10791,88.89999999999999,3.900000000000002,5.200000000000003,0.5,16.55354083338358
10792,88.8,3.900000000000002,5.200000000000003,0.6,16.527505682393105
10793,88.69999999999999,3.900000000000002,5.200000000000003,0.7000000000000001,16.507070366283127
10794,89.2,4.000000000000002,5.200000000000003,0.1,16.62203256947617
10795,89.1,4.000000000000002,5.200000000000003,0.2,16.57838602717579
10796,89.0,4.000000000000002,5.200000000000003,0.3,16.53976642491522
10797,88.89999999999999,4.000000000000002,5.200000000000003,0.4,16.506420423776024
10798,88.8,4.000000000000002,5.200000000000003,0.5,16.478536453689472
10799,88.7,4.000000000000002,5.200000000000003,0.6,16.456244002317028
10800,88.6,4.000000000000002,5.200000000000003,0.7000000000000001,16.439613834652338
10801,89.1,4.100000000000002,5.200000000000003,0.1,16.539652344303764
10802,88.99999999999999,4.100000000000002,5.200000000000003,0.2,16.499231576322096
10803,88.89999999999999,4.100000000000002,5.200000000000003,0.3,16.463996479040144
10804,88.79999999999998,4.100000000000002,5.200000000000003,0.4,16.434162789638297
10805,88.69999999999999,4.100000000000002,5.200000000000003,0.5,16.409888697404625
10806,88.6,4.100000000000002,5.200000000000003,0.6,16.391274509212746
10807,88.49999999999999,4.100000000000002,5.200000000000003,0.7000000000000001,16.3783631855076
10808,89.0,4.200000000000003,5.200000000000003,0.1,16.463916881898278
10809,88.89999999999999,4.200000000000003,5.200000000000003,0.2,16.426737799297086
10810,88.8,4.200000000000003,5.200000000000003,0.3,16.39487530099859
10811,88.69999999999999,4.200000000000003,5.200000000000003,0.4,16.36851589300163
10812,88.6,4.200000000000003,5.200000000000003,0.5,16.34778943200219
10813,88.5,4.200000000000003,5.200000000000003,0.6,16.332769108053135
10814,88.39999999999999,4.200000000000003,5.200000000000003,0.7000000000000001,16.323472238458088
10815,88.9,4.3000000000000025,5.200000000000003,0.1,16.395054093207413
10816,88.8,4.3000000000000025,5.200000000000003,0.2,16.36110846258298
10817,88.7,4.3000000000000025,5.200000000000003,0.3,16.3325841750632
10818,88.6,4.3000000000000025,5.200000000000003,0.4,16.309640317615656
10819,88.5,4.3000000000000025,5.200000000000003,0.5,16.29238038817871
10820,88.4,4.3000000000000025,5.200000000000003,0.6,16.280852538429173
10821,88.3,4.3000000000000025,5.200000000000003,0.7000000000000001,16.275050570977765
10822,88.8,4.400000000000002,5.200000000000003,0.1,16.33323261043254
10823,88.69999999999999,4.400000000000002,5.200000000000003,0.2,16.30249081237286
10824,88.6,4.400000000000002,5.200000000000003,0.3,16.277250735594038
10825,88.49999999999999,4.400000000000002,5.200000000000003,0.4,16.257645921696042
10826,88.39999999999999,4.400000000000002,5.200000000000003,0.5,16.243755494602798
10827,88.3,4.400000000000002,5.200000000000003,0.6,16.235604610083282
10828,88.19999999999999,4.400000000000002,5.200000000000003,0.7000000000000001,16.233165606688765
10829,88.7,4.500000000000003,5.200000000000003,0.1,16.27856443675119
10830,88.6,4.500000000000003,5.200000000000003,0.2,16.25097827796248
10831,88.5,4.500000000000003,5.200000000000003,0.3,16.22895166103326
10832,88.39999999999999,4.500000000000003,5.200000000000003,0.4,16.21259446362707
10833,88.3,4.500000000000003,5.200000000000003,0.5,16.201963381911188
10834,88.2,4.500000000000003,5.200000000000003,0.6,16.19706253837276
10835,88.1,4.500000000000003,5.200000000000003,0.7000000000000001,16.197844742932254
10836,88.6,4.600000000000003,5.200000000000003,0.1,16.231107975832188
10837,88.49999999999999,4.600000000000003,5.200000000000003,0.2,16.206613469142933
10838,88.39999999999999,4.600000000000003,5.200000000000003,0.3,16.18771558140942
10839,88.29999999999998,4.600000000000003,5.200000000000003,0.4,16.17450236738467
10840,88.19999999999999,4.600000000000003,5.200000000000003,0.5,16.167009960524688
10841,88.1,4.600000000000003,5.200000000000003,0.6,16.16522329648603
10842,87.99999999999999,4.600000000000003,5.200000000000003,0.7000000000000001,16.169077447541795
10843,88.5,4.700000000000003,5.200000000000003,0.1,16.190871317304982
10844,88.39999999999999,4.700000000000003,5.200000000000003,0.2,16.169391352457584
10845,88.3,4.700000000000003,5.200000000000003,0.3,16.153526094523993
10846,88.19999999999999,4.700000000000003,5.200000000000003,0.4,16.14334353451308
10847,88.1,4.700000000000003,5.200000000000003,0.5,16.13886099184681
10848,88.0,4.700000000000003,5.200000000000003,0.6,16.140045917471053
10849,87.89999999999999,4.700000000000003,5.200000000000003,0.7000000000000001,16.146817271829647
10850,88.4,4.8000000000000025,5.200000000000003,0.1,16.15781566493135
10851,88.3,4.8000000000000025,5.200000000000003,0.2,16.139262503910945
10852,88.2,4.8000000000000025,5.200000000000003,0.3,16.126324800525445
10853,88.1,4.8000000000000025,5.200000000000003,0.4,16.119052125471786
10854,88.0,4.8000000000000025,5.200000000000003,0.5,16.11744458946299
10855,87.9,4.8000000000000025,5.200000000000003,0.6,16.12145369687216
10856,87.8,4.8000000000000025,5.200000000000003,0.7000000000000001,16.13098374482454
10857,88.3,4.900000000000003,5.200000000000003,0.1,16.131858808148028
10858,88.19999999999999,4.900000000000003,5.200000000000003,0.2,16.116136351273614
10859,88.1,4.900000000000003,5.200000000000003,0.3,16.106014281406555
10860,87.99999999999999,4.900000000000003,5.200000000000003,0.4,16.10152525089184
10861,87.89999999999999,4.900000000000003,5.200000000000003,0.5,16.102653605182656
10862,87.8,4.900000000000003,5.200000000000003,0.6,16.109336265107874
10863,87.69999999999999,4.900000000000003,5.200000000000003,0.7000000000000001,16.121464131867217
10864,88.2,5.000000000000004,5.200000000000003,0.1,16.112878554077074
10865,88.1,5.000000000000004,5.200000000000003,0.2,16.099884336648394
10866,88.0,5.000000000000004,5.200000000000003,0.3,16.092460970191755
10867,87.89999999999999,5.000000000000004,5.200000000000003,0.4,16.090625531832778
10868,87.8,5.000000000000004,5.200000000000003,0.5,16.094347873251845
10869,87.7,5.000000000000004,5.200000000000003,0.6,16.103551516765904
10870,87.6,5.000000000000004,5.200000000000003,0.7000000000000001,16.11811505791757
10871,88.1,5.100000000000003,5.200000000000003,0.1,16.100716055150993
10872,87.99999999999999,5.100000000000003,5.200000000000003,0.2,16.09034294854123
10873,87.89999999999999,5.100000000000003,5.200000000000003,0.3,16.085497873301446
10874,87.79999999999998,5.100000000000003,5.200000000000003,0.4,16.08618350660986
10875,87.69999999999999,5.100000000000003,5.200000000000003,0.5,16.092356303932462
10876,87.6,5.100000000000003,5.200000000000003,0.6,16.10392740090245
10877,87.49999999999999,5.100000000000003,5.200000000000003,0.7000000000000001,16.12076401156459
10878,88.0,5.200000000000003,5.200000000000003,0.1,16.095178986263615
10879,87.89999999999999,5.200000000000003,5.200000000000003,0.2,16.087316591410566
10880,87.8,5.200000000000003,5.200000000000003,0.3,16.0849271278993
10881,87.69999999999999,5.200000000000003,5.200000000000003,0.4,16.087999879308747
10882,87.6,5.200000000000003,5.200000000000003,0.5,16.096478834081744
10883,87.5,5.200000000000003,5.200000000000003,0.6,16.110263591455855
10884,87.39999999999999,5.200000000000003,5.200000000000003,0.7000000000000001,16.129210759072265
10885,87.9,5.300000000000003,5.200000000000003,0.1,16.09604454394458
10886,87.8,5.300000000000003,5.200000000000003,0.2,16.090580278683515
10887,87.7,5.300000000000003,5.200000000000003,0.3,16.09052239311939
10888,87.6,5.300000000000003,5.200000000000003,0.4,16.095847620944145
10889,87.5,5.300000000000003,5.200000000000003,0.5,16.106488256660747
10890,87.4,5.300000000000003,5.200000000000003,0.6,16.122333069382137
10891,87.3,5.300000000000003,5.200000000000003,0.7000000000000001,16.14322870828732
10892,87.8,5.400000000000004,5.200000000000003,0.1,16.10306225763032
10893,87.69999999999999,5.400000000000004,5.200000000000003,0.2,16.09988215173711
10894,87.6,5.400000000000004,5.200000000000003,0.3,16.102031089199276
10895,87.49999999999999,5.400000000000004,5.200000000000003,0.4,16.109473947687842
10896,87.39999999999999,5.400000000000004,5.200000000000003,0.5,16.122131962669823
10897,87.3,5.400000000000004,5.200000000000003,0.6,16.13988365759715
10898,87.19999999999999,5.400000000000004,5.200000000000003,0.7000000000000001,16.1625662694784
10899,87.7,5.500000000000004,5.200000000000003,0.1,16.115956618922713
10900,87.6,5.500000000000004,5.200000000000003,0.2,16.114945841665435
10901,87.5,5.500000000000004,5.200000000000003,0.3,16.11917651110625
10902,87.39999999999999,5.500000000000004,5.200000000000003,0.4,16.128602211166566
10903,87.3,5.500000000000004,5.200000000000003,0.5,16.1431336374212
10904,87.2,5.500000000000004,5.200000000000003,0.6,16.162639555934017
10905,87.1,5.500000000000004,5.200000000000003,0.7000000000000001,16.186948263939843
10906,91.6,1.5,5.300000000000003,0.1,19.05586099363337
10907,91.5,1.5,5.300000000000003,0.2,19.01250310910086
10908,91.4,1.5,5.300000000000003,0.3,18.96442792441269
10909,91.3,1.5,5.300000000000003,0.4,18.912144647022444
10910,91.2,1.5,5.300000000000003,0.5,18.85620562510912
10911,91.1,1.5,5.300000000000003,0.6,18.797196492275987
10912,91.0,1.5,5.300000000000003,0.7000000000000001,18.73572586165957
10913,91.5,1.6,5.300000000000003,0.1,19.00757703204968
10914,91.4,1.6,5.300000000000003,0.2,18.960483497741432
10915,91.3,1.6,5.300000000000003,0.3,18.908976721907013
10916,91.2,1.6,5.300000000000003,0.4,18.853599254109362
10917,91.1,1.6,5.300000000000003,0.5,18.79493142398801
10918,91.0,1.6,5.300000000000003,0.6,18.73358108134722
10919,90.9,1.6,5.300000000000003,0.7000000000000001,18.67017302453538
10920,91.4,1.7000000000000002,5.300000000000003,0.1,18.950849197512014
10921,91.3,1.7000000000000002,5.300000000000003,0.2,18.900231450646785
10922,91.2,1.7000000000000002,5.300000000000003,0.3,18.84554321113044
10923,91.1,1.7000000000000002,5.300000000000003,0.4,18.787356624779456
10924,91.0,1.7000000000000002,5.300000000000003,0.5,18.726275841142428
10925,90.9,1.7000000000000002,5.300000000000003,0.6,18.662926444521467
10926,90.8,1.7000000000000002,5.300000000000003,0.7000000000000001,18.59794471690914
10927,91.3,1.8000000000000005,5.300000000000003,0.1,18.885916076816947
10928,91.2,1.8000000000000005,5.300000000000003,0.2,18.832025306613346
10929,91.1,1.8000000000000005,5.300000000000003,0.3,18.774442213144123
10930,91.0,1.8000000000000005,5.300000000000003,0.4,18.71376438927181
10931,90.9,1.8000000000000005,5.300000000000003,0.5,18.650615316427412
10932,90.8,1.8000000000000005,5.300000000000003,0.6,18.58563358722385
10933,90.7,1.8000000000000005,5.300000000000003,0.7000000000000001,18.519462106027905
10934,91.2,1.9000000000000004,5.300000000000003,0.1,18.813106924493397
10935,91.1,1.9000000000000004,5.300000000000003,0.2,18.756230619882533
10936,91.0,1.9000000000000004,5.300000000000003,0.3,18.696071791046876
10937,90.9,1.9000000000000004,5.300000000000003,0.4,18.6332489969162
10938,90.8,1.9000000000000004,5.300000000000003,0.5,18.568400314028086
10939,90.7,1.9000000000000004,5.300000000000003,0.6,18.502172454503672
10940,90.6,1.9000000000000004,5.300000000000003,0.7000000000000001,18.4352100080612
10941,91.1,2.0000000000000004,5.300000000000003,0.1,18.73283742670169
10942,91.0,2.0000000000000004,5.300000000000003,0.2,18.673295263910113
10943,90.9,2.0000000000000004,5.300000000000003,0.3,18.61090776892989
10944,90.8,2.0000000000000004,5.300000000000003,0.4,18.546309732835766
10945,90.7,2.0000000000000004,5.300000000000003,0.5,18.480148924822544
10946,90.6,2.0000000000000004,5.300000000000003,0.6,18.413075210337418
10947,90.5,2.0000000000000004,5.300000000000003,0.7000000000000001,18.3457299369859
10948,91.0,2.1000000000000005,5.300000000000003,0.1,18.645603998673774
10949,90.9,2.1000000000000005,5.300000000000003,0.2,18.583743163547375
10950,90.8,2.1000000000000005,5.300000000000003,0.3,18.519496984222542
10951,90.7,2.1000000000000005,5.300000000000003,0.4,18.453511581113062
10952,90.6,2.1000000000000005,5.300000000000003,0.5,18.38643943424134
10953,90.5,2.1000000000000005,5.300000000000003,0.6,18.318928605232294
10954,90.4,2.1000000000000005,5.300000000000003,0.7000000000000001,18.25161236615293
10955,90.9,2.2000000000000006,5.300000000000003,0.1,18.551976754314182
10956,90.8,2.2000000000000006,5.300000000000003,0.2,18.48816680877098
10957,90.7,2.2000000000000006,5.300000000000003,0.3,18.422449438699473
10958,90.6,2.2000000000000006,5.300000000000003,0.4,18.355477109283033
10959,90.5,2.2000000000000006,5.300000000000003,0.5,18.28790203744571
10960,90.4,2.2000000000000006,5.300000000000003,0.6,18.220365618239683
10961,90.3,2.2000000000000006,5.300000000000003,0.7000000000000001,18.15348839028923
10962,90.8,2.3000000000000007,5.300000000000003,0.1,18.4525913181346
10963,90.7,2.3000000000000007,5.300000000000003,0.2,18.387218731351133
10964,90.6,2.3000000000000007,5.300000000000003,0.3,18.320429538139695
10965,90.5,2.3000000000000007,5.300000000000003,0.4,18.252877570043857
10966,90.4,2.3000000000000007,5.300000000000003,0.5,18.18520990088801
10967,90.3,2.3000000000000007,5.300000000000003,0.6,18.118056572925756
10968,90.2,2.3000000000000007,5.300000000000003,0.7000000000000001,18.052020985369158
10969,90.7,2.400000000000001,5.300000000000003,0.1,18.34813967578286
10970,90.6,2.400000000000001,5.300000000000003,0.2,18.28160214827533
10971,90.5,2.400000000000001,5.300000000000003,0.3,18.214146629254547
10972,90.4,2.400000000000001,5.300000000000003,0.4,18.146423430828396
10973,90.3,2.400000000000001,5.300000000000003,0.5,18.079069780199283
10974,90.2,2.400000000000001,5.300000000000003,0.6,18.012699933926026
10975,90.1,2.400000000000001,5.300000000000003,0.7000000000000001,17.947896067204567
10976,90.6,2.500000000000001,5.300000000000003,0.1,18.239360279267498
10977,90.5,2.500000000000001,5.300000000000003,0.2,18.172060991697876
10978,90.4,2.500000000000001,5.300000000000003,0.3,18.10434505451525
10979,90.3,2.500000000000001,5.300000000000003,0.4,18.036854549979935
10980,90.2,2.500000000000001,5.300000000000003,0.5,17.97021240862733
10981,90.1,2.500000000000001,5.300000000000003,0.6,17.905012991325915
10982,90.0,2.500000000000001,5.300000000000003,0.7000000000000001,17.841813546774347
10983,90.5,2.600000000000001,5.300000000000003,0.1,18.127027636026018
10984,90.4,2.600000000000001,5.300000000000003,0.2,18.059369554253088
10985,90.3,2.600000000000001,5.300000000000003,0.3,17.991793950647512
10986,90.2,2.600000000000001,5.300000000000003,0.4,17.924930219594014
10987,90.1,2.600000000000001,5.300000000000003,0.5,17.859382867929526
10988,90.00000000000001,2.600000000000001,5.300000000000003,0.6,17.795722634393897
10989,89.9,2.600000000000001,5.300000000000003,0.7000000000000001,17.73447857149131
10990,90.4,2.700000000000001,5.300000000000003,0.1,18.011941616942654
10991,90.3,2.700000000000001,5.300000000000003,0.2,17.944321980602993
10992,90.2,2.700000000000001,5.300000000000003,0.3,17.87727701480309
10993,90.1,2.700000000000001,5.300000000000003,0.4,17.811419289743053
10994,90.0,2.700000000000001,5.300000000000003,0.5,17.74733114495362
10995,89.9,2.700000000000001,5.300000000000003,0.6,17.685556404505995
10996,89.8,2.700000000000001,5.300000000000003,0.7000000000000001,17.626593127257
10997,90.3,2.800000000000001,5.300000000000003,0.1,17.89491671725992
10998,90.2,2.800000000000001,5.300000000000003,0.2,17.827721831190342
10999,90.1,2.800000000000001,5.300000000000003,0.3,17.76158245400365
11000,90.0,2.800000000000001,5.300000000000003,0.4,17.697090577153084
11001,89.9,2.800000000000001,5.300000000000003,0.5,17.634803062587505
11002,89.80000000000001,2.800000000000001,5.300000000000003,0.6,17.57523400001814
11003,89.7,2.800000000000001,5.300000000000003,0.7000000000000001,17.518848156942244
11004,90.2,2.900000000000001,5.300000000000003,0.1,17.776771496268665
11005,90.1,2.900000000000001,5.300000000000003,0.2,17.710371932688503
11006,90.0,2.900000000000001,5.300000000000003,0.3,17.64549331885387
11007,89.89999999999999,2.900000000000001,5.300000000000003,0.4,17.582703744030002
11008,89.8,2.900000000000001,5.300000000000003,0.5,17.522531754004813
11009,89.7,2.900000000000001,5.300000000000003,0.6,17.465459384120596
11010,89.6,2.900000000000001,5.300000000000003,0.7000000000000001,17.41191632768123
11011,90.1,3.0000000000000013,5.300000000000003,0.1,17.658318407171652
11012,90.0,3.0000000000000013,5.300000000000003,0.2,17.59306471216415
11013,89.9,3.0000000000000013,5.300000000000003,0.3,17.52977840242146
11014,89.8,3.0000000000000013,5.300000000000003,0.4,17.469000810415864
11015,89.7,3.0000000000000013,5.300000000000003,0.5,17.411229825025938
11016,89.60000000000001,3.0000000000000013,5.300000000000003,0.6,17.356913621262954
11017,89.5,3.0000000000000013,5.300000000000003,0.7000000000000001,17.30644555303553
11018,90.00000000000001,3.1000000000000014,5.300000000000003,0.1,17.540354208283897
11019,89.9,3.1000000000000014,5.300000000000003,0.2,17.47657318927873
11020,89.80000000000001,3.1000000000000014,5.300000000000003,0.3,17.415183860452466
11021,89.7,3.1000000000000014,5.300000000000003,0.4,17.356698437125818
11022,89.60000000000001,3.1000000000000014,5.300000000000003,0.5,17.301582321944675
11023,89.50000000000001,3.1000000000000014,5.300000000000003,0.6,17.2502485395897
11024,89.4,3.1000000000000014,5.300000000000003,0.7000000000000001,17.203053347715795
11025,89.9,3.200000000000001,5.300000000000003,0.1,17.423651121631227
11026,89.8,3.200000000000001,5.300000000000003,0.2,17.36164277390427
11027,89.7,3.200000000000001,5.300000000000003,0.3,17.302425680739823
11028,89.6,3.200000000000001,5.300000000000003,0.4,17.246481087034493
11029,89.5,3.200000000000001,5.300000000000003,0.5,17.19424059242354
11030,89.4,3.200000000000001,5.300000000000003,0.6,17.146081287075866
11031,89.3,3.200000000000001,5.300000000000003,0.7000000000000001,17.102322063238287
11032,89.80000000000001,3.3000000000000016,5.300000000000003,0.1,17.30894887606568
11033,89.7,3.3000000000000016,5.300000000000003,0.2,17.248983986393622
11034,89.60000000000001,3.3000000000000016,5.300000000000003,0.3,17.192183098608886
11035,89.5,3.3000000000000016,5.300000000000003,0.4,17.13899514137738
11036,89.4,3.3000000000000016,5.300000000000003,0.5,17.08981709617233
11037,89.30000000000001,3.3000000000000016,5.300000000000003,0.6,17.044989818821946
11038,89.2,3.3000000000000016,5.300000000000003,0.7000000000000001,17.004795023735177
11039,89.7,3.4000000000000017,5.300000000000003,0.1,17.19694774036033
11040,89.6,3.4000000000000017,5.300000000000003,0.2,17.139266185586756
11041,89.5,3.4000000000000017,5.300000000000003,0.3,17.085093023294206
11042,89.39999999999999,3.4000000000000017,5.300000000000003,0.4,17.03484401597555
11043,89.3,3.4000000000000017,5.300000000000003,0.5,16.988881191240267
11044,89.2,3.4000000000000017,5.300000000000003,0.6,16.947509323365338
11045,89.1,3.4000000000000017,5.300000000000003,0.7000000000000001,16.910973553189535
11046,89.60000000000001,3.5000000000000018,5.300000000000003,0.1,17.08830261857453
11047,89.5,3.5000000000000018,5.300000000000003,0.2,17.03311235664764
11048,89.4,3.5000000000000018,5.300000000000003,0.3,16.981745507640095
11049,89.3,3.5000000000000018,5.300000000000003,0.4,16.934584291032316
11050,89.2,3.5000000000000018,5.300000000000003,0.5,16.891955891977737
11051,89.10000000000001,3.5000000000000018,5.300000000000003,0.6,16.854129567940372
11052,89.0,3.5000000000000018,5.300000000000003,0.7000000000000001,16.82131485960516
11053,89.5,3.600000000000002,5.300000000000003,0.1,16.983618246496185
11054,89.39999999999999,3.600000000000002,5.300000000000003,0.2,16.931094978194036
11055,89.3,3.600000000000002,5.300000000000003,0.3,16.882680262208137
11056,89.19999999999999,3.600000000000002,5.300000000000003,0.4,16.83872283847941
11057,89.1,3.600000000000002,5.300000000000003,0.5,16.799515567085276
11058,89.0,3.600000000000002,5.300000000000003,0.6,16.765293117317952
11059,88.89999999999999,3.600000000000002,5.300000000000003,0.7000000000000001,16.7362307189083
11060,89.4,3.700000000000002,5.300000000000003,0.1,16.8834454953471
11061,89.3,3.700000000000002,5.300000000000003,0.2,16.833732957035124
11062,89.2,3.700000000000002,5.300000000000003,0.3,16.78838418558629
11063,89.1,3.700000000000002,5.300000000000003,0.4,16.747714903764063
11064,89.0,3.700000000000002,5.300000000000003,0.5,16.71198452157585
11065,88.9,3.700000000000002,5.300000000000003,0.6,16.68139435899552
11066,88.8,3.700000000000002,5.300000000000003,0.7000000000000001,16.656086882426507
11067,89.30000000000001,3.800000000000002,5.300000000000003,0.1,16.78827875827706
11068,89.2,3.800000000000002,5.300000000000003,0.2,16.741489590196483
11069,89.10000000000001,3.800000000000002,5.300000000000003,0.3,16.699289856415167
11070,89.0,3.800000000000002,5.300000000000003,0.4,16.66196307532419
11071,88.9,3.800000000000002,5.300000000000003,0.5,16.62973638568925
11072,88.80000000000001,3.800000000000002,5.300000000000003,0.6,16.602779249739623
11073,88.7,3.800000000000002,5.300000000000003,0.7000000000000001,16.581203117139314
11074,89.2,3.900000000000002,5.300000000000003,0.1,16.698554367453927
11075,89.1,3.900000000000002,5.300000000000003,0.2,16.65477148868615
11076,89.0,3.900000000000002,5.300000000000003,0.3,16.615774910177617
11077,88.89999999999999,3.900000000000002,5.300000000000003,0.4,16.581817055492444
11078,88.8,3.900000000000002,5.300000000000003,0.5,16.55309421739947
11079,88.7,3.900000000000002,5.300000000000003,0.6,16.52974568527589
11080,88.6,3.900000000000002,5.300000000000003,0.7000000000000001,16.511853777898352
11081,89.10000000000001,4.000000000000002,5.300000000000003,0.1,16.61464996561166
11082,89.0,4.000000000000002,5.300000000000003,0.2,16.573928376368208
11083,88.9,4.000000000000002,5.300000000000003,0.3,16.538162205758724
11084,88.8,4.000000000000002,5.300000000000003,0.4,16.507574131707592
11085,88.7,4.000000000000002,5.300000000000003,0.5,16.48233121353522
11086,88.60000000000001,4.000000000000002,5.300000000000003,0.6,16.46254438654461
11087,88.5,4.000000000000002,5.300000000000003,0.7000000000000001,16.448268805621925
11088,89.0,4.100000000000002,5.300000000000003,0.1,16.53688473639953
11089,88.89999999999999,4.100000000000002,5.300000000000003,0.2,16.499253660904
11090,88.8,4.100000000000002,5.300000000000003,0.3,16.46672067360042
11091,88.69999999999999,4.100000000000002,5.300000000000003,0.4,16.43948023699944
11092,88.6,4.100000000000002,5.300000000000003,0.5,16.417671917876774
11093,88.5,4.100000000000002,5.300000000000003,0.6,16.401380192460863
11094,88.39999999999999,4.100000000000002,5.300000000000003,0.7000000000000001,16.390635045031924
11095,88.9,4.200000000000003,5.300000000000003,0.1,16.465520383242225
11096,88.8,4.200000000000003,5.300000000000003,0.2,16.43098566233495
11097,88.7,4.200000000000003,5.300000000000003,0.3,16.40166672916578
11098,88.6,4.200000000000003,5.300000000000003,0.4,16.377731483848805
11099,88.5,4.200000000000003,5.300000000000003,0.5,16.359293812877638
11100,88.4,4.200000000000003,5.300000000000003,0.6,16.346413650401164
11101,88.3,4.200000000000003,5.300000000000003,0.7000000000000001,16.339097779577884
11102,88.80000000000001,4.3000000000000025,5.300000000000003,0.1,16.400762736919617
11103,88.7,4.3000000000000025,5.300000000000003,0.2,16.36930937864184
11104,88.60000000000001,4.3000000000000025,5.300000000000003,0.3,16.34316613240113
11105,88.5,4.3000000000000025,5.300000000000003,0.4,16.322476055597892
11106,88.4,4.3000000000000025,5.300000000000003,0.5,16.307329184665925
11107,88.30000000000001,4.3000000000000025,5.300000000000003,0.6,16.297762801358722
11108,88.2,4.3000000000000025,5.300000000000003,0.7000000000000001,16.29376238936068
11109,88.7,4.400000000000002,5.300000000000003,0.1,16.34276386774595
11110,88.6,4.400000000000002,5.300000000000003,0.2,16.314358666445152
11111,88.5,4.400000000000002,5.300000000000003,0.3,16.291336175744934
11112,88.39999999999999,4.400000000000002,5.300000000000003,0.4,16.27381634429521
11113,88.3,4.400000000000002,5.300000000000003,0.5,16.261867158303843
11114,88.2,4.400000000000002,5.300000000000003,0.6,16.255505066368467
11115,88.1,4.400000000000002,5.300000000000003,0.7000000000000001,16.25469604954903
11116,88.60000000000001,4.500000000000003,5.300000000000003,0.1,16.29162457890412
11117,88.5,4.500000000000003,5.300000000000003,0.2,16.266218718629112
11118,88.4,4.500000000000003,5.300000000000003,0.3,16.246248089595493
11119,88.3,4.500000000000003,5.300000000000003,0.4,16.231811232720943
11120,88.2,4.500000000000003,5.300000000000003,0.5,16.222955811353703
11121,88.10000000000001,4.500000000000003,5.300000000000003,0.6,16.21967915375674
11122,88.0,4.500000000000003,5.300000000000003,0.7000000000000001,16.221929401266735
11123,88.5,4.600000000000003,5.300000000000003,0.1,16.247397162812156
11124,88.39999999999999,4.600000000000003,5.300000000000003,0.2,16.224928728619343
11125,88.3,4.600000000000003,5.300000000000003,0.3,16.20792956446408
11126,88.19999999999999,4.600000000000003,5.300000000000003,0.4,16.19647843071976
11127,88.1,4.600000000000003,5.300000000000003,0.5,16.190604287912496
11128,88.0,4.600000000000003,5.300000000000003,0.6,16.19028692225733
11129,87.89999999999999,4.600000000000003,5.300000000000003,0.7000000000000001,16.195458143413646
11130,88.4,4.700000000000003,5.300000000000003,0.1,16.210088311837485
11131,88.3,4.700000000000003,5.300000000000003,0.2,16.190484642704654
11132,88.2,4.700000000000003,5.300000000000003,0.3,16.176367302613404
11133,88.1,4.700000000000003,5.300000000000003,0.4,16.16779679111257
11134,88.0,4.700000000000003,5.300000000000003,0.5,16.164784851628287
11135,87.9,4.700000000000003,5.300000000000003,0.6,16.16729515221394
11136,87.8,4.700000000000003,5.300000000000003,0.7000000000000001,16.175244511504985
11137,88.30000000000001,4.8000000000000025,5.300000000000003,0.1,16.17966208755712
11138,88.2,4.8000000000000025,5.300000000000003,0.2,16.16284191642508
11139,88.10000000000001,4.8000000000000025,5.300000000000003,0.3,16.151509528014596
11140,88.0,4.8000000000000025,5.300000000000003,0.4,16.145708547525242
11141,87.9,4.8000000000000025,5.300000000000003,0.5,16.145434833929563
11142,87.80000000000001,4.8000000000000025,5.300000000000003,0.6,16.15063719507464
11143,87.7,4.8000000000000025,5.300000000000003,0.7000000000000001,16.161218627488427
11144,88.2,4.900000000000003,5.300000000000003,0.1,16.15604286830561
11145,88.1,4.900000000000003,5.300000000000003,0.2,16.14191820781835
11146,88.0,4.900000000000003,5.300000000000003,0.3,16.133268401081462
11147,87.89999999999999,4.900000000000003,5.300000000000003,0.4,16.1301214345712
11148,87.8,4.900000000000003,5.300000000000003,0.5,16.13245845188808
11149,87.7,4.900000000000003,5.300000000000003,0.6,16.14021448928859
11150,87.6,4.900000000000003,5.300000000000003,0.7000000000000001,16.153279721761365
11151,88.10000000000001,5.000000000000004,5.300000000000003,0.1,16.139118212100374
11152,88.0,5.000000000000004,5.300000000000003,0.2,16.12759595834058
11153,87.9,5.000000000000004,5.300000000000003,0.3,16.121522302959267
11154,87.8,5.000000000000004,5.300000000000003,0.4,16.12091066905821
11155,87.7,5.000000000000004,5.300000000000003,0.5,16.125728487914422
11156,87.60000000000001,5.000000000000004,5.300000000000003,0.6,16.135897947688353
11157,87.5,5.000000000000004,5.300000000000003,0.7000000000000001,16.151297244454348
11158,88.0,5.100000000000003,5.300000000000003,0.1,16.1287415902933
11159,87.89999999999999,5.100000000000003,5.300000000000003,0.2,16.119724830655137
11160,87.8,5.100000000000003,5.300000000000003,0.3,16.116117972267226
11161,87.69999999999999,5.100000000000003,5.300000000000003,0.4,16.117920788392084
11162,87.6,5.100000000000003,5.300000000000003,0.5,16.125087840024932
11163,87.5,5.100000000000003,5.300000000000003,0.6,16.137529236703795
11164,87.39999999999999,5.100000000000003,5.300000000000003,0.7000000000000001,16.15511189675462
11165,87.9,5.200000000000003,5.300000000000003,0.1,16.124734965580018
11166,87.8,5.200000000000003,5.300000000000003,0.2,16.118123990344703
11167,87.7,5.200000000000003,5.300000000000003,0.3,16.11687249427789
11168,87.6,5.200000000000003,5.300000000000003,0.4,16.120967358323224
11169,87.5,5.200000000000003,5.300000000000003,0.5,16.130350965978195
11170,87.4,5.200000000000003,5.300000000000003,0.6,16.14492198063353
11171,87.3,5.200000000000003,5.300000000000003,0.7000000000000001,16.164536624022077
11172,87.80000000000001,5.300000000000003,5.300000000000003,0.1,16.126891205457927
11173,87.7,5.300000000000003,5.300000000000003,0.2,16.122584235136536
11174,87.60000000000001,5.300000000000003,5.300000000000003,0.3,16.12357515780407
11175,87.5,5.300000000000003,5.300000000000003,0.4,16.129838575930982
11176,87.4,5.300000000000003,5.300000000000003,0.5,16.14130525653755
11177,87.30000000000001,5.300000000000003,5.300000000000003,0.6,16.157862934159294
11178,87.2,5.300000000000003,5.300000000000003,0.7000000000000001,16.17935762025154
11179,87.7,5.400000000000004,5.300000000000003,0.1,16.134976338092716
11180,87.6,5.400000000000004,5.300000000000003,0.2,16.132869989728274
11181,87.5,5.400000000000004,5.300000000000003,0.3,16.13598920791214
11182,87.39999999999999,5.400000000000004,5.300000000000003,0.4,16.144296804701423
11183,87.3,5.400000000000004,5.300000000000003,0.5,16.15771238199568
11184,87.2,5.400000000000004,5.300000000000003,0.6,16.17611317294407
11185,87.1,5.400000000000004,5.300000000000003,0.7000000000000001,16.199335397775105
11186,87.60000000000001,5.500000000000004,5.300000000000003,0.1,16.148731671172637
11187,87.5,5.500000000000004,5.300000000000003,0.2,16.14872119617603
11188,87.4,5.500000000000004,5.300000000000003,0.3,16.153853532486448
11189,87.3,5.500000000000004,5.300000000000003,0.4,16.164080086313817
11190,87.2,5.500000000000004,5.300000000000003,0.5,16.179309661583815
11191,87.10000000000001,5.500000000000004,5.300000000000003,0.6,16.199409355292577
11192,87.0,5.500000000000004,5.300000000000003,0.7000000000000001,16.224205976866685
11193,91.5,1.5,5.400000000000004,0.1,18.9776345399911
11194,91.4,1.5,5.400000000000004,0.2,18.933428263139383
11195,91.3,1.5,5.400000000000004,0.3,18.884932116957614
11196,91.2,1.5,5.400000000000004,0.4,18.832657600173142
11197,91.1,1.5,5.400000000000004,0.5,18.7771531182032
11198,91.0,1.5,5.400000000000004,0.6,18.7189942792025
11199,90.9,1.5,5.400000000000004,0.7000000000000001,18.658773875726208
11200,91.4,1.6,5.400000000000004,0.1,18.92745262939457
11201,91.3,1.6,5.400000000000004,0.2,18.87981165108645
11202,91.2,1.6,5.400000000000004,0.3,18.82819333651425
11203,91.1,1.6,5.400000000000004,0.4,18.773138375667347
11204,91.0,1.6,5.400000000000004,0.5,18.71521899620968
11205,90.9,1.6,5.400000000000004,0.6,18.655028944616554
11206,90.8,1.6,5.400000000000004,0.7000000000000001,18.593173288017343
11207,91.3,1.7000000000000002,5.400000000000004,0.1,18.869303371689167
11208,91.2,1.7000000000000002,5.400000000000004,0.2,18.818452116161964
11209,91.1,1.7000000000000002,5.400000000000004,0.3,18.76397083611847
11210,91.0,1.7000000000000002,5.400000000000004,0.4,18.706425592872968
11211,90.9,1.7000000000000002,5.400000000000004,0.5,18.646408274728007
11212,90.8,1.7000000000000002,5.400000000000004,0.6,18.584526357450716
11213,90.7,1.7000000000000002,5.400000000000004,0.7000000000000001,18.521392623341285
11214,91.2,1.8000000000000005,5.400000000000004,0.1,18.803453116238696
11215,91.1,1.8000000000000005,5.400000000000004,0.2,18.749651660282293
11216,91.0,1.8000000000000005,5.400000000000004,0.3,18.692598862461498
11217,90.9,1.8000000000000005,5.400000000000004,0.4,18.632882000263464
11218,90.8,1.8000000000000005,5.400000000000004,0.5,18.571108202857864
11219,90.7,1.8000000000000005,5.400000000000004,0.6,18.507894088604974
11220,90.6,1.8000000000000005,5.400000000000004,0.7000000000000001,18.443855499587837
11221,91.1,1.9000000000000004,5.400000000000004,0.1,18.730252087428582
11222,91.0,1.9000000000000004,5.400000000000004,0.2,18.673792490186077
11223,90.9,1.9000000000000004,5.400000000000004,0.3,18.614487749969875
11224,90.79999999999998,1.9000000000000004,5.400000000000004,0.4,18.55294194290833
11225,90.7,1.9000000000000004,5.400000000000004,0.5,18.489772838489746
11226,90.6,1.9000000000000004,5.400000000000004,0.6,18.425601513269367
11227,90.5,1.9000000000000004,5.400000000000004,0.7000000000000001,18.361042198316184
11228,91.0,2.0000000000000004,5.400000000000004,0.1,18.65012966398658
11229,90.9,2.0000000000000004,5.400000000000004,0.2,18.591331727758426
11230,90.8,2.0000000000000004,5.400000000000004,0.3,18.530118140018438
11231,90.7,2.0000000000000004,5.400000000000004,0.4,18.46710517404122
11232,90.6,2.0000000000000004,5.400000000000004,0.5,18.40291653938722
11233,90.5,2.0000000000000004,5.400000000000004,0.6,18.338173070443556
11234,90.4,2.0000000000000004,5.400000000000004,0.7000000000000001,18.27348278148476
11235,90.9,2.1000000000000005,5.400000000000004,0.1,18.563588346569855
11236,90.8,2.1000000000000005,5.400000000000004,0.2,18.502794907891175
11237,90.7,2.1000000000000005,5.400000000000004,0.3,18.440034095080506
11238,90.6,2.1000000000000005,5.400000000000004,0.4,18.375929675069518
11239,90.5,2.1000000000000005,5.400000000000004,0.5,18.311106580219057
11240,90.4,2.1000000000000005,5.400000000000004,0.6,18.246180767801807
11241,90.3,2.1000000000000005,5.400000000000004,0.7000000000000001,18.18174957273352
11242,90.8,2.2000000000000006,5.400000000000004,0.1,18.47119656220323
11243,90.7,2.2000000000000006,5.400000000000004,0.2,18.408768424324485
11244,90.6,2.2000000000000006,5.400000000000004,0.3,18.344835277696742
11245,90.5,2.2000000000000006,5.400000000000004,0.4,18.280023660814773
11246,90.4,2.2000000000000006,5.400000000000004,0.5,18.214955076661532
11247,90.3,2.2000000000000006,5.400000000000004,0.6,18.15023611479239
11248,90.2,2.2000000000000006,5.400000000000004,0.7000000000000001,18.08644918538003
11249,90.7,2.3000000000000007,5.400000000000004,0.1,18.373580481053747
11250,90.6,2.3000000000000007,5.400000000000004,0.2,18.309891107435345
11251,90.5,2.3000000000000007,5.400000000000004,0.3,18.24516838411828
11252,90.4,2.3000000000000007,5.400000000000004,0.4,18.180036963099706
11253,90.3,2.3000000000000007,5.400000000000004,0.5,18.11511041034235
11254,90.2,2.3000000000000007,5.400000000000004,0.6,18.050981675870503
11255,90.1,2.3000000000000007,5.400000000000004,0.7000000000000001,17.98821428476156
11256,90.6,2.400000000000001,5.400000000000004,0.1,18.271415042266625
11257,90.5,2.400000000000001,5.400000000000004,0.2,18.20684513553164
11258,90.4,2.400000000000001,5.400000000000004,0.3,18.14171803634408
11259,90.29999999999998,2.400000000000001,5.400000000000004,0.4,18.076651995926593
11260,90.2,2.400000000000001,5.400000000000004,0.5,18.01224835484607
11261,90.1,2.400000000000001,5.400000000000004,0.6,17.949082438654912
11262,89.99999999999999,2.400000000000001,5.400000000000004,0.7000000000000001,17.887695272071447
11263,90.5,2.500000000000001,5.400000000000004,0.1,18.165414400551605
11264,90.4,2.500000000000001,5.400000000000004,0.2,18.100346492387715
11265,90.3,2.500000000000001,5.400000000000004,0.3,18.035197343677254
11266,90.2,2.500000000000001,5.400000000000004,0.4,17.970574509199945
11267,90.1,2.500000000000001,5.400000000000004,0.5,17.90706310315723
11268,90.0,2.500000000000001,5.400000000000004,0.6,17.84521718860625
11269,89.89999999999999,2.500000000000001,5.400000000000004,0.7000000000000001,17.785552070550015
11270,90.4,2.600000000000001,5.400000000000004,0.1,18.056322013513416
11271,90.3,2.600000000000001,5.400000000000004,0.2,17.991135188275962
11272,90.2,2.600000000000001,5.400000000000004,0.3,17.926338345755013
11273,90.1,2.600000000000001,5.400000000000004,0.4,17.86252433525336
11274,90.0,2.600000000000001,5.400000000000004,0.5,17.8002583909254
11275,89.9,2.600000000000001,5.400000000000004,0.6,17.74007007280657
11276,89.8,2.600000000000001,5.400000000000004,0.7000000000000001,17.68244618316733
11277,90.3,2.700000000000001,5.400000000000004,0.1,17.944900591235672
11278,90.2,2.700000000000001,5.400000000000004,0.2,17.879965459606993
11279,90.1,2.700000000000001,5.400000000000004,0.3,17.815882543393766
11280,89.99999999999999,2.700000000000001,5.400000000000004,0.4,17.753226323600234
11281,89.89999999999999,2.700000000000001,5.400000000000004,0.5,17.69253889816016
11282,89.8,2.700000000000001,5.400000000000004,0.6,17.634322521047974
11283,89.69999999999999,2.700000000000001,5.400000000000004,0.7000000000000001,17.579033174335663
11284,90.2,2.800000000000001,5.400000000000004,0.1,17.83192212446618
11285,90.1,2.800000000000001,5.400000000000004,0.2,17.767596153732352
11286,90.0,2.800000000000001,5.400000000000004,0.3,17.70457171189783
11287,89.89999999999999,2.800000000000001,5.400000000000004,0.4,17.643401644810098
11288,89.8,2.800000000000001,5.400000000000004,0.5,17.584602094979346
11289,89.7,2.800000000000001,5.400000000000004,0.6,17.528645673369123
11290,89.6,2.800000000000001,5.400000000000004,0.7000000000000001,17.475955707448033
11291,90.1,2.900000000000001,5.400000000000004,0.1,17.718158196270227
11292,89.99999999999999,2.900000000000001,5.400000000000004,0.2,17.654781490960676
11293,89.89999999999999,2.900000000000001,5.400000000000004,0.3,17.593139174282854
11294,89.79999999999998,2.900000000000001,5.400000000000004,0.4,17.533759624893378
11295,89.69999999999999,2.900000000000001,5.400000000000004,0.5,17.477130675589517
11296,89.6,2.900000000000001,5.400000000000004,0.6,17.423693440233837
11297,89.49999999999999,2.900000000000001,5.400000000000004,0.7000000000000001,17.373837246024678
11298,90.0,3.0000000000000013,5.400000000000004,0.1,17.604370764793227
11299,89.89999999999999,3.0000000000000013,5.400000000000004,0.2,17.54226237606575
11300,89.8,3.0000000000000013,5.400000000000004,0.3,17.482301689931436
11301,89.69999999999999,3.0000000000000013,5.400000000000004,0.4,17.42499024789251
11302,89.6,3.0000000000000013,5.400000000000004,0.5,17.370785699677104
11303,89.5,3.0000000000000013,5.400000000000004,0.6,17.3200962956685
11304,89.39999999999999,3.0000000000000013,5.400000000000004,0.7000000000000001,17.27327649993578
11305,89.9,3.1000000000000014,5.400000000000004,0.1,17.49130358257363
11306,89.8,3.1000000000000014,5.400000000000004,0.2,17.430758407377514
11307,89.7,3.1000000000000014,5.400000000000004,0.3,17.3727520884453
11308,89.6,3.1000000000000014,5.400000000000004,0.4,17.31775743750196
11309,89.5,3.1000000000000014,5.400000000000004,0.5,17.266200532837377
11310,89.4,3.1000000000000014,5.400000000000004,0.6,17.218455875893994
11311,89.3,3.1000000000000014,5.400000000000004,0.7000000000000001,17.17484267059092
11312,89.8,3.200000000000001,5.400000000000004,0.1,17.379674391604667
11313,89.69999999999999,3.200000000000001,5.400000000000004,0.2,17.320960703933473
11314,89.6,3.200000000000001,5.400000000000004,0.3,17.26515274992388
11315,89.49999999999999,3.200000000000001,5.400000000000004,0.4,17.212693199536623
11316,89.39999999999999,3.200000000000001,5.400000000000004,0.5,17.163975648645557
11317,89.3,3.200000000000001,5.400000000000004,0.6,17.11934042737932
11318,89.19999999999999,3.200000000000001,5.400000000000004,0.7000000000000001,17.07907152120001
11319,89.7,3.3000000000000016,5.400000000000004,0.1,17.27016800410687
11320,89.6,3.3000000000000016,5.400000000000004,0.2,17.213525641216872
11321,89.5,3.3000000000000016,5.400000000000004,0.3,17.160130002689133
11322,89.39999999999999,3.3000000000000016,5.400000000000004,0.4,17.110392677048686
11323,89.3,3.3000000000000016,5.400000000000004,0.5,17.06467432557953
11324,89.2,3.3000000000000016,5.400000000000004,0.6,17.023281119879776
11325,89.1,3.3000000000000016,5.400000000000004,0.7000000000000001,16.986462271250087
11326,89.6,3.4000000000000017,5.400000000000004,0.1,17.163430347873486
11327,89.49999999999999,3.4000000000000017,5.400000000000004,0.2,17.10906955485889
11328,89.39999999999999,3.4000000000000017,5.400000000000004,0.3,17.058269478727187
11329,89.29999999999998,3.4000000000000017,5.400000000000004,0.4,17.01141013997546
11330,89.19999999999999,3.4000000000000017,5.400000000000004,0.5,16.968819243319206
11331,89.1,3.4000000000000017,5.400000000000004,0.6,16.93076921293838
11332,88.99999999999999,3.4000000000000017,5.400000000000004,0.7000000000000001,16.897475289181276
11333,89.5,3.5000000000000018,5.400000000000004,0.1,17.060063523246367
11334,89.39999999999999,3.5000000000000018,5.400000000000004,0.2,17.008164440482652
11335,89.3,3.5000000000000018,5.400000000000004,0.3,16.960112436950258
11336,89.19999999999999,3.5000000000000018,5.400000000000004,0.4,16.916255902460943
11337,89.1,3.5000000000000018,5.400000000000004,0.5,16.876889955994272
11338,89.0,3.5000000000000018,5.400000000000004,0.6,16.842254039476373
11339,88.89999999999999,3.5000000000000018,5.400000000000004,0.7000000000000001,16.812530534756373
11340,89.39999999999999,3.600000000000002,5.400000000000004,0.1,16.960621887416192
11341,89.29999999999998,3.600000000000002,5.400000000000004,0.2,16.91133464772733
11342,89.19999999999999,3.600000000000002,5.400000000000004,0.3,16.866153035854463
11343,89.09999999999998,3.600000000000002,5.400000000000004,0.4,16.82539413442774
11344,88.99999999999999,3.600000000000002,5.400000000000004,0.5,16.78932119565131
11345,88.89999999999999,3.600000000000002,5.400000000000004,0.6,16.758141748313534
11346,88.79999999999998,3.600000000000002,5.400000000000004,0.7000000000000001,16.73200668354394
11347,89.3,3.700000000000002,5.400000000000004,0.1,16.865609151909563
11348,89.19999999999999,3.700000000000002,5.400000000000004,0.2,16.819054538443083
11349,89.1,3.700000000000002,5.400000000000004,0.3,16.776836511224346
11350,88.99999999999999,3.700000000000002,5.400000000000004,0.4,16.7392415104651
11351,88.89999999999999,3.700000000000002,5.400000000000004,0.5,16.706501938350947
11352,88.8,3.700000000000002,5.400000000000004,0.6,16.678794729430827
11353,88.69999999999999,3.700000000000002,5.400000000000004,0.7000000000000001,16.65624085085952
11354,89.2,3.800000000000002,5.400000000000004,0.1,16.7754764518149
11355,89.1,3.800000000000002,5.400000000000004,0.2,16.731747054005027
11356,89.0,3.800000000000002,5.400000000000004,0.3,16.69255819203835
11357,88.89999999999999,3.800000000000002,5.400000000000004,0.4,16.658166619370807
11358,88.8,3.800000000000002,5.400000000000004,0.5,16.62877514851224
11359,88.7,3.800000000000002,5.400000000000004,0.6,16.604531632033122
11360,88.6,3.800000000000002,5.400000000000004,0.7000000000000001,16.585528821837507
11361,89.1,3.900000000000002,5.400000000000004,0.1,16.690621321370205
11362,88.99999999999999,3.900000000000002,5.400000000000004,0.2,16.64978311542492
11363,88.89999999999999,3.900000000000002,5.400000000000004,0.3,16.61366326932661
11364,88.79999999999998,3.900000000000002,5.400000000000004,0.4,16.58249004229802
11365,88.69999999999999,3.900000000000002,5.400000000000004,0.5,16.556438104839383
11366,88.6,3.900000000000002,5.400000000000004,0.6,16.53562787631929
11367,88.49999999999999,3.900000000000002,5.400000000000004,0.7000000000000001,16.520125688253568
11368,89.0,4.000000000000002,5.400000000000004,0.1,16.61138749068291
11369,88.89999999999999,4.000000000000002,5.400000000000004,0.2,16.57348176303109
11370,88.8,4.000000000000002,5.400000000000004,0.3,16.540447218902063
11371,88.69999999999999,4.000000000000002,5.400000000000004,0.4,16.51248499677711
11372,88.6,4.000000000000002,5.400000000000004,0.5,16.48974320364322
11373,88.5,4.000000000000002,5.400000000000004,0.6,16.472316555451734
11374,88.39999999999999,4.000000000000002,5.400000000000004,0.7000000000000001,16.460246791300882
11375,88.89999999999999,4.100000000000002,5.400000000000004,0.1,16.538065403087085
11376,88.79999999999998,4.100000000000002,5.400000000000004,0.2,16.50311093033996
11377,88.69999999999999,4.100000000000002,5.400000000000004,0.3,16.47315676991035
11378,88.59999999999998,4.100000000000002,5.400000000000004,0.4,16.448378438070684
11379,88.49999999999999,4.100000000000002,5.400000000000004,0.5,16.428899132654376
11380,88.39999999999999,4.100000000000002,5.400000000000004,0.6,16.414789624472643
11381,88.29999999999998,4.100000000000002,5.400000000000004,0.7000000000000001,16.406068872571005
11382,88.8,4.200000000000003,5.400000000000004,0.1,16.470893342278877
11383,88.69999999999999,4.200000000000003,5.400000000000004,0.2,16.438888739550503
11384,88.6,4.200000000000003,5.400000000000004,0.3,16.41199130709991
11385,88.49999999999999,4.200000000000003,5.400000000000004,0.4,16.39035250833954
11386,88.39999999999999,4.200000000000003,5.400000000000004,0.5,16.37407231036603
11387,88.3,4.200000000000003,5.400000000000004,0.6,16.363199277582627
11388,88.19999999999999,4.200000000000003,5.400000000000004,0.7000000000000001,16.3577313426452
11389,88.7,4.3000000000000025,5.400000000000004,0.1,16.41005905301248
11390,88.6,4.3000000000000025,5.400000000000004,0.2,16.380985203845636
11391,88.5,4.3000000000000025,5.400000000000004,0.3,16.357104595476518
11392,88.39999999999999,4.3000000000000025,5.400000000000004,0.4,16.33854622771267
11393,88.3,4.3000000000000025,5.400000000000004,0.5,16.32538849220366
11394,88.2,4.3000000000000025,5.400000000000004,0.6,16.317659423846653
11395,88.1,4.3000000000000025,5.400000000000004,0.7000000000000001,16.31533758744733
11396,88.6,4.400000000000002,5.400000000000004,0.1,16.355701738691597
11397,88.49999999999999,4.400000000000002,5.400000000000004,0.2,16.329524224174133
11398,88.39999999999999,4.400000000000002,5.400000000000004,0.3,16.308606721260876
11399,88.29999999999998,4.400000000000002,5.400000000000004,0.4,16.293057329151637
11400,88.19999999999999,4.400000000000002,5.400000000000004,0.5,16.28293445489174
11401,88.1,4.400000000000002,5.400000000000004,0.6,16.278247183435116
11402,87.99999999999999,4.400000000000002,5.400000000000004,0.7000000000000001,16.278956246189605
11403,88.5,4.500000000000003,5.400000000000004,0.1,16.307914323363754
11404,88.39999999999999,4.500000000000003,5.400000000000004,0.2,16.284585775018893
11405,88.3,4.500000000000003,5.400000000000004,0.3,16.26656615232516
11406,88.19999999999999,4.500000000000003,5.400000000000004,0.4,16.253944150402834
11407,88.1,4.500000000000003,5.400000000000004,0.5,16.24675968362209
11408,88.0,4.500000000000003,5.400000000000004,0.6,16.24500434123227
11409,87.89999999999999,4.500000000000003,5.400000000000004,0.7000000000000001,16.248622410594557
11410,88.39999999999999,4.600000000000003,5.400000000000004,0.1,16.26674587395266
11411,88.29999999999998,4.600000000000003,5.400000000000004,0.2,16.246208184277624
11412,88.19999999999999,4.600000000000003,5.400000000000004,0.3,16.231011833908063
11413,88.09999999999998,4.600000000000003,5.400000000000004,0.4,16.22122751063542
11414,87.99999999999999,4.600000000000003,5.400000000000004,0.5,16.216878002264295
11415,87.89999999999999,4.600000000000003,5.400000000000004,0.6,16.217938711244663
11416,87.79999999999998,4.600000000000003,5.400000000000004,0.7000000000000001,16.22433871226714
11417,88.3,4.700000000000003,5.400000000000004,0.1,16.232204090431022
11418,88.19999999999999,4.700000000000003,5.400000000000004,0.2,16.214390426098863
11419,88.1,4.700000000000003,5.400000000000004,0.3,16.20193525064446
11420,87.99999999999999,4.700000000000003,5.400000000000004,0.4,16.1948925157646
11421,87.89999999999999,4.700000000000003,5.400000000000004,0.5,16.193269104055457
11422,87.8,4.700000000000003,5.400000000000004,0.6,16.197025382857223
11423,87.69999999999999,4.700000000000003,5.400000000000004,0.7000000000000001,16.206076282750487
11424,88.2,4.8000000000000025,5.400000000000004,0.1,16.2042577863051
11425,88.1,4.8000000000000025,5.400000000000004,0.2,16.189094361536643
11426,88.0,4.8000000000000025,5.400000000000004,0.3,16.17929240295948
11427,87.89999999999999,4.8000000000000025,5.400000000000004,0.4,16.174890254094468
11428,87.8,4.8000000000000025,5.400000000000004,0.5,16.17587995808534
11429,87.7,4.8000000000000025,5.400000000000004,0.6,16.182207837736133
11430,87.6,4.8000000000000025,5.400000000000004,0.7000000000000001,16.193775588064405
11431,88.1,4.900000000000003,5.400000000000004,0.1,16.18283929843068
11432,87.99999999999999,4.900000000000003,5.400000000000004,0.2,16.17024687935297
11433,87.89999999999999,4.900000000000003,5.400000000000004,0.3,16.16300566378776
11434,87.79999999999998,4.900000000000003,5.400000000000004,0.4,16.16113936189579
11435,87.69999999999999,4.900000000000003,5.400000000000004,0.5,16.164626084575744
11436,87.6,4.900000000000003,5.400000000000004,0.6,16.173398943208376
11437,87.49999999999999,4.900000000000003,5.400000000000004,0.7000000000000001,16.187347155575704
11438,88.0,5.000000000000004,5.400000000000004,0.1,16.167846782935563
11439,87.89999999999999,5.000000000000004,5.400000000000004,0.2,16.157741907322706
11440,87.8,5.000000000000004,5.400000000000004,0.3,16.152965499502162
11441,87.69999999999999,5.000000000000004,5.400000000000004,0.4,16.15352745599203
11442,87.6,5.000000000000004,5.400000000000004,0.5,16.159392708598755
11443,87.5,5.000000000000004,5.400000000000004,0.6,16.170481843461157
11444,87.39999999999999,5.000000000000004,5.400000000000004,0.7000000000000001,16.186672225141884
11445,87.89999999999999,5.100000000000003,5.400000000000004,0.1,16.159146372005395
11446,87.79999999999998,5.100000000000003,5.400000000000004,0.2,16.151442282107638
11447,87.69999999999999,5.100000000000003,5.400000000000004,0.3,16.149032056021767
11448,87.59999999999998,5.100000000000003,5.400000000000004,0.4,16.15191244654776
11449,87.49999999999999,5.100000000000003,5.400000000000004,0.5,16.16003581672346
11450,87.39999999999999,5.100000000000003,5.400000000000004,0.6,16.17331078319633
11451,87.29999999999998,5.100000000000003,5.400000000000004,0.7000000000000001,16.191603367973272
11452,87.8,5.200000000000003,5.400000000000004,0.1,16.15657418364455
11453,87.69999999999999,5.200000000000003,5.400000000000004,0.2,16.15118148234203
11454,87.6,5.200000000000003,5.400000000000004,0.3,16.151036626536765
11455,87.49999999999999,5.200000000000003,5.400000000000004,0.4,16.156123757312976
11456,87.39999999999999,5.200000000000003,5.400000000000004,0.5,16.16638315346749
11457,87.3,5.200000000000003,5.400000000000004,0.6,16.181711908866756
11458,87.19999999999999,5.200000000000003,5.400000000000004,0.7000000000000001,16.201965125079468
11459,87.7,5.300000000000003,5.400000000000004,0.1,16.159938192465344
11460,87.6,5.300000000000003,5.400000000000004,0.2,16.156765244273743
11461,87.5,5.300000000000003,5.400000000000004,0.3,16.15878303046137
11462,87.39999999999999,5.300000000000003,5.400000000000004,0.4,16.16596349197161
11463,87.3,5.300000000000003,5.400000000000004,0.5,16.178235203836998
11464,87.2,5.300000000000003,5.400000000000004,0.6,16.195484099880723
11465,87.1,5.300000000000003,5.400000000000004,0.7000000000000001,16.217554722167463
11466,87.6,5.400000000000004,5.400000000000004,0.1,16.169019983397696
11467,87.49999999999999,5.400000000000004,5.400000000000004,0.2,16.167973091510376
11468,87.39999999999999,5.400000000000004,5.400000000000004,0.3,16.172048943561222
11469,87.29999999999998,5.400000000000004,5.400000000000004,0.4,16.1812075935138
11470,87.19999999999999,5.400000000000004,5.400000000000004,0.5,16.195366214301266
11471,87.1,5.400000000000004,5.400000000000004,0.6,16.214399885920226
11472,86.99999999999999,5.400000000000004,5.400000000000004,0.7000000000000001,16.23814291927495
11473,87.5,5.500000000000004,5.400000000000004,0.1,16.183576421385578
11474,87.39999999999999,5.500000000000004,5.400000000000004,0.2,16.18455981964835
11475,87.3,5.500000000000004,5.400000000000004,0.3,16.190587226306256
11476,87.19999999999999,5.500000000000004,5.400000000000004,0.4,16.201607048403353
11477,87.1,5.500000000000004,5.400000000000004,0.5,16.21752530706921
11478,87.0,5.500000000000004,5.400000000000004,0.6,16.238206506684985
11479,86.89999999999999,5.500000000000004,5.400000000000004,0.7000000000000001,16.26347505126065
11480,91.4,1.5,5.500000000000004,0.1,18.899171637585887
11481,91.3,1.5,5.500000000000004,0.2,18.854465870050387
11482,91.2,1.5,5.500000000000004,0.3,18.80589201231907
11483,91.1,1.5,5.500000000000004,0.4,18.753959504046914
11484,91.0,1.5,5.500000000000004,0.5,18.699208694882437
11485,90.9,1.5,5.500000000000004,0.6,18.642201375674773
11486,90.8,1.5,5.500000000000004,0.7000000000000001,18.583511121833443
11487,91.3,1.6,5.500000000000004,0.1,18.84751742824611
11488,91.2,1.6,5.500000000000004,0.2,18.7996778872201
11489,91.1,1.6,5.500000000000004,0.3,18.74828768661764
11490,91.0,1.6,5.500000000000004,0.4,18.69388141215949
11491,90.9,1.6,5.500000000000004,0.5,18.63701924630367
11492,90.8,1.6,5.500000000000004,0.6,18.578277269169266
11493,90.7,1.6,5.500000000000004,0.7000000000000001,18.518237701364534
11494,91.2,1.7000000000000002,5.500000000000004,0.1,18.788379976371722
11495,91.1,1.7000000000000002,5.500000000000004,0.2,18.737640377734188
11496,91.0,1.7000000000000002,5.500000000000004,0.3,18.683698458981
11497,90.9,1.7000000000000002,5.500000000000004,0.4,18.627110116367223
11498,90.8,1.7000000000000002,5.500000000000004,0.5,18.568451258970413
11499,90.7,1.7000000000000002,5.500000000000004,0.6,18.50830797094459
11500,90.6,1.7000000000000002,5.500000000000004,0.7000000000000001,18.44726674642779
11501,91.1,1.8000000000000005,5.500000000000004,0.1,18.72204787460737
11502,91.0,1.8000000000000005,5.500000000000004,0.2,18.668673487680596
11503,90.9,1.8000000000000005,5.500000000000004,0.3,18.612472544843964
11504,90.8,1.8000000000000005,5.500000000000004,0.4,18.55401814841378
11505,90.7,1.8000000000000005,5.500000000000004,0.5,18.49389763491113
11506,90.6,1.8000000000000005,5.500000000000004,0.6,18.432702692129112
11507,90.5,1.8000000000000005,5.500000000000004,0.7000000000000001,18.371019678459554
11508,91.0,1.9000000000000004,5.500000000000004,0.1,18.64888670381099
11509,90.9,1.9000000000000004,5.500000000000004,0.2,18.59317053804742
11510,90.8,1.9000000000000004,5.500000000000004,0.3,18.535027147539058
11511,90.7,1.9000000000000004,5.500000000000004,0.4,18.475042540021335
11512,90.6,1.9000000000000004,5.500000000000004,0.5,18.413811063098
11513,90.5,1.9000000000000004,5.500000000000004,0.6,18.35192556957666
11514,90.4,1.9000000000000004,5.500000000000004,0.7000000000000001,18.289967911412212
11515,90.9,2.0000000000000004,5.500000000000004,0.1,18.569333946774417
11516,90.8,2.0000000000000004,5.500000000000004,0.2,18.511592460186787
11517,90.7,2.0000000000000004,5.500000000000004,0.3,18.451842494432306
11518,90.6,2.0000000000000004,5.500000000000004,0.4,18.39067854259701
11519,90.5,2.0000000000000004,5.500000000000004,0.5,18.32869750774796
11520,90.4,2.0000000000000004,5.500000000000004,0.6,18.266489008063775
11521,90.3,2.0000000000000004,5.500000000000004,0.7000000000000001,18.204626131634676
11522,90.8,2.1000000000000005,5.500000000000004,0.1,18.483892745865443
11523,90.7,2.1000000000000005,5.500000000000004,0.2,18.4244611768607
11524,90.6,2.1000000000000005,5.500000000000004,0.3,18.36345492650108
11525,90.5,2.1000000000000005,5.500000000000004,0.4,18.301472512438075
11526,90.4,2.1000000000000005,5.500000000000004,0.5,18.23910897634136
11527,90.3,2.1000000000000005,5.500000000000004,0.6,18.176946416577042
11528,90.2,2.1000000000000005,5.500000000000004,0.7000000000000001,18.11554508443258
11529,90.7,2.2000000000000006,5.500000000000004,0.1,18.39312465979752
11530,90.6,2.2000000000000006,5.500000000000004,0.2,18.332352093320257
11531,90.5,2.2000000000000006,5.500000000000004,0.3,18.270449212633025
11532,90.4,2.2000000000000006,5.500000000000004,0.4,18.208014137065668
11533,90.3,2.2000000000000006,5.500000000000004,0.5,18.1456357448638
11534,90.2,2.2000000000000006,5.500000000000004,0.6,18.083884515648972
11535,90.1,2.2000000000000006,5.500000000000004,0.7000000000000001,18.023304041403573
11536,90.6,2.3000000000000007,5.500000000000004,0.1,18.297641597019318
11537,90.5,2.3000000000000007,5.500000000000004,0.2,18.235885881760996
11538,90.4,2.3000000000000007,5.500000000000004,0.3,18.173450275313364
11539,90.3,2.3000000000000007,5.500000000000004,0.4,18.11092819016474
11540,90.2,2.3000000000000007,5.500000000000004,0.5,18.048898226106964
11541,90.1,2.3000000000000007,5.500000000000004,0.6,17.987915397601913
11542,90.0,2.3000000000000007,5.500000000000004,0.7000000000000001,17.928503124262306
11543,90.5,2.400000000000001,5.500000000000004,0.1,18.19809711975809
11544,90.4,2.400000000000001,5.500000000000004,0.2,18.135719755461984
11545,90.3,2.400000000000001,5.500000000000004,0.3,18.07311452373819
11546,90.2,2.400000000000001,5.500000000000004,0.4,18.01086600842622
11547,90.1,2.400000000000001,5.500000000000004,0.5,17.949538669239992
11548,90.0,2.400000000000001,5.500000000000004,0.6,17.889668520660425
11549,89.89999999999999,2.400000000000001,5.500000000000004,0.7000000000000001,17.83175565691246
11550,90.4,2.500000000000001,5.500000000000004,0.1,18.09517732308919
11551,90.3,2.500000000000001,5.500000000000004,0.2,18.032538435628297
11552,90.2,2.500000000000001,5.500000000000004,0.3,17.970120993540387
11553,90.1,2.500000000000001,5.500000000000004,0.4,17.90849688330332
11554,90.0,2.500000000000001,5.500000000000004,0.5,17.84821287533298
11555,89.9,2.500000000000001,5.500000000000004,0.6,17.7897828113533
11556,89.8,2.500000000000001,5.500000000000004,0.7000000000000001,17.733680708262145
11557,90.3,2.600000000000001,5.500000000000004,0.1,17.989591497318465
11558,90.2,2.600000000000001,5.500000000000004,0.2,17.927045014319365
11559,90.1,2.600000000000001,5.500000000000004,0.3,17.865162489275686
11560,90.0,2.600000000000001,5.500000000000004,0.4,17.804499554459916
11561,89.9,2.600000000000001,5.500000000000004,0.5,17.74558210434174
11562,89.80000000000001,2.600000000000001,5.500000000000004,0.6,17.688899037820807
11563,89.7,2.600000000000001,5.500000000000004,0.7000000000000001,17.634895974174896
11564,90.2,2.700000000000001,5.500000000000004,0.1,17.882062779466757
11565,90.1,2.700000000000001,5.500000000000004,0.2,17.81995191099954
11566,90.0,2.700000000000001,5.500000000000004,0.3,17.758936916848274
11567,89.89999999999999,2.700000000000001,5.500000000000004,0.4,17.699553979873443
11568,89.8,2.700000000000001,5.500000000000004,0.5,17.642305334722135
11569,89.7,2.700000000000001,5.500000000000004,0.6,17.587652600127914
11570,89.6,2.700000000000001,5.500000000000004,0.7000000000000001,17.536011128642926
11571,90.1,2.800000000000001,5.500000000000004,0.1,17.773318990985672
11572,90.0,2.800000000000001,5.500000000000004,0.2,17.711972108558108
11573,89.9,2.800000000000001,5.500000000000004,0.3,17.652138978628805
11574,89.8,2.800000000000001,5.500000000000004,0.4,17.5943335407291
11575,89.7,2.800000000000001,5.500000000000004,0.5,17.539032017984127
11576,89.60000000000001,2.800000000000001,5.500000000000004,0.6,17.48666686318941
11577,89.5,2.800000000000001,5.500000000000004,0.7000000000000001,17.437621752542942
11578,90.0,2.900000000000001,5.500000000000004,0.1,17.66408384448079
11579,89.89999999999999,2.900000000000001,5.500000000000004,0.2,17.60381083768333
11580,89.8,2.900000000000001,5.500000000000004,0.3,17.545452384798825
11581,89.69999999999999,2.900000000000001,5.500000000000004,0.4,17.489497818146894
11582,89.6,2.900000000000001,5.500000000000004,0.5,17.436395447931346
11583,89.5,2.900000000000001,5.500000000000004,0.6,17.386547134295544
11584,89.39999999999999,2.900000000000001,5.500000000000004,0.7000000000000001,17.340303924086264
11585,89.9,3.0000000000000013,5.500000000000004,0.1,17.555068682836332
11586,89.8,3.0000000000000013,5.500000000000004,0.2,17.496157856994213
11587,89.7,3.0000000000000013,5.500000000000004,0.3,17.439542711267578
11588,89.6,3.0000000000000013,5.500000000000004,0.4,17.38568605430566
11589,89.5,3.0000000000000013,5.500000000000004,0.5,17.335006838989866
11590,89.4,3.0000000000000013,5.500000000000004,0.6,17.287875361447213
11591,89.3,3.0000000000000013,5.500000000000004,0.7000000000000001,17.244609529276886
11592,89.80000000000001,3.1000000000000014,5.500000000000004,0.1,17.4469648905612
11593,89.7,3.1000000000000014,5.500000000000004,0.2,17.38968045123229
11594,89.60000000000001,3.1000000000000014,5.500000000000004,0.3,17.335051008304596
11595,89.5,3.1000000000000014,5.500000000000004,0.4,17.28351138365549
11596,89.4,3.1000000000000014,5.500000000000004,0.5,17.23545018091919
11597,89.30000000000001,3.1000000000000014,5.500000000000004,0.6,17.1912056017838
11598,89.2,3.1000000000000014,5.500000000000004,0.7000000000000001,17.151062324351088
11599,89.7,3.200000000000001,5.500000000000004,0.1,17.34043709037307
11600,89.6,3.200000000000001,5.500000000000004,0.2,17.285017242106736
11601,89.5,3.200000000000001,5.500000000000004,0.3,17.23258823585267
11602,89.39999999999999,3.200000000000001,5.500000000000004,0.4,17.183555891696564
11603,89.3,3.200000000000001,5.500000000000004,0.5,17.13827790937377
11604,89.2,3.200000000000001,5.500000000000004,0.6,17.097060282350252
11605,89.1,3.200000000000001,5.500000000000004,0.7000000000000001,17.060154756295994
11606,89.60000000000001,3.3000000000000016,5.500000000000004,0.1,17.23611720906546
11607,89.5,3.3000000000000016,5.500000000000004,0.2,17.18277287714638
11608,89.4,3.3000000000000016,5.500000000000004,0.3,17.132730572414367
11609,89.3,3.3000000000000016,5.500000000000004,0.4,17.086366530321712
11610,89.2,3.3000000000000016,5.500000000000004,0.5,17.044007404290785
11611,89.10000000000001,3.3000000000000016,5.500000000000004,0.6,17.005927249313753
11612,89.0,3.3000000000000016,5.500000000000004,0.7000000000000001,16.972345523091725
11613,89.5,3.4000000000000017,5.500000000000004,0.1,17.134599466666465
11614,89.39999999999999,3.4000000000000017,5.500000000000004,0.2,17.08351363224564
11615,89.3,3.4000000000000017,5.500000000000004,0.3,17.036015615528186
11616,89.19999999999999,3.4000000000000017,5.500000000000004,0.4,16.992451891025652
11617,89.1,3.4000000000000017,5.500000000000004,0.5,16.953118301929464
11618,89.0,3.4000000000000017,5.500000000000004,0.6,16.918257577452838
11619,88.89999999999999,3.4000000000000017,5.500000000000004,0.7000000000000001,16.888057833171874
11620,89.4,3.5000000000000018,5.500000000000004,0.1,17.03643631290888
11621,89.3,3.5000000000000018,5.500000000000004,0.2,16.98776393458403
11622,89.2,3.5000000000000018,5.500000000000004,0.3,16.942939464211552
11623,89.1,3.5000000000000018,5.500000000000004,0.4,16.902279811366547
11624,89.0,3.5000000000000018,5.500000000000004,0.5,16.866050582502496
11625,88.9,3.5000000000000018,5.500000000000004,0.6,16.83446409015329
11626,88.8,3.5000000000000018,5.500000000000004,0.7000000000000001,16.807678304514106
11627,89.3,3.600000000000002,5.500000000000004,0.1,16.94213530616195
11628,89.19999999999999,3.600000000000002,5.500000000000004,0.2,16.896003785273447
11629,89.1,3.600000000000002,5.500000000000004,0.3,16.853954648310726
11630,88.99999999999999,3.600000000000002,5.500000000000004,0.4,16.8162757668172
11631,88.89999999999999,3.600000000000002,5.500000000000004,0.5,16.783203374530974
11632,88.8,3.600000000000002,5.500000000000004,0.6,16.754920521972103
11633,88.69999999999999,3.600000000000002,5.500000000000004,0.7000000000000001,16.731556428376575
11634,89.2,3.700000000000002,5.500000000000004,0.1,16.852156903218173
11635,89.1,3.700000000000002,5.500000000000004,0.2,16.80866703637158
11636,89.0,3.700000000000002,5.500000000000004,0.3,16.769468847310872
11637,88.89999999999999,3.700000000000002,5.500000000000004,0.4,16.734821980322785
11638,88.8,3.700000000000002,5.500000000000004,0.5,16.704934399983756
11639,88.7,3.700000000000002,5.500000000000004,0.6,16.67996124163513
11640,88.6,3.700000000000002,5.500000000000004,0.7000000000000001,16.660004511442015
11641,89.10000000000001,3.800000000000002,5.500000000000004,0.1,16.766913104561613
11642,89.0,3.800000000000002,5.500000000000004,0.2,16.72614045558553
11643,88.9,3.800000000000002,5.500000000000004,0.3,16.68984432252148
11644,88.8,3.800000000000002,5.500000000000004,0.4,16.658257166088514
11645,88.7,3.800000000000002,5.500000000000004,0.5,16.631559971422213
11646,88.60000000000001,3.800000000000002,5.500000000000004,0.6,16.609881443498903
11647,88.5,3.800000000000002,5.500000000000004,0.7000000000000001,16.593298003291476
11648,89.0,3.900000000000002,5.500000000000004,0.1,16.686766879698496
11649,88.89999999999999,3.900000000000002,5.500000000000004,0.2,16.648763494711066
11650,88.8,3.900000000000002,5.500000000000004,0.3,16.615397972193133
11651,88.69999999999999,3.900000000000002,5.500000000000004,0.4,16.58687681277373
11652,88.6,3.900000000000002,5.500000000000004,0.5,16.563355444071338
11653,88.5,3.900000000000002,5.500000000000004,0.6,16.544937710227458
11654,88.39999999999999,3.900000000000002,5.500000000000004,0.7000000000000001,16.53167611378845
11655,88.9,4.000000000000002,5.500000000000004,0.1,16.612032281365096
11656,88.8,4.000000000000002,5.500000000000004,0.2,16.576828665060983
11657,88.7,4.000000000000002,5.500000000000004,0.3,16.546401909379924
11658,88.6,4.000000000000002,5.500000000000004,0.4,16.52093390459529
11659,88.5,4.000000000000002,5.500000000000004,0.5,16.500556022089317
11660,88.4,4.000000000000002,5.500000000000004,0.6,16.485348848712174
11661,88.3,4.000000000000002,5.500000000000004,0.7000000000000001,16.475342627004437
11662,88.8,4.100000000000002,5.500000000000004,0.1,16.542975146312955
11663,88.69999999999999,4.100000000000002,5.500000000000004,0.2,16.510582415088273
11664,88.6,4.100000000000002,5.500000000000004,0.3,16.483084457382013
11665,88.49999999999999,4.100000000000002,5.500000000000004,0.4,16.460639976871434
11666,88.39999999999999,4.100000000000002,5.500000000000004,0.5,16.443357819229035
11667,88.3,4.100000000000002,5.500000000000004,0.6,16.431296904908557
11668,88.19999999999999,4.100000000000002,5.500000000000004,0.7000000000000001,16.424466824471697
11669,88.7,4.200000000000003,5.500000000000004,0.1,16.479814274079146
11670,88.6,4.200000000000003,5.500000000000004,0.2,16.450226402164454
11671,88.5,4.200000000000003,5.500000000000004,0.3,16.425631457328578
11672,88.39999999999999,4.200000000000003,5.500000000000004,0.4,16.40616640510318
11673,88.3,4.200000000000003,5.500000000000004,0.5,16.391919079307375
11674,88.2,4.200000000000003,5.500000000000004,0.6,16.382928270912547
11675,88.1,4.200000000000003,5.500000000000004,0.7000000000000001,16.379184440353068
11676,88.60000000000001,4.3000000000000025,5.500000000000004,0.1,16.42272297365171
11677,88.5,4.3000000000000025,5.500000000000004,0.2,16.395919051890004
11678,88.4,4.3000000000000025,5.500000000000004,0.3,16.37418778664578
11679,88.3,4.3000000000000025,5.500000000000004,0.4,16.357645833444742
11680,88.2,4.3000000000000025,5.500000000000004,0.5,16.346361470979147
11681,88.10000000000001,4.3000000000000025,5.500000000000004,0.6,16.340354808723486
11682,88.0,4.3000000000000025,5.500000000000004,0.7000000000000001,16.33959858397298
11683,88.5,4.400000000000002,5.500000000000004,0.1,16.3718308710172
11684,88.39999999999999,4.400000000000002,5.500000000000004,0.2,16.34777730406818
11685,88.3,4.400000000000002,5.500000000000004,0.3,16.32885899537534
11686,88.19999999999999,4.400000000000002,5.500000000000004,0.4,16.315173658846103
11687,88.1,4.400000000000002,5.500000000000004,0.5,16.306771383660777
11688,88.0,4.400000000000002,5.500000000000004,0.6,16.30365492908249
11689,87.89999999999999,4.400000000000002,5.500000000000004,0.7000000000000001,16.30578058034267
11690,88.4,4.500000000000003,5.500000000000004,0.1,16.327225877828116
11691,88.3,4.500000000000003,5.500000000000004,0.2,16.305878454071646
11692,88.2,4.500000000000003,5.500000000000004,0.3,16.289712978987637
11693,88.1,4.500000000000003,5.500000000000004,0.4,16.278809500606144
11694,88.0,4.500000000000003,5.500000000000004,0.5,16.273201166349807
11695,87.9,4.500000000000003,5.500000000000004,0.6,16.272874579768814
11696,87.8,4.500000000000003,5.500000000000004,0.7000000000000001,16.277770696035976
11697,88.3,4.600000000000003,5.500000000000004,0.1,16.2889562322964
11698,88.19999999999999,4.600000000000003,5.500000000000004,0.2,16.27026201113727
11699,88.1,4.600000000000003,5.500000000000004,0.3,16.256781620765643
11700,87.99999999999999,4.600000000000003,5.500000000000004,0.4,16.248578600795057
11701,87.89999999999999,4.600000000000003,5.500000000000004,0.5,16.245670267736767
11702,87.8,4.600000000000003,5.500000000000004,0.6,16.24802811495095
11703,87.69999999999999,4.600000000000003,5.500000000000004,0.7000000000000001,16.255578735182546
11704,88.2,4.700000000000003,5.500000000000004,0.1,16.257032537217782
11705,88.1,4.700000000000003,5.500000000000004,0.2,16.240931510389522
11706,88.0,4.700000000000003,5.500000000000004,0.3,16.230062353223506
11707,87.89999999999999,4.700000000000003,5.500000000000004,0.4,16.22447311815445
11708,87.8,4.700000000000003,5.500000000000004,0.5,16.224166253549736
11709,87.7,4.700000000000003,5.500000000000004,0.6,16.229099034760004
11710,87.6,4.700000000000003,5.500000000000004,0.7000000000000001,16.239184507586174
11711,88.10000000000001,4.8000000000000025,5.500000000000004,0.1,16.231429735976498
11712,88.0,4.8000000000000025,5.500000000000004,0.2,16.217856232289932
11713,87.9,4.8000000000000025,5.500000000000004,0.3,16.209519605511364
11714,87.8,4.8000000000000025,5.500000000000004,0.4,16.20645329579346
11715,87.7,4.8000000000000025,5.500000000000004,0.5,16.20864569463893
11716,87.60000000000001,4.8000000000000025,5.500000000000004,0.6,16.216040601323666
11717,87.5,4.8000000000000025,5.500000000000004,0.7000000000000001,16.228538187217907
11718,88.0,4.900000000000003,5.500000000000004,0.1,16.21208898462461
11719,87.89999999999999,4.900000000000003,5.500000000000004,0.2,16.200972800872435
11720,87.8,4.900000000000003,5.500000000000004,0.3,16.19508612147117
11721,87.69999999999999,4.900000000000003,5.500000000000004,0.4,16.19444850040208
11722,87.6,4.900000000000003,5.500000000000004,0.5,16.19903493605311
11723,87.5,4.900000000000003,5.500000000000004,0.6,16.20877635325946
11724,87.39999999999999,4.900000000000003,5.500000000000004,0.7000000000000001,16.223560593813637
11725,87.9,5.000000000000004,5.500000000000004,0.1,16.19891939580591
11726,87.8,5.000000000000004,5.500000000000004,0.2,16.19018664968271
11727,87.7,5.000000000000004,5.500000000000004,0.3,16.18666415009292
11728,87.6,5.000000000000004,5.500000000000004,0.4,16.18835814697254
11729,87.5,5.000000000000004,5.500000000000004,0.5,16.19523077249711
11730,87.4,5.000000000000004,5.500000000000004,0.6,16.207200554345214
11731,87.3,5.000000000000004,5.500000000000004,0.7000000000000001,16.22414344235909
11732,87.8,5.100000000000003,5.500000000000004,0.1,16.19179964754697
11733,87.69999999999999,5.100000000000003,5.500000000000004,0.2,16.18537336096171
11734,87.6,5.100000000000003,5.500000000000004,0.3,16.18412652577956
11735,87.49999999999999,5.100000000000003,5.500000000000004,0.4,16.188052537407764
11736,87.39999999999999,5.100000000000003,5.500000000000004,0.5,16.197101068402265
11737,87.3,5.100000000000003,5.500000000000004,0.6,16.211178623145905
11738,87.19999999999999,5.100000000000003,5.500000000000004,0.7000000000000001,16.230149614333644
11739,87.7,5.200000000000003,5.500000000000004,0.1,16.190579465965367
11740,87.6,5.200000000000003,5.500000000000004,0.2,16.186379898539364
11741,87.5,5.200000000000003,5.500000000000004,0.3,16.187317669356347
11742,87.39999999999999,5.200000000000003,5.500000000000004,0.4,16.19337365326266
11743,87.3,5.200000000000003,5.500000000000004,0.5,16.204485370825353
11744,87.2,5.200000000000003,5.500000000000004,0.6,16.22054759829996
11745,87.1,5.200000000000003,5.500000000000004,0.7000000000000001,16.241413510320744
11746,87.60000000000001,5.300000000000003,5.500000000000004,0.1,16.19508100503206
11747,87.5,5.300000000000003,5.500000000000004,0.2,16.193025767478638
11748,87.4,5.300000000000003,5.500000000000004,0.3,16.196054551572768
11749,87.3,5.300000000000003,5.500000000000004,0.4,16.204135951706437
11750,87.2,5.300000000000003,5.500000000000004,0.5,16.217195570102096
11751,87.10000000000001,5.300000000000003,5.500000000000004,0.6,16.23511669863444
11752,87.0,5.300000000000003,5.500000000000004,0.7000000000000001,16.257741545754698
11753,87.5,5.400000000000004,5.500000000000004,0.1,16.20510015807209
11754,87.39999999999999,5.400000000000004,5.500000000000004,0.2,16.205104143209418
11755,87.3,5.400000000000004,5.500000000000004,0.3,16.210127668503297
11756,87.19999999999999,5.400000000000004,5.500000000000004,0.4,16.2201272192645
11757,87.1,5.400000000000004,5.500000000000004,0.5,16.23501666636787
11758,87.0,5.400000000000004,5.500000000000004,0.6,16.254668038136916
11759,86.89999999999999,5.400000000000004,5.500000000000004,0.7000000000000001,16.278912850111485
11760,87.4,5.500000000000004,5.500000000000004,0.1,16.220407844236686
11761,87.3,5.500000000000004,5.500000000000004,0.2,16.22238301934473
11762,87.2,5.500000000000004,5.500000000000004,0.3,16.22930208247994
11763,87.1,5.500000000000004,5.500000000000004,0.4,16.24110953981896
11764,87.0,5.500000000000004,5.500000000000004,0.5,16.257707699643607
11765,86.9,5.500000000000004,5.500000000000004,0.6,16.278957553085878
11766,86.8,5.500000000000004,5.500000000000004,0.7000000000000001,16.304680224888425
11767,92.9,3.0,2.5,0.1,19.362261194253012
11768,92.7,3.0,2.5,0.3,19.302929901063685
11769,92.5,3.0,2.5,0.5,19.212450438091697
11770,91.9,3.0,3.5,0.1,19.041047925566573
11771,91.7,3.0,3.5,0.3,18.888898913453488
11772,91.5,3.0,3.5,0.5,18.716918603305132
11773,91.9,4.0,2.5,0.1,18.188838095533026
11774,91.7,4.0,2.5,0.3,18.035419372831623
11775,91.5,4.0,2.5,0.5,17.874041317788688
11776,90.9,4.0,3.5,0.1,17.442569217874574
11777,90.7,4.0,3.5,0.3,17.26600895430677
11778,90.5,4.0,3.5,0.5,17.100636965085393
11779,90.9,5.0,2.5,0.1,16.848525133033892
11780,90.7,5.0,2.5,0.3,16.715450501744336
11781,90.5,5.0,2.5,0.5,16.60006718246202
11782,89.9,5.0,3.5,0.1,16.218492157021686
11783,89.7,5.0,3.5,0.3,16.12257292459265
11784,89.5,5.0,3.5,0.5,16.054299532130514
11785,86.8,5.5,5.5,0.7,16.304680224888425
11786,86.9,5.5,5.4,0.7,16.263475051260645
11787,86.9,5.5,5.5,0.6,16.278957553085878
11788,92.5,2.5,3.4,0.1,19.624266253030793
11789,92.6,2.5,3.3,0.1,19.651093026064185
11790,92.4,2.5,3.4,0.2,19.58544584795838
11791,92.4,1.5,4.5,0.1,19.596677207743028
11792,92.2,1.5,4.7,0.1,19.48462714294708
11793,92.4,1.5,4.4,0.2,19.62435922680521
